#group,false,false,true,true,false,true,true,true,true,false,false,false,false,false,false,false,false,false,false,false
#datatype,string,long,dateTime:RFC3339,dateTime:RFC3339,dateTime:RFC3339,string,string,string,string,double,double,double,double,double,double,double,double,double,double,double
#default,mean,,,,,,,,,,,,,,,,,,,
,result,table,_start,_stop,_time,_measurement,host,location,room,accel_x,accel_y,accel_z,gyro_x,gyro_y,gyro_z,humidity,is_moving,light,mic,temperature
,,0,2025-12-04T00:00:00Z,2025-12-04T06:40:00Z,2025-12-04T00:00:23.988Z,corso_IoT,ESP_LEOPIZZI,Lecce,Stanza,-0.010000000000000004,0.044285714285714296,1.0257142857142856,1.2771428571428571,2.3600000000000003,0.282857142857143,76.7,14.285714285714286,0,10.857142857142858,17.900000000000002
,,0,2025-12-04T00:00:00Z,2025-12-04T06:40:00Z,2025-12-04T00:01:30.655Z,corso_IoT,ESP_LEOPIZZI,Lecce,Stanza,-0.0012727272727272728,0.035636363636363654,1.016545454545455,0.3112727272727273,0.11818181818181817,0.014545454545454544,76.45818181818188,0,0,3.036363636363636,17.927272727272715
,,0,2025-12-04T00:00:00Z,2025-12-04T06:40:00Z,2025-12-04T00:02:37.322Z,corso_IoT,ESP_LEOPIZZI,Lecce,Stanza,-0.010000000000000007,0.038181818181818206,1.0180519480519485,0.31000000000000016,0.11194805194805199,0.04233766233766235,76.22597402597397,0,0,6.3896103896103895,17.992207792207793
,,0,2025-12-04T00:00:00Z,2025-12-04T06:40:00Z,2025-12-04T00:03:43.989Z,corso_IoT,ESP_LEOPIZZI,Lecce,Stanza,-0.012916666666666674,0.03833333333333336,1.0191666666666674,0.3558333333333332,0.106875,0.04229166666666667,76.01458333333333,0,0,9.104166666666666,18.004166666666666
,,0,2025-12-04T00:00:00Z,2025-12-04T06:40:00Z,2025-12-04T00:04:50.656Z,corso_IoT,ESP_LEOPIZZI,Lecce,Stanza,-0.014200000000000008,0.03760000000000002,1.0184000000000006,0.33759999999999984,0.1598,0.0434,75.75999999999995,0,0,9.12,18.06600000000001
,,0,2025-12-04T00:00:00Z,2025-12-04T06:40:00Z,2025-12-04T00:05:57.323Z,corso_IoT,ESP_LEOPIZZI,Lecce,Stanza,-0.022340425531914898,0.035744680851063845,1.0182978723404261,0.4172340425531916,0.33872340425531916,0.15319148936170213,75.55319148936168,1.0638297872340425,0,9.042553191489361,18.100000000000012
,,0,2025-12-04T00:00:00Z,2025-12-04T06:40:00Z,2025-12-04T00:07:03.99Z,corso_IoT,ESP_LEOPIZZI,Lecce,Stanza,-0.1312499999999999,0.042031250000000006,1.0296875000000008,0.3148437500000001,0.09484374999999998,0.06203125000000001,75.44062499999998,0,0,9.078125,18.1
,,0,2025-12-04T00:00:00Z,2025-12-04T06:40:00Z,2025-12-04T00:08:10.657Z,corso_IoT,ESP_LEOPIZZI,Lecce,Stanza,-0.13934210526315793,0.04578947368421049,1.0327631578947376,0.33828947368421036,0.10684210526315789,0.03052631578947367,75.30131578947366,0,0,9.460526315789474,18.15526315789476
,,0,2025-12-04T00:00:00Z,2025-12-04T06:40:00Z,2025-12-04T00:09:17.324Z,corso_IoT,ESP_LEOPIZZI,Lecce,Stanza,-0.14033333333333328,0.04733333333333333,1.034166666666667,0.3485,0.07600000000000004,0.03316666666666667,75.14166666666665,0,0,9.2,18.20000000000002
,,0,2025-12-04T00:00:00Z,2025-12-04T06:40:00Z,2025-12-04T00:10:23.991Z,corso_IoT,ESP_LEOPIZZI,Lecce,Stanza,-0.14098765432098775,0.048641975308641915,1.0340740740740748,0.3493827160493829,0.052962962962962955,0.023827160493827167,75.02469135802465,0,0,7.111111111111111,18.200000000000024
,,0,2025-12-04T00:00:00Z,2025-12-04T06:40:00Z,2025-12-04T00:11:30.658Z,corso_IoT,ESP_LEOPIZZI,Lecce,Stanza,-0.14240506329113933,0.04924050632911385,1.034683544303798,0.3413924050632911,0.055822784810126584,0.018734177215189877,74.87974683544309,0,0,9.291139240506329,18.22025316455697
,,0,2025-12-04T00:00:00Z,2025-12-04T06:40:00Z,2025-12-04T00:12:37.325Z,corso_IoT,ESP_LEOPIZZI,Lecce,Stanza,-0.14500000000000018,0.04999999999999995,1.0358571428571433,0.36071428571428565,0.10342857142857141,0.014000000000000018,74.78285714285717,0,0,8.471428571428572,18.319999999999997
,,0,2025-12-04T00:00:00Z,2025-12-04T06:40:00Z,2025-12-04T00:13:43.992Z,corso_IoT,ESP_LEOPIZZI,Lecce,Stanza,-0.14826666666666685,0.0502666666666666,1.0358666666666674,0.3341333333333334,0.07933333333333335,0.01733333333333333,74.65199999999994,0,0,5.986666666666666,18.36933333333334
,,0,2025-12-04T00:00:00Z,2025-12-04T06:40:00Z,2025-12-04T00:14:50.659Z,corso_IoT,ESP_LEOPIZZI,Lecce,Stanza,-0.1473076923076924,0.05038461538461537,1.0369230769230766,0.3248076923076923,0.05096153846153847,0.01807692307692308,74.43269230769236,0,0,3.923076923076923,18.399999999999984
,,0,2025-12-04T00:00:00Z,2025-12-04T06:40:00Z,2025-12-04T00:15:57.326Z,corso_IoT,ESP_LEOPIZZI,Lecce,Stanza,-0.14760000000000018,0.05066666666666662,1.0380000000000005,0.36533333333333334,0.05466666666666666,0.009466666666666668,74.26399999999995,0,0,6.706666666666667,18.400000000000013
,,0,2025-12-04T00:00:00Z,2025-12-04T06:40:00Z,2025-12-04T00:17:03.993Z,corso_IoT,ESP_LEOPIZZI,Lecce,Stanza,-0.14946666666666686,0.05159999999999995,1.037466666666667,0.33000000000000007,0.0368,0.0015999999999999999,74.1999999999999,0,0,8.546666666666667,18.400000000000013
,,0,2025-12-04T00:00:00Z,2025-12-04T06:40:00Z,2025-12-04T00:18:10.66Z,corso_IoT,ESP_LEOPIZZI,Lecce,Stanza,-0.1495833333333335,0.0519444444444444,1.0387500000000003,0.37458333333333327,-0.004722222222222219,-0.009722222222222222,74.1277777777778,0,0,9.11111111111111,18.40000000000001
,,0,2025-12-04T00:00:00Z,2025-12-04T06:40:00Z,2025-12-04T00:19:17.327Z,corso_IoT,ESP_LEOPIZZI,Lecce,Stanza,-0.14962962962962975,0.052407407407407416,1.0381481481481478,0.3650000000000001,0.05296296296296297,0.01370370370370371,74.07777777777773,0,0,9.333333333333334,18.399999999999984
,,0,2025-12-04T00:00:00Z,2025-12-04T06:40:00Z,2025-12-04T00:20:23.994Z,corso_IoT,ESP_LEOPIZZI,Lecce,Stanza,-0.15013513513513535,0.05162162162162157,1.0397297297297299,0.32527027027027017,0.07243243243243244,-0.02432432432432432,73.87027027027038,0,0,8.945945945945946,18.428378378378376
,,0,2025-12-04T00:00:00Z,2025-12-04T06:40:00Z,2025-12-04T00:21:30.661Z,corso_IoT,ESP_LEOPIZZI,Lecce,Stanza,-0.14964285714285727,0.05160714285714283,1.0387499999999996,0.3498214285714286,0.051250000000000004,-0.033928571428571426,73.7767857142857,0,0,8.803571428571429,18.48035714285714
,,0,2025-12-04T00:00:00Z,2025-12-04T06:40:00Z,2025-12-04T00:22:37.328Z,corso_IoT,ESP_LEOPIZZI,Lecce,Stanza,-0.1500000000000002,0.052258064516128994,1.0404838709677413,0.36629032258064526,0.03838709677419353,-0.0030645161290322543,73.78064516129035,0,0,8.983870967741936,18.5
,,0,2025-12-04T00:00:00Z,2025-12-04T06:40:00Z,2025-12-04T00:23:43.995Z,corso_IoT,ESP_LEOPIZZI,Lecce,Stanza,-0.15000000000000008,0.051578947368421085,1.0399999999999996,0.34,-0.01078947368421052,0.009473684210526316,73.60789473684206,0,0,8.921052631578947,18.5
,,0,2025-12-04T00:00:00Z,2025-12-04T06:40:00Z,2025-12-04T00:24:50.662Z,corso_IoT,ESP_LEOPIZZI,Lecce,Stanza,-0.1501250000000002,0.05237499999999996,1.0402500000000006,0.3278749999999999,0.015750000000000004,-0.00925,73.55624999999996,0,0,9.0625,18.5
,,0,2025-12-04T00:00:00Z,2025-12-04T06:40:00Z,2025-12-04T00:25:57.329Z,corso_IoT,ESP_LEOPIZZI,Lecce,Stanza,-0.15070422535211286,0.052112676056337986,1.0402816901408451,0.34042253521126764,0.02929577464788732,-0.012816901408450704,73.51267605633802,0,0,8.619718309859154,18.51971830985915
,,0,2025-12-04T00:00:00Z,2025-12-04T06:40:00Z,2025-12-04T00:27:03.996Z,corso_IoT,ESP_LEOPIZZI,Lecce,Stanza,-0.15090909090909108,0.05151515151515148,1.0398484848484848,0.32439393939393935,-0.021060606060606064,-0.012727272727272719,73.41363636363636,0,0,9.348484848484848,18.595454545454544
,,0,2025-12-04T00:00:00Z,2025-12-04T06:40:00Z,2025-12-04T00:28:10.663Z,corso_IoT,ESP_LEOPIZZI,Lecce,Stanza,-0.15177419354838725,0.053225806451612886,1.04016129032258,0.3406451612903225,-0.020483870967741933,-0.0033870967741935474,73.39677419354841,0,0,9.596774193548388,18.600000000000005
,,0,2025-12-04T00:00:00Z,2025-12-04T06:40:00Z,2025-12-04T00:29:17.33Z,corso_IoT,ESP_LEOPIZZI,Lecce,Stanza,-0.1507142857142858,0.052142857142857164,1.0409523809523804,0.32571428571428573,-0.026904761904761907,0.0033333333333333344,73.26428571428566,0,0,9.071428571428571,18.600000000000016
,,0,2025-12-04T00:00:00Z,2025-12-04T06:40:00Z,2025-12-04T00:30:23.997Z,corso_IoT,ESP_LEOPIZZI,Lecce,Stanza,-0.15108108108108115,0.05135135135135138,1.0381081081081078,0.3943243243243243,-0.010270270270270252,-0.0662162162162162,73.05945945945946,0,0,8.216216216216216,18.600000000000012
,,0,2025-12-04T00:00:00Z,2025-12-04T06:40:00Z,2025-12-04T00:31:30.664Z,corso_IoT,ESP_LEOPIZZI,Lecce,Stanza,-0.15220588235294136,0.05264705882352937,1.0408823529411766,0.3325,-0.031176470588235288,-0.03852941176470586,73,0,0,6.588235294117647,18.599999999999994
,,0,2025-12-04T00:00:00Z,2025-12-04T06:40:00Z,2025-12-04T00:32:37.331Z,corso_IoT,ESP_LEOPIZZI,Lecce,Stanza,-0.15114754098360672,0.052459016393442595,1.0404918032786878,0.3621311475409835,0.012295081967213115,-0.017868852459016402,72.93606557377053,0,0,6.639344262295082,18.600000000000005
,,0,2025-12-04T00:00:00Z,2025-12-04T06:40:00Z,2025-12-04T00:33:43.998Z,corso_IoT,ESP_LEOPIZZI,Lecce,Stanza,-0.15120000000000014,0.052199999999999996,1.0419999999999994,0.34099999999999997,0.0048000000000000065,-0.0452,72.96400000000003,0,0,9.3,18.600000000000016
,,0,2025-12-04T00:00:00Z,2025-12-04T06:40:00Z,2025-12-04T00:34:50.665Z,corso_IoT,ESP_LEOPIZZI,Lecce,Stanza,-0.153939393939394,0.05303030303030306,1.0409090909090906,0.2454545454545455,-0.04242424242424243,-0.09484848484848482,72.76363636363635,0,0,9.484848484848484,18.600000000000012
,,0,2025-12-04T00:00:00Z,2025-12-04T06:40:00Z,2025-12-04T00:35:57.332Z,corso_IoT,ESP_LEOPIZZI,Lecce,Stanza,-0.1521818181818183,0.05218181818181817,1.0405454545454538,0.37327272727272703,-0.07981818181818183,-0.036545454545454534,72.70909090909086,0,0,8.89090909090909,18.600000000000016
,,0,2025-12-04T00:00:00Z,2025-12-04T06:40:00Z,2025-12-04T00:37:03.999Z,corso_IoT,ESP_LEOPIZZI,Lecce,Stanza,0.057656250000000006,0.1203125000000001,1.0743750000000014,0.14234375000000002,0.44843749999999993,-0.12406249999999999,72.75937500000008,36.71875,0,8.0625,18.6
,,0,2025-12-04T00:00:00Z,2025-12-04T06:40:00Z,2025-12-04T00:38:10.666Z,corso_IoT,ESP_LEOPIZZI,Lecce,Stanza,0.13523809523809519,0.15357142857142866,1.0950000000000009,0.3814285714285714,-0.0430952380952381,-0.0023809523809523786,72.73095238095233,50,0,8.142857142857142,18.600000000000016
,,0,2025-12-04T00:00:00Z,2025-12-04T06:40:00Z,2025-12-04T00:39:17.333Z,corso_IoT,ESP_LEOPIZZI,Lecce,Stanza,0.13685714285714284,0.15428571428571433,1.092571428571429,0.37771428571428567,-0.09028571428571427,0.0065714285714285735,72.68285714285715,50,0,8.17142857142857,18.600000000000012
,,0,2025-12-04T00:00:00Z,2025-12-04T06:40:00Z,2025-12-04T00:40:24Z,corso_IoT,ESP_LEOPIZZI,Lecce,Stanza,0.13843137254901952,0.15450980392156874,1.0943137254901973,0.29235294117647065,-0.12333333333333334,-0.017843137254901952,72.59999999999995,50,0,8.980392156862745,18.600000000000016
,,0,2025-12-04T00:00:00Z,2025-12-04T06:40:00Z,2025-12-04T00:41:30.667Z,corso_IoT,ESP_LEOPIZZI,Lecce,Stanza,0.1380434782608695,0.1541304347826088,1.093478260869566,0.3560869565217391,-0.135,-0.025869565217391303,72.52391304347827,50,0,9.195652173913043,18.600000000000016
,,0,2025-12-04T00:00:00Z,2025-12-04T06:40:00Z,2025-12-04T00:42:37.334Z,corso_IoT,ESP_LEOPIZZI,Lecce,Stanza,0.1383098591549296,0.155492957746479,1.0943661971830991,0.3585915492957745,-0.04845070422535212,-0.024225352112676058,72.5,50,0,5.845070422535211,18.59999999999999
,,0,2025-12-04T00:00:00Z,2025-12-04T06:40:00Z,2025-12-04T00:43:44.001Z,corso_IoT,ESP_LEOPIZZI,Lecce,Stanza,0.13921052631578945,0.15421052631578955,1.0950000000000006,0.2626315789473684,-0.07210526315789478,-0.07,72.52894736842103,50,0,8.473684210526315,18.600000000000012
,,0,2025-12-04T00:00:00Z,2025-12-04T06:40:00Z,2025-12-04T00:44:50.668Z,corso_IoT,ESP_LEOPIZZI,Lecce,Stanza,0.13914285714285715,0.1531428571428572,1.0942857142857148,0.34257142857142864,-0.12085714285714287,-0.03428571428571429,72.5,50,0,8.342857142857143,18.600000000000012
,,0,2025-12-04T00:00:00Z,2025-12-04T06:40:00Z,2025-12-04T00:45:57.335Z,corso_IoT,ESP_LEOPIZZI,Lecce,Stanza,0.1393827160493828,0.15530864197530883,1.094444444444445,0.3212345679012346,-0.08296296296296295,-0.03469135802469136,72.5,50,0,9.654320987654321,18.599999999999984
,,0,2025-12-04T00:00:00Z,2025-12-04T06:40:00Z,2025-12-04T00:47:04.002Z,corso_IoT,ESP_LEOPIZZI,Lecce,Stanza,0.13999999999999993,0.15372549019607856,1.0947058823529423,0.3378431372549019,-0.1601960784313726,-0.05098039215686273,72.42941176470593,50,0,8.764705882352942,18.600000000000016
,,0,2025-12-04T00:00:00Z,2025-12-04T06:40:00Z,2025-12-04T00:48:10.669Z,corso_IoT,ESP_LEOPIZZI,Lecce,Stanza,0.13872727272727262,0.15472727272727282,1.0940000000000012,0.33,-0.07181818181818181,-0.028909090909090916,72.41272727272734,50,0,8.963636363636363,18.600000000000016
,,0,2025-12-04T00:00:00Z,2025-12-04T06:40:00Z,2025-12-04T00:49:17.336Z,corso_IoT,ESP_LEOPIZZI,Lecce,Stanza,0.13921052631578948,0.15421052631578952,1.0939473684210532,0.3431578947368421,-0.09894736842105263,-0.048421052631578955,72.43684210526321,50,0,8.68421052631579,18.592105263157908
,,0,2025-12-04T00:00:00Z,2025-12-04T06:40:00Z,2025-12-04T00:50:24.003Z,corso_IoT,ESP_LEOPIZZI,Lecce,Stanza,0.1400000000000001,0.154,1.0944000000000003,0.36760000000000015,-0.047599999999999996,-0.052800000000000014,72.36800000000002,50,0,5.88,18.60000000000001
,,0,2025-12-04T00:00:00Z,2025-12-04T06:40:00Z,2025-12-04T00:51:30.67Z,corso_IoT,ESP_LEOPIZZI,Lecce,Stanza,0.14048780487804874,0.15512195121951228,1.0934146341463422,0.3814634146341464,-0.03146341463414634,-0.03390243902439024,72.30487804878052,50,0,2.8292682926829267,18.600000000000016
,,0,2025-12-04T00:00:00Z,2025-12-04T06:40:00Z,2025-12-04T00:52:37.337Z,corso_IoT,ESP_LEOPIZZI,Lecce,Stanza,0.14000000000000007,0.15558441558441574,1.0944155844155854,0.3541558441558442,-0.12025974025974026,-0.036493506493506495,72.3000000000001,50,0,9.116883116883116,18.599999999999987
,,0,2025-12-04T00:00:00Z,2025-12-04T06:40:00Z,2025-12-04T00:53:44.004Z,corso_IoT,ESP_LEOPIZZI,Lecce,Stanza,0.14050632911392413,0.15455696202531663,1.094810126582279,0.35721518987341777,-0.08594936708860755,-0.053164556962025294,72.30379746835452,50,0,4.417721518987341,18.596202531645556
,,0,2025-12-04T00:00:00Z,2025-12-04T06:40:00Z,2025-12-04T00:54:50.671Z,corso_IoT,ESP_LEOPIZZI,Lecce,Stanza,0.1406349206349206,0.1547619047619049,1.094603174603176,0.3287301587301588,-0.0876190476190476,-0.07492063492063493,72.30000000000008,50,0,8.476190476190476,18.6
,,0,2025-12-04T00:00:00Z,2025-12-04T06:40:00Z,2025-12-04T00:55:57.338Z,corso_IoT,ESP_LEOPIZZI,Lecce,Stanza,0.13727272727272727,0.15386363636363645,1.0938636363636374,0.3479545454545455,-0.1225,-0.1065909090909091,72.30000000000005,48.86363636363637,0,8.954545454545455,18.600000000000016
,,0,2025-12-04T00:00:00Z,2025-12-04T06:40:00Z,2025-12-04T00:57:04.005Z,corso_IoT,ESP_LEOPIZZI,Lecce,Stanza,0.11580645161290333,0.15903225806451624,1.0912903225806467,0.30629032258064526,-0.08161290322580651,-0.09274193548387095,72.30000000000008,48.38709677419355,0,9.096774193548388,18.600000000000005
,,0,2025-12-04T00:00:00Z,2025-12-04T06:40:00Z,2025-12-04T00:58:10.672Z,corso_IoT,ESP_LEOPIZZI,Lecce,Stanza,0.1160000000000001,0.15692307692307705,1.0903076923076938,0.3550769230769232,-0.0716923076923077,-0.04507692307692308,72.30000000000008,49.23076923076923,0,9,18.6
,,0,2025-12-04T00:00:00Z,2025-12-04T06:40:00Z,2025-12-04T00:59:17.339Z,corso_IoT,ESP_LEOPIZZI,Lecce,Stanza,0.11472972972972978,0.15810810810810824,1.0905405405405413,0.38229729729729717,-0.09202702702702706,-0.062027027027027025,72.24864864864858,47.2972972972973,0,4.77027027027027,18.599999999999987
,,0,2025-12-04T00:00:00Z,2025-12-04T06:40:00Z,2025-12-04T01:00:24.006Z,corso_IoT,ESP_LEOPIZZI,Lecce,Stanza,0.11562500000000005,0.15812500000000004,1.0893750000000002,0.31218750000000006,-0.065,-0.04406249999999999,72.24999999999999,48.4375,0,3.90625,18.600000000000012
,,0,2025-12-04T00:00:00Z,2025-12-04T06:40:00Z,2025-12-04T01:01:30.673Z,corso_IoT,ESP_LEOPIZZI,Lecce,Stanza,0.11486486486486487,0.15864864864864875,1.091351351351352,0.32675675675675675,-0.09351351351351353,-0.05405405405405406,72.1378378378378,50,0,3.72972972972973,18.600000000000012
,,0,2025-12-04T00:00:00Z,2025-12-04T06:40:00Z,2025-12-04T01:02:37.34Z,corso_IoT,ESP_LEOPIZZI,Lecce,Stanza,0.1150666666666667,0.1570666666666668,1.0896000000000017,0.3217333333333332,-0.09853333333333335,-0.06133333333333333,72.10399999999993,48,0,8.76,18.599999999999987
,,0,2025-12-04T00:00:00Z,2025-12-04T06:40:00Z,2025-12-04T01:03:44.007Z,corso_IoT,ESP_LEOPIZZI,Lecce,Stanza,0.11580246913580246,0.15802469135802483,1.0887654320987668,0.36839506172839503,-0.12419753086419758,-0.033456790123456794,72.11604938271611,46.91358024691358,0,8.45679012345679,18.599999999999984
,,0,2025-12-04T00:00:00Z,2025-12-04T06:40:00Z,2025-12-04T01:04:50.674Z,corso_IoT,ESP_LEOPIZZI,Lecce,Stanza,0.11493975903614456,0.15698795180722905,1.0889156626506038,0.3303614457831325,-0.1257831325301205,-0.0832530120481928,72.05662650602414,47.59036144578313,0,6.048192771084337,18.59999999999998
,,0,2025-12-04T00:00:00Z,2025-12-04T06:40:00Z,2025-12-04T01:05:57.341Z,corso_IoT,ESP_LEOPIZZI,Lecce,Stanza,0.11415584415584422,0.1567532467532469,1.0892207792207809,0.3118181818181818,-0.08558441558441557,-0.087012987012987,72.07012987012993,46.753246753246756,0,9.38961038961039,18.599999999999987
,,0,2025-12-04T00:00:00Z,2025-12-04T06:40:00Z,2025-12-04T01:07:04.008Z,corso_IoT,ESP_LEOPIZZI,Lecce,Stanza,0.11352941176470599,0.15779411764705895,1.0897058823529424,0.27617647058823525,-0.12147058823529411,-0.10573529411764708,72.03382352941178,47.794117647058826,0,8.955882352941176,18.599999999999994
,,0,2025-12-04T00:00:00Z,2025-12-04T06:40:00Z,2025-12-04T01:08:10.675Z,corso_IoT,ESP_LEOPIZZI,Lecce,Stanza,0.11513888888888896,0.15750000000000014,1.0890277777777788,0.3640277777777779,-0.0843055555555556,-0.05999999999999998,72,45.833333333333336,0,7.5,18.59999999999999
,,0,2025-12-04T00:00:00Z,2025-12-04T06:40:00Z,2025-12-04T01:09:17.342Z,corso_IoT,ESP_LEOPIZZI,Lecce,Stanza,0.1156756756756757,0.15810810810810816,1.0886486486486493,0.31594594594594605,-0.10432432432432431,-0.07945945945945948,72,45.945945945945944,0,5.243243243243243,18.600000000000012
,,0,2025-12-04T00:00:00Z,2025-12-04T06:40:00Z,2025-12-04T01:10:24.009Z,corso_IoT,ESP_LEOPIZZI,Lecce,Stanza,0.11337500000000003,0.15675000000000017,1.0896250000000012,0.3131249999999999,-0.09,-0.09287500000000001,71.94624999999989,47.5,0,9.075,18.599999999999984
,,0,2025-12-04T00:00:00Z,2025-12-04T06:40:00Z,2025-12-04T01:11:30.676Z,corso_IoT,ESP_LEOPIZZI,Lecce,Stanza,0.019354838709677403,0.153225806451613,1.084032258064516,0.3903225806451613,-0.370483870967742,0.019999999999999993,71.95161290322586,45.16129032258065,0,6.048387096774194,18.600000000000005
,,0,2025-12-04T00:00:00Z,2025-12-04T06:40:00Z,2025-12-04T01:12:37.343Z,corso_IoT,ESP_LEOPIZZI,Lecce,Stanza,-0.208301886792453,0.1515094339622643,1.099245283018869,0.30075471698113215,-0.12339622641509437,-0.08584905660377358,72.0056603773585,50,0,3.018867924528302,18.600000000000016
,,0,2025-12-04T00:00:00Z,2025-12-04T06:40:00Z,2025-12-04T01:13:44.01Z,corso_IoT,ESP_LEOPIZZI,Lecce,Stanza,-0.2107692307692308,0.15076923076923082,1.09948717948718,0.34769230769230774,-0.07179487179487179,-0.10564102564102565,72,50,0,8.512820512820513,18.600000000000016
,,0,2025-12-04T00:00:00Z,2025-12-04T06:40:00Z,2025-12-04T01:14:50.677Z,corso_IoT,ESP_LEOPIZZI,Lecce,Stanza,-0.21254545454545476,0.15181818181818196,1.1007272727272734,0.34490909090909083,-0.1210909090909091,-0.09636363636363635,71.95636363636368,50,0,5.545454545454546,18.674545454545473
,,0,2025-12-04T00:00:00Z,2025-12-04T06:40:00Z,2025-12-04T01:15:57.344Z,corso_IoT,ESP_LEOPIZZI,Lecce,Stanza,-0.21206896551724178,0.1514942528735634,1.100919540229884,0.3302298850574713,-0.0898850574712644,-0.1247126436781609,71.88965517241375,50,0,6.2988505747126435,18.686206896551752
,,0,2025-12-04T00:00:00Z,2025-12-04T06:40:00Z,2025-12-04T01:17:04.011Z,corso_IoT,ESP_LEOPIZZI,Lecce,Stanza,-0.21369230769230801,0.15107692307692325,1.0996923076923082,0.3467692307692307,-0.10384615384615387,-0.09430769230769233,71.82615384615394,50,0,8.153846153846153,18.686153846153864
,,0,2025-12-04T00:00:00Z,2025-12-04T06:40:00Z,2025-12-04T01:18:10.678Z,corso_IoT,ESP_LEOPIZZI,Lecce,Stanza,-0.21451612903225833,0.15064516129032274,1.1004838709677425,0.3198387096774194,-0.13677419354838707,-0.08838709677419353,71.80000000000008,50,0,8.870967741935484,18.688709677419375
,,0,2025-12-04T00:00:00Z,2025-12-04T06:40:00Z,2025-12-04T01:19:17.345Z,corso_IoT,ESP_LEOPIZZI,Lecce,Stanza,-0.2171014492753626,0.15101449275362336,1.1014492753623188,0.3328985507246376,-0.13028985507246377,-0.09811594202898552,71.8000000000001,50,0,6.72463768115942,18.684057971014518
,,0,2025-12-04T00:00:00Z,2025-12-04T06:40:00Z,2025-12-04T01:20:24.012Z,corso_IoT,ESP_LEOPIZZI,Lecce,Stanza,-0.2175510204081634,0.15081632653061236,1.101020408163266,0.36755102040816323,-0.15163265306122453,-0.07428571428571429,71.80000000000007,50,0,7.469387755102041,18.683673469387774
,,0,2025-12-04T00:00:00Z,2025-12-04T06:40:00Z,2025-12-04T01:21:30.679Z,corso_IoT,ESP_LEOPIZZI,Lecce,Stanza,-0.2172222222222224,0.1514814814814816,1.1003703703703713,0.33055555555555566,-0.13092592592592592,-0.13296296296296295,71.80000000000007,50,0,10.166666666666666,18.69074074074076
,,0,2025-12-04T00:00:00Z,2025-12-04T06:40:00Z,2025-12-04T01:22:37.346Z,corso_IoT,ESP_LEOPIZZI,Lecce,Stanza,-0.2175609756097561,0.15121951219512203,1.099512195121952,0.3526829268292684,-0.07195121951219513,-0.09390243902439024,71.64878048780484,50,0,8.292682926829269,18.68048780487806
,,0,2025-12-04T00:00:00Z,2025-12-04T06:40:00Z,2025-12-04T01:23:44.013Z,corso_IoT,ESP_LEOPIZZI,Lecce,Stanza,-0.21830985915492984,0.15098591549295792,1.099718309859155,0.31183098591549274,-0.11225352112676054,-0.08549295774647887,71.62816901408446,50,0,3.323943661971831,18.659154929577486
,,0,2025-12-04T00:00:00Z,2025-12-04T06:40:00Z,2025-12-04T01:24:50.68Z,corso_IoT,ESP_LEOPIZZI,Lecce,Stanza,-0.21833333333333346,0.1510416666666668,1.100833333333334,0.3222916666666668,-0.12041666666666666,-0.11937500000000001,71.68541666666663,50,0,7.333333333333333,18.69375000000002
,,0,2025-12-04T00:00:00Z,2025-12-04T06:40:00Z,2025-12-04T01:25:57.347Z,corso_IoT,ESP_LEOPIZZI,Lecce,Stanza,-0.21917808219178106,0.15095890410958923,1.1006849315068494,0.3424657534246576,-0.1613698630136986,-0.1276712328767123,71.55753424657533,50,0,8.780821917808218,18.69589041095892
,,0,2025-12-04T00:00:00Z,2025-12-04T06:40:00Z,2025-12-04T01:27:04.014Z,corso_IoT,ESP_LEOPIZZI,Lecce,Stanza,-0.21964912280701773,0.15035087719298262,1.1010526315789482,0.3440350877192983,-0.12894736842105267,-0.11070175438596487,71.5,50,0,4.578947368421052,18.687719298245632
,,0,2025-12-04T00:00:00Z,2025-12-04T06:40:00Z,2025-12-04T01:28:10.681Z,corso_IoT,ESP_LEOPIZZI,Lecce,Stanza,-0.21909090909090914,0.1500000000000001,1.1011363636363642,0.3320454545454546,-0.15113636363636365,-0.1488636363636364,71.54999999999995,50,0,10.090909090909092,18.65227272727274
,,0,2025-12-04T00:00:00Z,2025-12-04T06:40:00Z,2025-12-04T01:29:17.348Z,corso_IoT,ESP_LEOPIZZI,Lecce,Stanza,-0.2196226415094341,0.1516981132075473,1.099622641509435,0.36150943396226415,-0.22113207547169814,-0.07415094339622642,71.53773584905659,50,0,5.849056603773585,18.694339622641525
,,0,2025-12-04T00:00:00Z,2025-12-04T06:40:00Z,2025-12-04T01:30:24.015Z,corso_IoT,ESP_LEOPIZZI,Lecce,Stanza,-0.21928571428571456,0.15057142857142877,1.099857142857143,0.35200000000000004,-0.13885714285714287,-0.11114285714285714,71.50999999999999,50,0,5.057142857142857,18.695714285714313
,,0,2025-12-04T00:00:00Z,2025-12-04T06:40:00Z,2025-12-04T01:31:30.682Z,corso_IoT,ESP_LEOPIZZI,Lecce,Stanza,-0.2198611111111114,0.15152777777777796,1.099444444444445,0.30375,-0.15638888888888883,-0.11319444444444443,71.5,50,0,5.527777777777778,18.687500000000018
,,0,2025-12-04T00:00:00Z,2025-12-04T06:40:00Z,2025-12-04T01:32:37.349Z,corso_IoT,ESP_LEOPIZZI,Lecce,Stanza,-0.21960784313725504,0.15098039215686287,1.0996078431372558,0.36823529411764716,-0.15509803921568627,-0.11137254901960784,71.5,50,0,7.921568627450981,18.684313725490213
,,0,2025-12-04T00:00:00Z,2025-12-04T06:40:00Z,2025-12-04T01:33:44.016Z,corso_IoT,ESP_LEOPIZZI,Lecce,Stanza,-0.19340000000000007,0.1470000000000001,1.0934000000000008,0.3925999999999999,-0.6244,-0.2134,71.46200000000003,47,0,8.12,18.696000000000016
,,0,2025-12-04T00:00:00Z,2025-12-04T06:40:00Z,2025-12-04T01:34:50.683Z,corso_IoT,ESP_LEOPIZZI,Lecce,Stanza,-0.08982758620689649,0.10827586206896558,1.0539655172413793,0.32482758620689656,-0.22827586206896544,-0.11948275862068967,71.5,0,0,5.362068965517241,18.684482758620707
,,0,2025-12-04T00:00:00Z,2025-12-04T06:40:00Z,2025-12-04T01:35:57.35Z,corso_IoT,ESP_LEOPIZZI,Lecce,Stanza,-0.11973684210526322,0.1131578947368421,1.0607894736842105,0.2807894736842105,-0.13894736842105262,-0.06605263157894739,71.5,0,0,8,18.684210526315795
,,0,2025-12-04T00:00:00Z,2025-12-04T06:40:00Z,2025-12-04T01:37:04.017Z,corso_IoT,ESP_LEOPIZZI,Lecce,Stanza,-0.11938271604938265,0.11691358024691355,1.0607407407407412,0.312716049382716,-0.14580246913580255,-0.09197530864197535,71.44444444444436,0,0,4.333333333333333,18.696296296296318
,,0,2025-12-04T00:00:00Z,2025-12-04T06:40:00Z,2025-12-04T01:38:10.684Z,corso_IoT,ESP_LEOPIZZI,Lecce,Stanza,-0.12000000000000009,0.1163076923076924,1.0612307692307699,0.29938461538461536,-0.09969230769230768,-0.12492307692307691,71.38153846153848,0,0,8.169230769230769,18.629230769230762
,,0,2025-12-04T00:00:00Z,2025-12-04T06:40:00Z,2025-12-04T01:39:17.351Z,corso_IoT,ESP_LEOPIZZI,Lecce,Stanza,-0.11999999999999997,0.1168421052631579,1.0607894736842112,0.3438157894736842,-0.1594736842105263,-0.11671052631578946,71.41578947368419,0,0,7.934210526315789,18.599999999999987
,,0,2025-12-04T00:00:00Z,2025-12-04T06:40:00Z,2025-12-04T01:40:24.018Z,corso_IoT,ESP_LEOPIZZI,Lecce,Stanza,-0.12027777777777778,0.11819444444444449,1.0616666666666672,0.3227777777777778,-0.13972222222222222,-0.10694444444444448,71.46805555555557,0,0,8.958333333333334,18.59999999999999
,,0,2025-12-04T00:00:00Z,2025-12-04T06:40:00Z,2025-12-04T01:41:30.685Z,corso_IoT,ESP_LEOPIZZI,Lecce,Stanza,-0.12898550724637678,0.1195652173913044,1.0636231884057978,0.31478260869565206,-0.1739130434782609,-0.09246376811594201,71.5,0,0,7.101449275362318,18.599999999999994
,,0,2025-12-04T00:00:00Z,2025-12-04T06:40:00Z,2025-12-04T01:42:37.352Z,corso_IoT,ESP_LEOPIZZI,Lecce,Stanza,-0.11222222222222217,0.1230555555555556,1.0650000000000002,0.6913888888888887,-0.03138888888888891,-0.03333333333333334,71.5,8.333333333333334,0,6.25,18.600000000000012
,,0,2025-12-04T00:00:00Z,2025-12-04T06:40:00Z,2025-12-04T01:43:44.019Z,corso_IoT,ESP_LEOPIZZI,Lecce,Stanza,-0.025903614457831334,0.17144578313253003,1.0861445783132537,0.38469879518072286,-0.14060240963855425,-0.1202409638554217,71.5,21.08433734939759,0,5.349397590361446,18.59999999999998
,,0,2025-12-04T00:00:00Z,2025-12-04T06:40:00Z,2025-12-04T01:44:50.686Z,corso_IoT,ESP_LEOPIZZI,Lecce,Stanza,-0.02549019607843139,0.1709803921568627,1.0854901960784316,0.3372549019607844,-0.13784313725490197,-0.13549019607843138,71.5,20.58823529411765,0,6.529411764705882,18.600000000000016
,,0,2025-12-04T00:00:00Z,2025-12-04T06:40:00Z,2025-12-04T01:45:57.353Z,corso_IoT,ESP_LEOPIZZI,Lecce,Stanza,-0.025333333333333354,0.17133333333333325,1.0860000000000007,0.32866666666666655,-0.12466666666666669,-0.14640000000000003,71.50399999999999,20.666666666666668,0,5.453333333333333,18.59599999999999
,,0,2025-12-04T00:00:00Z,2025-12-04T06:40:00Z,2025-12-04T01:47:04.02Z,corso_IoT,ESP_LEOPIZZI,Lecce,Stanza,-0.025102040816326547,0.17102040816326525,1.0861224489795926,0.32244897959183666,-0.14285714285714288,-0.12346938775510205,71.55510204081628,24.489795918367346,0,2.020408163265306,18.600000000000016
,,0,2025-12-04T00:00:00Z,2025-12-04T06:40:00Z,2025-12-04T01:48:10.687Z,corso_IoT,ESP_LEOPIZZI,Lecce,Stanza,-0.03194805194805194,0.16987012987012984,1.0842857142857145,0.30142857142857127,-0.1458441558441558,-0.13740259740259744,71.52597402597404,12.987012987012987,0,8.415584415584416,18.59220779220778
,,0,2025-12-04T00:00:00Z,2025-12-04T06:40:00Z,2025-12-04T01:49:17.354Z,corso_IoT,ESP_LEOPIZZI,Lecce,Stanza,-0.033378378378378364,0.16986486486486482,1.0837837837837836,0.3398648648648647,-0.1270270270270271,-0.13770270270270266,71.55810810810814,14.864864864864865,0,8.77027027027027,18.558108108108115
,,0,2025-12-04T00:00:00Z,2025-12-04T06:40:00Z,2025-12-04T01:50:24.021Z,corso_IoT,ESP_LEOPIZZI,Lecce,Stanza,-0.032999999999999995,0.16974999999999993,1.0833749999999998,0.323125,-0.14325000000000004,-0.11412499999999999,71.66500000000002,12.5,0,8.15,18.52499999999998
,,0,2025-12-04T00:00:00Z,2025-12-04T06:40:00Z,2025-12-04T01:51:30.688Z,corso_IoT,ESP_LEOPIZZI,Lecce,Stanza,-0.03348837209302324,0.16999999999999996,1.082906976744186,0.32546511627906977,-0.15976744186046518,-0.13651162790697674,71.65581395348842,8.720930232558139,0,4.1976744186046515,18.544186046511605
,,0,2025-12-04T00:00:00Z,2025-12-04T06:40:00Z,2025-12-04T01:52:37.355Z,corso_IoT,ESP_LEOPIZZI,Lecce,Stanza,-0.034534883720930214,0.17023255813953483,1.0838372093023259,0.33906976744186057,-0.1575581395348837,-0.12453488372093025,71.6813953488371,12.790697674418604,0,8.767441860465116,18.518604651162793
,,0,2025-12-04T00:00:00Z,2025-12-04T06:40:00Z,2025-12-04T01:53:44.022Z,corso_IoT,ESP_LEOPIZZI,Lecce,Stanza,-0.0332584269662921,0.17022471910112355,1.0835955056179776,0.2960674157303371,-0.17988764044943817,-0.1417977528089887,71.66966292134829,10.674157303370787,0,9.382022471910112,18.530337078651673
,,0,2025-12-04T00:00:00Z,2025-12-04T06:40:00Z,2025-12-04T01:54:50.689Z,corso_IoT,ESP_LEOPIZZI,Lecce,Stanza,-0.033749999999999995,0.16999999999999996,1.084027777777778,0.3145833333333334,-0.16625,-0.12111111111111111,71.6999999999999,13.194444444444445,0,7.486111111111111,18.5
,,0,2025-12-04T00:00:00Z,2025-12-04T06:40:00Z,2025-12-04T01:55:57.356Z,corso_IoT,ESP_LEOPIZZI,Lecce,Stanza,-0.03513513513513515,0.1705405405405405,1.0840540540540538,0.31189189189189176,-0.10486486486486489,-0.14243243243243242,71.72972972972977,14.864864864864865,0,0.05405405405405406,18.5
,,0,2025-12-04T00:00:00Z,2025-12-04T06:40:00Z,2025-12-04T01:57:04.023Z,corso_IoT,ESP_LEOPIZZI,Lecce,Stanza,-0.03310810810810809,0.1701351351351351,1.085540540540541,0.2799999999999999,-0.16108108108108107,-0.13108108108108107,71.68243243243235,14.864864864864865,0,5.527027027027027,18.548648648648648
,,0,2025-12-04T00:00:00Z,2025-12-04T06:40:00Z,2025-12-04T01:58:10.69Z,corso_IoT,ESP_LEOPIZZI,Lecce,Stanza,-0.034320987654320984,0.16999999999999996,1.084691358024692,0.32716049382716056,-0.18222222222222217,-0.1358024691358025,71.6962962962962,16.049382716049383,0,9.024691358024691,18.5
,,0,2025-12-04T00:00:00Z,2025-12-04T06:40:00Z,2025-12-04T01:59:17.357Z,corso_IoT,ESP_LEOPIZZI,Lecce,Stanza,-0.03484375000000001,0.17031249999999995,1.0846874999999998,0.32703124999999994,-0.11828125000000002,-0.14359374999999996,71.67499999999995,18.75,0,5.140625,18.5
,,0,2025-12-04T00:00:00Z,2025-12-04T06:40:00Z,2025-12-04T02:00:24.024Z,corso_IoT,ESP_LEOPIZZI,Lecce,Stanza,-0.03456140350877195,0.17035087719298242,1.084035087719298,0.34508771929824567,-0.167719298245614,-0.12842105263157894,71.68596491228061,14.912280701754385,0,5,18.5
,,0,2025-12-04T00:00:00Z,2025-12-04T06:40:00Z,2025-12-04T02:01:30.691Z,corso_IoT,ESP_LEOPIZZI,Lecce,Stanza,-0.033529411764705905,0.17019607843137252,1.0833333333333333,0.2770588235294118,-0.13294117647058823,-0.17333333333333334,71.69411764705876,12.745098039215685,0,5.686274509803922,18.5
,,0,2025-12-04T00:00:00Z,2025-12-04T06:40:00Z,2025-12-04T02:02:37.358Z,corso_IoT,ESP_LEOPIZZI,Lecce,Stanza,-0.03542857142857144,0.17028571428571423,1.0817142857142852,0.37628571428571417,-0.1925714285714286,-0.1880000000000001,71.69999999999999,5.714285714285714,0,0.6,18.5
,,0,2025-12-04T00:00:00Z,2025-12-04T06:40:00Z,2025-12-04T02:03:44.025Z,corso_IoT,ESP_LEOPIZZI,Lecce,Stanza,-0.03566666666666667,0.16999999999999996,1.0846666666666667,0.3233333333333333,-0.07133333333333333,-0.1836666666666666,71.68666666666667,15,0,2.3333333333333335,18.5
,,0,2025-12-04T00:00:00Z,2025-12-04T06:40:00Z,2025-12-04T02:04:50.692Z,corso_IoT,ESP_LEOPIZZI,Lecce,Stanza,-0.035272727272727296,0.17018181818181813,1.0841818181818184,0.28072727272727277,-0.16090909090909097,-0.13254545454545452,71.63272727272722,13.636363636363637,0,6.527272727272727,18.5
,,0,2025-12-04T00:00:00Z,2025-12-04T06:40:00Z,2025-12-04T02:05:57.359Z,corso_IoT,ESP_LEOPIZZI,Lecce,Stanza,-0.03659090909090911,0.1711363636363636,1.083409090909091,0.311590909090909,-0.21863636363636363,-0.1781818181818182,71.6227272727272,17.045454545454547,0,8.25,18.5
,,0,2025-12-04T00:00:00Z,2025-12-04T06:40:00Z,2025-12-04T02:07:04.026Z,corso_IoT,ESP_LEOPIZZI,Lecce,Stanza,-0.03550000000000002,0.17016666666666663,1.0831666666666664,0.3073333333333334,-0.18866666666666665,-0.12116666666666666,71.69166666666659,11.666666666666666,0,7.966666666666667,18.5
,,0,2025-12-04T00:00:00Z,2025-12-04T06:40:00Z,2025-12-04T02:08:10.693Z,corso_IoT,ESP_LEOPIZZI,Lecce,Stanza,-0.03700000000000001,0.1706666666666666,1.083333333333333,0.3270000000000001,-0.18883333333333346,-0.13466666666666666,71.69999999999992,14.166666666666666,0,5.95,18.5
,,0,2025-12-04T00:00:00Z,2025-12-04T06:40:00Z,2025-12-04T02:09:17.36Z,corso_IoT,ESP_LEOPIZZI,Lecce,Stanza,-0.03559523809523808,0.1702380952380952,1.08297619047619,0.30345238095238086,-0.191547619047619,-0.16095238095238096,71.69642857142848,11.904761904761905,0,7.7023809523809526,18.5
,,0,2025-12-04T00:00:00Z,2025-12-04T06:40:00Z,2025-12-04T02:10:24.027Z,corso_IoT,ESP_LEOPIZZI,Lecce,Stanza,-0.036136363636363654,0.17022727272727267,1.082272727272727,0.31272727272727274,-0.20863636363636362,-0.11931818181818186,71.64090909090905,11.363636363636363,0,1.9318181818181819,18.5
,,0,2025-12-04T00:00:00Z,2025-12-04T06:40:00Z,2025-12-04T02:11:30.694Z,corso_IoT,ESP_LEOPIZZI,Lecce,Stanza,-0.03655737704918034,0.170655737704918,1.0827868852459015,0.29229508196721304,-0.21262295081967217,-0.15344262295081965,71.59999999999997,8.19672131147541,0,3.0655737704918034,18.5
,,0,2025-12-04T00:00:00Z,2025-12-04T06:40:00Z,2025-12-04T02:12:37.361Z,corso_IoT,ESP_LEOPIZZI,Lecce,Stanza,-0.036140350877193,0.17035087719298242,1.083684210526316,0.31210526315789483,-0.0994736842105263,-0.1268421052631579,71.59999999999994,10.526315789473685,0,7.578947368421052,18.5
,,0,2025-12-04T00:00:00Z,2025-12-04T06:40:00Z,2025-12-04T02:13:44.028Z,corso_IoT,ESP_LEOPIZZI,Lecce,Stanza,-0.03515625000000002,0.17109374999999993,1.08328125,0.3468750000000001,-0.16265625,-0.13734375000000001,71.60312499999996,13.28125,0,8.296875,18.490624999999998
,,0,2025-12-04T00:00:00Z,2025-12-04T06:40:00Z,2025-12-04T02:14:50.695Z,corso_IoT,ESP_LEOPIZZI,Lecce,Stanza,-0.03694117647058823,0.1705882352941176,1.083764705882353,0.30470588235294116,-0.22682352941176476,-0.15976470588235295,71.6929411764705,9.411764705882353,0,9,18.5
,,0,2025-12-04T00:00:00Z,2025-12-04T06:40:00Z,2025-12-04T02:15:57.362Z,corso_IoT,ESP_LEOPIZZI,Lecce,Stanza,-0.036097560975609774,0.1707317073170731,1.0836585365853657,0.30317073170731706,-0.16585365853658543,-0.17414634146341462,71.69268292682924,12.195121951219512,0,9.463414634146341,18.5
,,0,2025-12-04T00:00:00Z,2025-12-04T06:40:00Z,2025-12-04T02:17:04.029Z,corso_IoT,ESP_LEOPIZZI,Lecce,Stanza,-0.035102040816326556,0.1712244897959183,1.0822448979591837,0.3257142857142858,-0.17102040816326533,-0.1438775510204082,71.63673469387749,10.204081632653061,0,9.081632653061224,18.5
,,0,2025-12-04T00:00:00Z,2025-12-04T06:40:00Z,2025-12-04T02:18:10.696Z,corso_IoT,ESP_LEOPIZZI,Lecce,Stanza,-0.03656250000000002,0.17046874999999995,1.0818749999999995,0.30250000000000005,-0.18609375000000003,-0.15171874999999993,71.59999999999998,6.25,0,9.734375,18.5
,,0,2025-12-04T00:00:00Z,2025-12-04T06:40:00Z,2025-12-04T02:19:17.363Z,corso_IoT,ESP_LEOPIZZI,Lecce,Stanza,-0.03725806451612905,0.1704838709677419,1.0824193548387089,0.32596774193548395,-0.16096774193548388,-0.13387096774193546,71.59999999999997,11.290322580645162,0,8.612903225806452,18.5
,,0,2025-12-04T00:00:00Z,2025-12-04T06:40:00Z,2025-12-04T02:20:24.03Z,corso_IoT,ESP_LEOPIZZI,Lecce,Stanza,-0.035411764705882344,0.17070588235294112,1.0817647058823525,0.3404705882352941,-0.20682352941176468,-0.14164705882352938,71.60000000000008,7.647058823529412,0,7.352941176470588,18.49647058823529
,,0,2025-12-04T00:00:00Z,2025-12-04T06:40:00Z,2025-12-04T02:21:30.697Z,corso_IoT,ESP_LEOPIZZI,Lecce,Stanza,-0.035576923076923096,0.17057692307692301,1.0819230769230765,0.3167307692307692,-0.19096153846153857,-0.13634615384615384,71.59999999999994,6.730769230769231,0,9.057692307692308,18.5
,,0,2025-12-04T00:00:00Z,2025-12-04T06:40:00Z,2025-12-04T02:22:37.364Z,corso_IoT,ESP_LEOPIZZI,Lecce,Stanza,-0.036808510638297896,0.17021276595744675,1.080425531914893,0.27914893617021275,-0.22702127659574464,-0.14574468085106382,71.59999999999995,3.1914893617021276,0,8.893617021276595,18.5
,,0,2025-12-04T00:00:00Z,2025-12-04T06:40:00Z,2025-12-04T02:23:44.031Z,corso_IoT,ESP_LEOPIZZI,Lecce,Stanza,-0.036521739130434806,0.17108695652173908,1.0808695652173907,0.2917391304347826,-0.2021739130434783,-0.2032608695652174,71.59999999999995,7.608695652173913,0,7.630434782608695,18.5
,,0,2025-12-04T00:00:00Z,2025-12-04T06:40:00Z,2025-12-04T02:24:50.698Z,corso_IoT,ESP_LEOPIZZI,Lecce,Stanza,-0.03769230769230771,0.16999999999999996,1.0823076923076922,0.3005769230769231,-0.1490384615384615,-0.1603846153846154,71.59999999999994,6.730769230769231,0,4.038461538461538,18.5
,,0,2025-12-04T00:00:00Z,2025-12-04T06:40:00Z,2025-12-04T02:25:57.365Z,corso_IoT,ESP_LEOPIZZI,Lecce,Stanza,-0.036779661016949176,0.17016949152542368,1.0820338983050841,0.30118644067796607,-0.22525423728813568,-0.16881355932203398,71.59999999999995,5.932203389830509,0,2.8983050847457625,18.474576271186436
,,0,2025-12-04T00:00:00Z,2025-12-04T06:40:00Z,2025-12-04T02:27:04.032Z,corso_IoT,ESP_LEOPIZZI,Lecce,Stanza,-0.03573170731707317,0.1706097560975609,1.0818292682926822,0.3040243902439024,-0.21573170731707314,-0.1323170731707317,71.60000000000007,5.487804878048781,0,7.353658536585366,18.492682926829268
,,0,2025-12-04T00:00:00Z,2025-12-04T06:40:00Z,2025-12-04T02:28:10.699Z,corso_IoT,ESP_LEOPIZZI,Lecce,Stanza,-0.035833333333333356,0.17016666666666663,1.0814999999999992,0.2978333333333333,-0.20849999999999996,-0.15799999999999992,71.59999999999995,8.333333333333334,0,8.966666666666667,18.495
,,0,2025-12-04T00:00:00Z,2025-12-04T06:40:00Z,2025-12-04T02:29:17.366Z,corso_IoT,ESP_LEOPIZZI,Lecce,Stanza,-0.03694915254237289,0.17067796610169486,1.0813559322033892,0.3061016949152543,-0.20661016949152541,-0.17169491525423727,71.59999999999995,4.237288135593221,0,4.440677966101695,18.496610169491525
,,0,2025-12-04T00:00:00Z,2025-12-04T06:40:00Z,2025-12-04T02:30:24.033Z,corso_IoT,ESP_LEOPIZZI,Lecce,Stanza,-0.03671428571428571,0.1701428571428571,1.0817142857142854,0.2881428571428571,-0.1605714285714286,-0.16785714285714284,71.60000000000001,6.428571428571429,0,2.4571428571428573,18.495714285714286
,,0,2025-12-04T00:00:00Z,2025-12-04T06:40:00Z,2025-12-04T02:31:30.7Z,corso_IoT,ESP_LEOPIZZI,Lecce,Stanza,-0.035932203389830525,0.17050847457627114,1.0820338983050843,0.26423728813559316,-0.23067796610169497,-0.13694915254237292,71.59999999999995,8.474576271186441,0,5.101694915254237,18.44067796610169
,,0,2025-12-04T00:00:00Z,2025-12-04T06:40:00Z,2025-12-04T02:32:37.367Z,corso_IoT,ESP_LEOPIZZI,Lecce,Stanza,-0.036829268292682946,0.16951219512195115,1.0814634146341457,0.31609756097560965,-0.23804878048780484,-0.16487804878048776,71.59999999999995,6.097560975609756,0,6.414634146341464,18.497560975609755
,,0,2025-12-04T00:00:00Z,2025-12-04T06:40:00Z,2025-12-04T02:33:44.034Z,corso_IoT,ESP_LEOPIZZI,Lecce,Stanza,-0.03714285714285715,0.17063492063492058,1.082222222222222,0.30412698412698413,-0.2034920634920635,-0.1728571428571429,71.59999999999998,10.317460317460318,0,4.031746031746032,18.473015873015868
,,0,2025-12-04T00:00:00Z,2025-12-04T06:40:00Z,2025-12-04T02:34:50.701Z,corso_IoT,ESP_LEOPIZZI,Lecce,Stanza,-0.02969696969696972,0.1766666666666666,1.0886363636363638,0.05787878787878786,0.3521212121212121,-0.16787878787878785,71.6,12.121212121212121,0,4.46969696969697,18.495454545454546
,,0,2025-12-04T00:00:00Z,2025-12-04T06:40:00Z,2025-12-04T02:35:57.368Z,corso_IoT,ESP_LEOPIZZI,Lecce,Stanza,0.11000000000000003,0.21949999999999997,1.1232499999999996,0.2607500000000001,-0.15199999999999997,-0.12125000000000001,71.60249999999995,50,0,4.925,18.5
,,0,2025-12-04T00:00:00Z,2025-12-04T06:40:00Z,2025-12-04T02:37:04.035Z,corso_IoT,ESP_LEOPIZZI,Lecce,Stanza,0.11608108108108113,0.21675675675675707,1.1220270270270274,0.28851351351351356,-0.16905405405405408,-0.13013513513513514,71.60000000000004,50,0,8.14864864864865,18.4972972972973
,,0,2025-12-04T00:00:00Z,2025-12-04T06:40:00Z,2025-12-04T02:38:10.702Z,corso_IoT,ESP_LEOPIZZI,Lecce,Stanza,0.1174117647058823,0.21776470588235314,1.1215294117647059,0.29835294117647065,-0.2114117647058824,-0.12341176470588233,71.60000000000008,50,0,7.035294117647059,18.5
,,0,2025-12-04T00:00:00Z,2025-12-04T06:40:00Z,2025-12-04T02:39:17.369Z,corso_IoT,ESP_LEOPIZZI,Lecce,Stanza,0.11750000000000009,0.21838235294117675,1.1222058823529408,0.2872058823529411,-0.2295588235294118,-0.10926470588235293,71.60000000000001,50,0,5.382352941176471,18.5
,,0,2025-12-04T00:00:00Z,2025-12-04T06:40:00Z,2025-12-04T02:40:24.036Z,corso_IoT,ESP_LEOPIZZI,Lecce,Stanza,0.11854838709677427,0.21822580645161316,1.12258064516129,0.27854838709677415,-0.2241935483870968,-0.1174193548387097,71.59999999999997,50,0,5.532258064516129,18.5
,,0,2025-12-04T00:00:00Z,2025-12-04T06:40:00Z,2025-12-04T02:41:30.703Z,corso_IoT,ESP_LEOPIZZI,Lecce,Stanza,0.11753246753246752,0.21909090909090934,1.1211688311688315,0.30649350649350643,-0.1781818181818182,-0.12454545454545451,71.60000000000005,50,0,9.428571428571429,18.5
,,0,2025-12-04T00:00:00Z,2025-12-04T06:40:00Z,2025-12-04T02:42:37.37Z,corso_IoT,ESP_LEOPIZZI,Lecce,Stanza,0.03745454545454547,0.18018181818181805,1.0883636363636373,0.3172727272727273,-0.18909090909090914,-0.2121818181818182,71.59999999999994,37.27272727272727,0,8.345454545454546,18.5
,,0,2025-12-04T00:00:00Z,2025-12-04T06:40:00Z,2025-12-04T02:43:44.037Z,corso_IoT,ESP_LEOPIZZI,Lecce,Stanza,0.03136986301369862,0.18054794520547932,1.088356164383563,0.29945205479452053,-0.15561643835616443,-0.1604109589041096,71.54109589041094,43.15068493150685,0,7.328767123287672,18.5
,,0,2025-12-04T00:00:00Z,2025-12-04T06:40:00Z,2025-12-04T02:44:50.704Z,corso_IoT,ESP_LEOPIZZI,Lecce,Stanza,0.035079365079365106,0.18253968253968242,1.0896825396825405,0.23349206349206347,-0.21523809523809526,-0.17857142857142852,71.52222222222224,44.44444444444444,0,2.3015873015873014,18.495238095238093
,,0,2025-12-04T00:00:00Z,2025-12-04T06:40:00Z,2025-12-04T02:45:57.371Z,corso_IoT,ESP_LEOPIZZI,Lecce,Stanza,0.04014705882352944,0.17749999999999988,1.0873529411764715,0.29632352941176465,-0.26088235294117657,-0.17955882352941172,71.59264705882352,34.55882352941177,0,5.764705882352941,18.5
,,0,2025-12-04T00:00:00Z,2025-12-04T06:40:00Z,2025-12-04T02:47:04.038Z,corso_IoT,ESP_LEOPIZZI,Lecce,Stanza,0.0382857142857143,0.178142857142857,1.0867142857142869,0.2801428571428571,-0.1737142857142857,-0.17657142857142857,71.49285714285712,34.285714285714285,0,6.228571428571429,18.49285714285715
,,0,2025-12-04T00:00:00Z,2025-12-04T06:40:00Z,2025-12-04T02:48:10.705Z,corso_IoT,ESP_LEOPIZZI,Lecce,Stanza,0.036521739130434806,0.17891304347826076,1.0876086956521747,0.3134782608695652,-0.2497826086956521,-0.1693478260869566,71.54999999999995,38.04347826086956,0,6,18.42391304347825
,,0,2025-12-04T00:00:00Z,2025-12-04T06:40:00Z,2025-12-04T02:49:17.372Z,corso_IoT,ESP_LEOPIZZI,Lecce,Stanza,0.033382352941176474,0.17955882352941163,1.08764705882353,0.2947058823529412,-0.19867647058823526,-0.16499999999999998,71.54852941176469,36.029411764705884,0,2.4705882352941178,18.495588235294115
,,0,2025-12-04T00:00:00Z,2025-12-04T06:40:00Z,2025-12-04T02:50:24.039Z,corso_IoT,ESP_LEOPIZZI,Lecce,Stanza,0.03402439024390243,0.1796341463414632,1.0871951219512204,0.3325609756097561,-0.18451219512195116,-0.18365853658536585,71.51585365853657,35.97560975609756,0,8.548780487804878,18.5
,,0,2025-12-04T00:00:00Z,2025-12-04T06:40:00Z,2025-12-04T02:51:30.706Z,corso_IoT,ESP_LEOPIZZI,Lecce,Stanza,0.03319444444444445,0.1804166666666665,1.0887500000000014,0.2681944444444444,-0.17597222222222225,-0.1629166666666666,71.52222222222225,43.75,0,6.513888888888889,18.459722222222222
,,0,2025-12-04T00:00:00Z,2025-12-04T06:40:00Z,2025-12-04T02:52:37.373Z,corso_IoT,ESP_LEOPIZZI,Lecce,Stanza,0.033,0.18057142857142844,1.0891428571428585,0.27314285714285713,-0.18042857142857144,-0.16442857142857145,71.53571428571428,43.57142857142857,0,6.185714285714286,18.475714285714293
,,0,2025-12-04T00:00:00Z,2025-12-04T06:40:00Z,2025-12-04T02:53:44.04Z,corso_IoT,ESP_LEOPIZZI,Lecce,Stanza,0.038863636363636385,0.18204545454545445,1.0886363636363634,0.2945454545454546,0.03363636363636365,-0.19499999999999995,71.51363636363635,37.5,0,7.704545454545454,18.42272727272726
,,0,2025-12-04T00:00:00Z,2025-12-04T06:40:00Z,2025-12-04T02:54:50.707Z,corso_IoT,ESP_LEOPIZZI,Lecce,Stanza,0.15557377049180335,0.0775409836065574,1.0462295081967206,0.4573770491803279,-0.37704918032786866,-0.0363934426229508,71.68688524590156,3.278688524590164,0,1.901639344262295,18.40327868852458
,,0,2025-12-04T00:00:00Z,2025-12-04T06:40:00Z,2025-12-04T02:55:57.374Z,corso_IoT,ESP_LEOPIZZI,Lecce,Stanza,0.16919999999999996,0.0726666666666667,1.045733333333333,0.2728,-0.13506666666666667,-0.12359999999999997,71.61866666666671,0,0,7.8,18.454666666666675
,,0,2025-12-04T00:00:00Z,2025-12-04T06:40:00Z,2025-12-04T02:57:04.041Z,corso_IoT,ESP_LEOPIZZI,Lecce,Stanza,0.17011494252873557,0.0729885057471265,1.0460919540229878,0.279080459770115,-0.1441379310344828,-0.11149425287356327,71.60000000000008,0,0,8.160919540229886,18.410344827586233
,,0,2025-12-04T00:00:00Z,2025-12-04T06:40:00Z,2025-12-04T02:58:10.708Z,corso_IoT,ESP_LEOPIZZI,Lecce,Stanza,0.1703703703703703,0.07259259259259264,1.046049382716049,0.2976543209876542,-0.15703703703703706,-0.12098765432098764,71.60000000000007,0,0,7.283950617283951,18.456790123456784
,,0,2025-12-04T00:00:00Z,2025-12-04T06:40:00Z,2025-12-04T02:59:17.375Z,corso_IoT,ESP_LEOPIZZI,Lecce,Stanza,0.1704651162790697,0.07302325581395357,1.0455813953488369,0.28406976744186035,-0.17302325581395353,-0.11476744186046513,71.60000000000008,0,0,7.6976744186046515,18.430232558139558
,,0,2025-12-04T00:00:00Z,2025-12-04T06:40:00Z,2025-12-04T03:00:24.042Z,corso_IoT,ESP_LEOPIZZI,Lecce,Stanza,0.1702702702702702,0.07297297297297302,1.0451351351351348,0.26445945945945937,-0.13405405405405407,-0.10743243243243245,71.60000000000004,0,0,7.783783783783784,18.43378378378378
,,0,2025-12-04T00:00:00Z,2025-12-04T06:40:00Z,2025-12-04T03:01:30.709Z,corso_IoT,ESP_LEOPIZZI,Lecce,Stanza,0.17141176470588226,0.07423529411764712,1.0461176470588234,0.23847058823529416,-0.16917647058823526,-0.1245882352941176,71.60000000000008,0,0,5.541176470588235,18.434117647058848
,,0,2025-12-04T00:00:00Z,2025-12-04T06:40:00Z,2025-12-04T03:02:37.376Z,corso_IoT,ESP_LEOPIZZI,Lecce,Stanza,0.1358333333333334,0.09958333333333329,1.053333333333333,0.11062500000000003,-0.06458333333333335,0.5516666666666666,71.81250000000007,14.583333333333334,0,3.3958333333333335,18.399999999999984
,,0,2025-12-04T00:00:00Z,2025-12-04T06:40:00Z,2025-12-04T03:03:44.043Z,corso_IoT,ESP_LEOPIZZI,Lecce,Stanza,0.1600000000000001,0.09883720930232562,1.0518604651162786,0.21906976744186046,-0.14558139534883718,-0.11209302325581394,71.90000000000005,0,0,4.790697674418604,18.399999999999984
,,0,2025-12-04T00:00:00Z,2025-12-04T06:40:00Z,2025-12-04T03:04:50.71Z,corso_IoT,ESP_LEOPIZZI,Lecce,Stanza,0.16013513513513522,0.09878378378378365,1.0536486486486483,0.24081081081081082,-0.15000000000000002,-0.09756756756756757,71.79324324324321,0,0,8.41891891891892,18.400000000000013
,,0,2025-12-04T00:00:00Z,2025-12-04T06:40:00Z,2025-12-04T03:05:57.377Z,corso_IoT,ESP_LEOPIZZI,Lecce,Stanza,0.15955223880597025,0.09910447761194019,1.0546268656716415,0.2244776119402985,-0.14447761194029848,-0.12000000000000006,71.79104477611939,0,0,6.029850746268656,18.400000000000002
,,0,2025-12-04T00:00:00Z,2025-12-04T06:40:00Z,2025-12-04T03:07:04.044Z,corso_IoT,ESP_LEOPIZZI,Lecce,Stanza,0.16067567567567576,0.10135135135135133,1.0562162162162168,0.2625675675675676,-0.13445945945945942,-0.10378378378378376,71.89999999999995,0,0,8.567567567567568,18.400000000000013
,,0,2025-12-04T00:00:00Z,2025-12-04T06:40:00Z,2025-12-04T03:08:10.711Z,corso_IoT,ESP_LEOPIZZI,Lecce,Stanza,0.16462962962962968,0.10740740740740745,1.0583333333333338,0.23703703703703707,-0.1153703703703704,-0.06611111111111109,71.8351851851852,0,0,9.148148148148149,18.399999999999984
,,0,2025-12-04T00:00:00Z,2025-12-04T06:40:00Z,2025-12-04T03:09:17.378Z,corso_IoT,ESP_LEOPIZZI,Lecce,Stanza,0.16162500000000007,0.10787500000000005,1.0593750000000006,0.24500000000000002,-0.134625,-0.10212500000000002,71.76374999999996,0,0,6.15,18.400000000000016
,,0,2025-12-04T00:00:00Z,2025-12-04T06:40:00Z,2025-12-04T03:10:24.045Z,corso_IoT,ESP_LEOPIZZI,Lecce,Stanza,0.16104651162790706,0.10767441860465114,1.0597674418604661,0.23290697674418598,-0.10790697674418608,-0.07709302325581394,71.74651162790691,0,0,6.965116279069767,18.400000000000023
,,0,2025-12-04T00:00:00Z,2025-12-04T06:40:00Z,2025-12-04T03:11:30.712Z,corso_IoT,ESP_LEOPIZZI,Lecce,Stanza,0.16046511627906987,0.10860465116279074,1.0594186046511636,0.24802325581395354,-0.14488372093023255,-0.09813953488372093,71.69999999999989,0,0,6.1976744186046515,18.400000000000023
,,0,2025-12-04T00:00:00Z,2025-12-04T06:40:00Z,2025-12-04T03:12:37.379Z,corso_IoT,ESP_LEOPIZZI,Lecce,Stanza,0.16719999999999996,0.11933333333333332,1.0677333333333332,0.2573333333333333,-0.20559999999999998,-0.13466666666666663,71.728,18,0,5.1466666666666665,18.400000000000013
,,0,2025-12-04T00:00:00Z,2025-12-04T06:40:00Z,2025-12-04T03:13:44.046Z,corso_IoT,ESP_LEOPIZZI,Lecce,Stanza,0.17553571428571418,0.14017857142857132,1.0810714285714282,0.22660714285714295,-0.12964285714285714,-0.09857142857142856,71.72499999999992,44.642857142857146,0,8.285714285714286,18.399999999999984
,,0,2025-12-04T00:00:00Z,2025-12-04T06:40:00Z,2025-12-04T03:14:50.713Z,corso_IoT,ESP_LEOPIZZI,Lecce,Stanza,0.17227848101265816,0.14670886075949388,1.0825316455696201,0.2624050632911393,-0.09455696202531651,-0.09050632911392403,71.75316455696203,46.20253164556962,0,7.379746835443038,18.400000000000016
,,0,2025-12-04T00:00:00Z,2025-12-04T06:40:00Z,2025-12-04T03:15:57.38Z,corso_IoT,ESP_LEOPIZZI,Lecce,Stanza,0.1706521739130434,0.14630434782608698,1.0830434782608693,0.2023913043478261,-0.15282608695652175,-0.08108695652173913,71.76739130434778,50,0,3.739130434782609,18.399999999999984
,,0,2025-12-04T00:00:00Z,2025-12-04T06:40:00Z,2025-12-04T03:17:04.047Z,corso_IoT,ESP_LEOPIZZI,Lecce,Stanza,0.1703947368421052,0.14763157894736856,1.0832894736842105,0.2630263157894738,-0.11447368421052632,-0.12342105263157896,71.6999999999999,48.68421052631579,0,6.881578947368421,18.400000000000013
,,0,2025-12-04T00:00:00Z,2025-12-04T06:40:00Z,2025-12-04T03:18:10.714Z,corso_IoT,ESP_LEOPIZZI,Lecce,Stanza,0.1711538461538461,0.14461538461538467,1.084230769230769,0.6930769230769229,0.4163461538461538,0.010961538461538467,71.66346153846146,49.03846153846154,0,8.423076923076923,18.399999999999984
,,0,2025-12-04T00:00:00Z,2025-12-04T06:40:00Z,2025-12-04T03:19:17.381Z,corso_IoT,ESP_LEOPIZZI,Lecce,Stanza,0.3232307692307689,-0.0070769230769230805,1.0570769230769232,0.6512307692307692,-0.7440000000000002,0.3569230769230768,72.15999999999997,47.69230769230769,0,4.492307692307692,18.40461538461538
,,0,2025-12-04T00:00:00Z,2025-12-04T06:40:00Z,2025-12-04T03:20:24.048Z,corso_IoT,ESP_LEOPIZZI,Lecce,Stanza,0.32999999999999974,-0.010000000000000005,1.0565517241379314,0.22017241379310343,-0.08810344827586208,-0.0910344827586207,71.93103448275866,48.275862068965516,0,7.672413793103448,18.420689655172403
,,0,2025-12-04T00:00:00Z,2025-12-04T06:40:00Z,2025-12-04T03:21:30.715Z,corso_IoT,ESP_LEOPIZZI,Lecce,Stanza,0.3299999999999995,-0.0091304347826087,1.056811594202899,0.2621739130434783,-0.12275362318840578,-0.08420289855072466,71.81304347826087,46.3768115942029,0,4.9855072463768115,18.469565217391306
,,0,2025-12-04T00:00:00Z,2025-12-04T06:40:00Z,2025-12-04T03:22:37.382Z,corso_IoT,ESP_LEOPIZZI,Lecce,Stanza,0.32974025974025917,-0.008961038961038966,1.0564935064935066,0.23428571428571413,-0.1496103896103896,-0.08298701298701298,71.6558441558442,47.4025974025974,0,8.714285714285714,18.484415584415594
,,0,2025-12-04T00:00:00Z,2025-12-04T06:40:00Z,2025-12-04T03:23:44.049Z,corso_IoT,ESP_LEOPIZZI,Lecce,Stanza,0.3297590361445777,-0.008192771084337355,1.0580722891566272,0.24385542168674693,-0.13144578313253005,-0.10855421686746984,71.60000000000007,48.795180722891565,0,6.445783132530121,18.49638554216867
,,0,2025-12-04T00:00:00Z,2025-12-04T06:40:00Z,2025-12-04T03:24:50.716Z,corso_IoT,ESP_LEOPIZZI,Lecce,Stanza,0.3297590361445777,-0.00807228915662651,1.0568674698795184,0.21927710843373496,-0.12253012048192775,-0.12289156626506026,71.60000000000007,49.397590361445786,0,6.385542168674699,18.489156626506027
,,0,2025-12-04T00:00:00Z,2025-12-04T06:40:00Z,2025-12-04T03:25:57.383Z,corso_IoT,ESP_LEOPIZZI,Lecce,Stanza,0.32971428571428524,-0.007571428571428575,1.0580000000000003,0.24157142857142852,-0.10785714285714287,-0.11985714285714288,71.60000000000001,49.285714285714285,0,8.042857142857143,18.495714285714282
,,0,2025-12-04T00:00:00Z,2025-12-04T06:40:00Z,2025-12-04T03:27:04.05Z,corso_IoT,ESP_LEOPIZZI,Lecce,Stanza,0.32948051948051893,-0.008701298701298706,1.0568831168831172,0.28038961038961036,-0.13311688311688302,-0.11844155844155847,71.60000000000005,50,0,8.896103896103897,18.5
,,0,2025-12-04T00:00:00Z,2025-12-04T06:40:00Z,2025-12-04T03:28:10.717Z,corso_IoT,ESP_LEOPIZZI,Lecce,Stanza,0.3293975903614451,-0.007108433734939763,1.058192771084338,0.2879518072289157,-0.1413253012048193,-0.09951807228915663,71.54578313253019,50,0,5.963855421686747,18.47349397590363
,,0,2025-12-04T00:00:00Z,2025-12-04T06:40:00Z,2025-12-04T03:29:17.384Z,corso_IoT,ESP_LEOPIZZI,Lecce,Stanza,0.32986486486486427,-0.007432432432432436,1.058108108108109,0.2639189189189189,-0.10986486486486488,-0.10229729729729728,71.58918918918921,47.972972972972975,0,8.513513513513514,18.47972972972973
,,0,2025-12-04T00:00:00Z,2025-12-04T06:40:00Z,2025-12-04T03:30:24.051Z,corso_IoT,ESP_LEOPIZZI,Lecce,Stanza,0.3304166666666667,-0.0070833333333333364,1.0570833333333334,0.2477083333333334,-0.12062500000000002,-0.09166666666666667,71.58749999999996,50,0,8.583333333333334,18.49375
,,0,2025-12-04T00:00:00Z,2025-12-04T06:40:00Z,2025-12-04T03:31:30.718Z,corso_IoT,ESP_LEOPIZZI,Lecce,Stanza,0.3297368421052626,-0.007236842105263161,1.0569736842105266,0.255921052631579,-0.14986842105263165,-0.06499999999999999,71.51710526315789,48.026315789473685,0,8.789473684210526,18.496052631578944
,,0,2025-12-04T00:00:00Z,2025-12-04T06:40:00Z,2025-12-04T03:32:37.385Z,corso_IoT,ESP_LEOPIZZI,Lecce,Stanza,0.3298214285714284,-0.007142857142857146,1.058214285714286,0.2303571428571428,-0.1414285714285714,-0.12517857142857144,71.48035714285716,50,0,3.8035714285714284,18.480357142857137
,,0,2025-12-04T00:00:00Z,2025-12-04T06:40:00Z,2025-12-04T03:33:44.052Z,corso_IoT,ESP_LEOPIZZI,Lecce,Stanza,0.32954545454545414,-0.006818181818181821,1.057424242424243,0.25848484848484843,-0.13454545454545458,-0.12863636363636366,71.43636363636365,50,0,8.621212121212121,18.48333333333333
,,0,2025-12-04T00:00:00Z,2025-12-04T06:40:00Z,2025-12-04T03:34:50.719Z,corso_IoT,ESP_LEOPIZZI,Lecce,Stanza,0.32954545454545414,-0.007878787878787883,1.0581818181818188,0.256969696969697,-0.17287878787878788,-0.0986363636363636,71.44848484848482,49.24242424242424,0,8.954545454545455,18.495454545454542
,,0,2025-12-04T00:00:00Z,2025-12-04T06:40:00Z,2025-12-04T03:35:57.386Z,corso_IoT,ESP_LEOPIZZI,Lecce,Stanza,0.3295652173913044,-0.006956521739130438,1.0589130434782612,0.26043478260869557,-0.10826086956521742,-0.12195652173913041,71.40000000000005,48.91304347826087,0,8.521739130434783,18.5
,,0,2025-12-04T00:00:00Z,2025-12-04T06:40:00Z,2025-12-04T03:37:04.053Z,corso_IoT,ESP_LEOPIZZI,Lecce,Stanza,0.3295714285714281,-0.006142857142857146,1.0587142857142866,0.2257142857142858,-0.1308571428571429,-0.08585714285714288,71.39999999999999,49.285714285714285,0,9.028571428571428,18.49571428571429
,,0,2025-12-04T00:00:00Z,2025-12-04T06:40:00Z,2025-12-04T03:38:10.72Z,corso_IoT,ESP_LEOPIZZI,Lecce,Stanza,0.33069444444444396,-0.007500000000000003,1.0586111111111116,0.29180555555555554,-0.1452777777777778,-0.07027777777777776,71.39999999999998,48.611111111111114,0,8.916666666666666,18.44305555555557
,,0,2025-12-04T00:00:00Z,2025-12-04T06:40:00Z,2025-12-04T03:39:17.387Z,corso_IoT,ESP_LEOPIZZI,Lecce,Stanza,0.3310344827586205,-0.007586206896551728,1.0570689655172416,0.20413793103448274,-0.17034482758620684,-0.10741379310344822,71.40000000000006,49.13793103448276,0,2.6551724137931036,18.46379310344827
,,0,2025-12-04T00:00:00Z,2025-12-04T06:40:00Z,2025-12-04T03:40:24.054Z,corso_IoT,ESP_LEOPIZZI,Lecce,Stanza,0.33101265822784753,-0.0075949367088607635,1.0587341772151904,0.25936708860759494,-0.16316455696202534,-0.10772151898734172,71.39999999999995,50,0,5.7974683544303796,18.435443037974704
,,0,2025-12-04T00:00:00Z,2025-12-04T06:40:00Z,2025-12-04T03:41:30.721Z,corso_IoT,ESP_LEOPIZZI,Lecce,Stanza,0.33069767441860465,-0.0086046511627907,1.0595348837209302,0.13325581395348834,-0.10999999999999997,-0.12232558139534878,71.40000000000005,50,0,9.883720930232558,18.399999999999984
,,0,2025-12-04T00:00:00Z,2025-12-04T06:40:00Z,2025-12-04T03:42:37.388Z,corso_IoT,ESP_LEOPIZZI,Lecce,Stanza,0.33069444444444396,-0.0068055555555555595,1.0594444444444453,0.23250000000000007,-0.1411111111111111,-0.11541666666666665,71.39999999999998,49.30555555555556,0,9.055555555555555,18.415277777777774
,,0,2025-12-04T00:00:00Z,2025-12-04T06:40:00Z,2025-12-04T03:43:44.055Z,corso_IoT,ESP_LEOPIZZI,Lecce,Stanza,0.33058823529411696,-0.007647058823529416,1.058352941176471,0.26435294117647057,-0.1498823529411765,-0.09741176470588232,71.39999999999992,50,0,8.352941176470589,18.425882352941194
,,0,2025-12-04T00:00:00Z,2025-12-04T06:40:00Z,2025-12-04T03:44:50.722Z,corso_IoT,ESP_LEOPIZZI,Lecce,Stanza,0.33081081081081026,-0.00648648648648649,1.0582432432432436,0.2809459459459458,-0.11851351351351351,-0.1085135135135135,71.39999999999996,50,0,8.378378378378379,18.400000000000013
,,0,2025-12-04T00:00:00Z,2025-12-04T06:40:00Z,2025-12-04T03:45:57.389Z,corso_IoT,ESP_LEOPIZZI,Lecce,Stanza,0.3305747126436775,-0.006436781609195406,1.0588505747126447,0.2573563218390803,-0.14448275862068966,-0.10908045977011491,71.39999999999992,50,0,8.32183908045977,18.400000000000023
,,0,2025-12-04T00:00:00Z,2025-12-04T06:40:00Z,2025-12-04T03:47:04.056Z,corso_IoT,ESP_LEOPIZZI,Lecce,Stanza,0.33103448275862,-0.006896551724137934,1.0589655172413799,0.2644827586206896,-0.14781609195402295,-0.11793103448275856,71.39999999999992,50,0,6.057471264367816,18.400000000000023
,,0,2025-12-04T00:00:00Z,2025-12-04T06:40:00Z,2025-12-04T03:48:10.723Z,corso_IoT,ESP_LEOPIZZI,Lecce,Stanza,0.33066666666666616,-0.006800000000000003,1.0582666666666667,0.2310666666666667,-0.12186666666666669,-0.10266666666666671,71.39999999999996,50,0,9.786666666666667,18.400000000000013
,,0,2025-12-04T00:00:00Z,2025-12-04T06:40:00Z,2025-12-04T03:49:17.39Z,corso_IoT,ESP_LEOPIZZI,Lecce,Stanza,0.33124999999999943,-0.0058750000000000035,1.0582500000000008,0.266125,-0.11224999999999999,-0.10700000000000003,71.39999999999995,50,0,6.6125,18.40625000000001
,,0,2025-12-04T00:00:00Z,2025-12-04T06:40:00Z,2025-12-04T03:50:24.057Z,corso_IoT,ESP_LEOPIZZI,Lecce,Stanza,0.2854651162790695,0.004302325581395346,1.0525581395348849,0.14360465116279064,-0.15069767441860465,-0.10302325581395348,71.39999999999992,41.86046511627907,0,7.4186046511627906,18.411627906976765
,,0,2025-12-04T00:00:00Z,2025-12-04T06:40:00Z,2025-12-04T03:51:30.724Z,corso_IoT,ESP_LEOPIZZI,Lecce,Stanza,0.16437500000000005,0.06421874999999999,1.0378125,0.2215625,-0.15671875000000002,-0.11984375,71.40000000000002,0,0,7.453125,18.418749999999996
,,0,2025-12-04T00:00:00Z,2025-12-04T06:40:00Z,2025-12-04T03:52:37.391Z,corso_IoT,ESP_LEOPIZZI,Lecce,Stanza,0.16373333333333337,0.06546666666666665,1.0396000000000003,0.23253333333333326,-0.03093333333333333,-0.13493333333333338,71.37200000000006,0,0,5.733333333333333,18.420000000000012
,,0,2025-12-04T00:00:00Z,2025-12-04T06:40:00Z,2025-12-04T03:53:44.058Z,corso_IoT,ESP_LEOPIZZI,Lecce,Stanza,0.1636585365853659,0.06536585365853657,1.038536585365855,0.25292682926829263,-0.08475609756097559,-0.11109756097560973,71.32195121951223,0,0,3.4146341463414633,18.403658536585382
,,0,2025-12-04T00:00:00Z,2025-12-04T06:40:00Z,2025-12-04T03:54:50.725Z,corso_IoT,ESP_LEOPIZZI,Lecce,Stanza,0.1639024390243903,0.06695121951219511,1.0396341463414644,0.2634146341463415,-0.09670731707317073,-0.13890243902439023,71.38902439024385,0,0,8.28048780487805,18.40000000000002
,,0,2025-12-04T00:00:00Z,2025-12-04T06:40:00Z,2025-12-04T03:55:57.392Z,corso_IoT,ESP_LEOPIZZI,Lecce,Stanza,0.16441558441558443,0.06649350649350647,1.038831168831169,0.2812987012987014,-0.09675324675324677,-0.12246753246753245,71.39480519480517,0,0,8.792207792207792,18.45064935064935
,,0,2025-12-04T00:00:00Z,2025-12-04T06:40:00Z,2025-12-04T03:57:04.059Z,corso_IoT,ESP_LEOPIZZI,Lecce,Stanza,0.16402439024390247,0.06670731707317072,1.0392682926829278,0.25475609756097556,-0.09243902439024387,-0.11890243902439027,71.30000000000011,0,0,8.939024390243903,18.436585365853684
,,0,2025-12-04T00:00:00Z,2025-12-04T06:40:00Z,2025-12-04T03:58:10.726Z,corso_IoT,ESP_LEOPIZZI,Lecce,Stanza,0.16419354838709682,0.06532258064516129,1.0398387096774189,0.2601612903225806,-0.14370967741935484,-0.13758064516129032,71.32580645161295,0,0,9.258064516129032,18.411290322580637
,,0,2025-12-04T00:00:00Z,2025-12-04T06:40:00Z,2025-12-04T03:59:17.393Z,corso_IoT,ESP_LEOPIZZI,Lecce,Stanza,0.16333333333333339,0.0667948717948718,1.0391025641025649,0.2446153846153846,-0.11602564102564103,-0.13474358974358977,71.3000000000001,0,0,9.461538461538462,18.43846153846155
,,0,2025-12-04T00:00:00Z,2025-12-04T06:40:00Z,2025-12-04T04:00:24.06Z,corso_IoT,ESP_LEOPIZZI,Lecce,Stanza,0.1644444444444445,0.06685185185185184,1.0399999999999994,0.25888888888888895,-0.09907407407407412,-0.12185185185185185,71.30000000000007,0,0,9.407407407407407,18.442592592592586
,,0,2025-12-04T00:00:00Z,2025-12-04T06:40:00Z,2025-12-04T04:01:30.727Z,corso_IoT,ESP_LEOPIZZI,Lecce,Stanza,0.21100000000000022,0.08114285714285717,1.0580000000000007,0.20200000000000004,0.00928571428571425,-0.14557142857142857,71.3000000000001,1.4285714285714286,0,5.9714285714285715,18.5
,,0,2025-12-04T00:00:00Z,2025-12-04T06:40:00Z,2025-12-04T04:02:37.394Z,corso_IoT,ESP_LEOPIZZI,Lecce,Stanza,0.22051724137931056,0.08327586206896552,1.0601724137931041,0.25810344827586207,-0.08499999999999999,-0.14293103448275862,71.30000000000007,0,0,8.293103448275861,18.5
,,0,2025-12-04T00:00:00Z,2025-12-04T06:40:00Z,2025-12-04T04:03:44.061Z,corso_IoT,ESP_LEOPIZZI,Lecce,Stanza,0.2273076923076926,0.0898717948717948,1.0630769230769233,0.31153846153846143,-0.0735897435897436,-0.10423076923076924,71.3000000000001,0,0,9.128205128205128,18.45897435897438
,,0,2025-12-04T00:00:00Z,2025-12-04T06:40:00Z,2025-12-04T04:04:50.728Z,corso_IoT,ESP_LEOPIZZI,Lecce,Stanza,0.22848101265822818,0.08999999999999991,1.0641772151898734,0.2569620253164557,-0.05696202531645569,-0.13367088607594935,71.3000000000001,1.8987341772151898,0,9.025316455696203,18.407594936708875
,,0,2025-12-04T00:00:00Z,2025-12-04T06:40:00Z,2025-12-04T04:05:57.395Z,corso_IoT,ESP_LEOPIZZI,Lecce,Stanza,0.2290769230769234,0.08999999999999993,1.0647692307692311,0.25523076923076937,-0.08661538461538462,-0.13353846153846152,71.30000000000008,1.5384615384615385,0,9.092307692307692,18.404615384615383
,,0,2025-12-04T00:00:00Z,2025-12-04T06:40:00Z,2025-12-04T04:07:04.062Z,corso_IoT,ESP_LEOPIZZI,Lecce,Stanza,0.22944444444444473,0.08986111111111103,1.0654166666666667,0.2818055555555555,-0.08805555555555555,-0.1318055555555555,71.3000000000001,0.6944444444444444,0,8.805555555555555,18.40000000000001
,,0,2025-12-04T00:00:00Z,2025-12-04T06:40:00Z,2025-12-04T04:08:10.729Z,corso_IoT,ESP_LEOPIZZI,Lecce,Stanza,0.22974358974359008,0.09025641025641017,1.0657692307692304,0.260128205128205,-0.10525641025641025,-0.10948717948717945,71.3000000000001,3.2051282051282053,0,8.987179487179487,18.483333333333334
,,0,2025-12-04T00:00:00Z,2025-12-04T06:40:00Z,2025-12-04T04:09:17.396Z,corso_IoT,ESP_LEOPIZZI,Lecce,Stanza,0.23000000000000034,0.08999999999999991,1.0661842105263153,0.2893421052631579,-0.11815789473684211,-0.13407894736842105,71.3000000000001,3.9473684210526314,0,4.118421052631579,18.41447368421054
,,0,2025-12-04T00:00:00Z,2025-12-04T06:40:00Z,2025-12-04T04:10:24.063Z,corso_IoT,ESP_LEOPIZZI,Lecce,Stanza,0.22951612903225835,0.08967741935483863,1.0651612903225811,0.2606451612903226,-0.09048387096774191,-0.09887096774193553,71.30000000000008,0.8064516129032258,0,7.516129032258065,18.409677419354825
,,0,2025-12-04T00:00:00Z,2025-12-04T06:40:00Z,2025-12-04T04:11:30.73Z,corso_IoT,ESP_LEOPIZZI,Lecce,Stanza,0.22961038961038993,0.09025974025974016,1.066363636363636,0.3096103896103897,-0.08142857142857145,-0.13025974025974027,71.3000000000001,3.2467532467532467,0,6.324675324675325,18.44285714285715
,,0,2025-12-04T00:00:00Z,2025-12-04T06:40:00Z,2025-12-04T04:12:37.397Z,corso_IoT,ESP_LEOPIZZI,Lecce,Stanza,0.23000000000000032,0.08985915492957737,1.0670422535211264,0.2453521126760563,-0.11718309859154932,-0.132394366197183,71.20422535211273,1.408450704225352,0,4,18.49154929577465
,,0,2025-12-04T00:00:00Z,2025-12-04T06:40:00Z,2025-12-04T04:13:44.064Z,corso_IoT,ESP_LEOPIZZI,Lecce,Stanza,0.23025641025641058,0.09012820512820505,1.0661538461538458,0.30038461538461536,-0.07525641025641026,-0.12025641025641025,71.10769230769236,1.2820512820512822,0,5.128205128205129,18.45000000000002
,,0,2025-12-04T00:00:00Z,2025-12-04T06:40:00Z,2025-12-04T04:14:50.731Z,corso_IoT,ESP_LEOPIZZI,Lecce,Stanza,0.23013333333333363,0.08986666666666658,1.0664,0.29226666666666656,-0.0956,-0.13080000000000008,71.20666666666673,0.6666666666666666,0,6.64,18.478666666666662
,,0,2025-12-04T00:00:00Z,2025-12-04T06:40:00Z,2025-12-04T04:15:57.398Z,corso_IoT,ESP_LEOPIZZI,Lecce,Stanza,0.2330158730158732,0.09428571428571421,1.0704761904761904,0.24746031746031746,-0.4479365079365078,-0.16650793650793655,71.14761904761903,22.22222222222222,0,8.079365079365079,18.488888888888894
,,0,2025-12-04T00:00:00Z,2025-12-04T06:40:00Z,2025-12-04T04:17:04.065Z,corso_IoT,ESP_LEOPIZZI,Lecce,Stanza,0.23750000000000018,0.09514705882352932,1.0711764705882347,0.2785294117647059,-0.0725,-0.13132352941176473,71.10000000000001,31.61764705882353,0,9.323529411764707,18.498529411764707
,,0,2025-12-04T00:00:00Z,2025-12-04T06:40:00Z,2025-12-04T04:18:10.732Z,corso_IoT,ESP_LEOPIZZI,Lecce,Stanza,0.23722891566265059,0.09662650602409623,1.0720481927710828,0.2959036144578313,-0.11759036144578308,-0.1363855421686747,71.10000000000007,31.927710843373493,0,7.144578313253012,18.436144578313254
,,0,2025-12-04T00:00:00Z,2025-12-04T06:40:00Z,2025-12-04T04:19:17.399Z,corso_IoT,ESP_LEOPIZZI,Lecce,Stanza,0.23830985915492967,0.0976056338028168,1.0723943661971822,0.2412676056338028,-0.10788732394366196,-0.11732394366197185,71.10000000000002,37.32394366197183,0,8.507042253521126,18.483098591549297
,,0,2025-12-04T00:00:00Z,2025-12-04T06:40:00Z,2025-12-04T04:20:24.066Z,corso_IoT,ESP_LEOPIZZI,Lecce,Stanza,0.23777777777777784,0.09736111111111101,1.0709722222222213,0.24583333333333332,-0.07041666666666667,-0.12972222222222224,71.10000000000002,31.944444444444443,0,9.63888888888889,18.480555555555558
,,0,2025-12-04T00:00:00Z,2025-12-04T06:40:00Z,2025-12-04T04:21:30.733Z,corso_IoT,ESP_LEOPIZZI,Lecce,Stanza,0.23802631578947378,0.09657894736842094,1.0715789473684199,0.31118421052631584,-0.07894736842105261,-0.11486842105263158,71.10000000000004,36.18421052631579,0,9.223684210526315,18.480263157894736
,,0,2025-12-04T00:00:00Z,2025-12-04T06:40:00Z,2025-12-04T04:22:37.4Z,corso_IoT,ESP_LEOPIZZI,Lecce,Stanza,0.23779220779220778,0.09766233766233753,1.0728571428571418,0.27454545454545454,-0.08285714285714291,-0.15337662337662336,71.09220779220782,38.311688311688314,0,5.8441558441558445,18.4883116883117
,,0,2025-12-04T00:00:00Z,2025-12-04T06:40:00Z,2025-12-04T04:23:44.067Z,corso_IoT,ESP_LEOPIZZI,Lecce,Stanza,0.23827160493827163,0.09839506172839492,1.0724691358024678,0.2920987654320988,-0.09333333333333332,-0.11493827160493827,71.10000000000007,37.65432098765432,0,8.691358024691358,18.465432098765426
,,0,2025-12-04T00:00:00Z,2025-12-04T06:40:00Z,2025-12-04T04:24:50.734Z,corso_IoT,ESP_LEOPIZZI,Lecce,Stanza,0.23867469879518066,0.09891566265060227,1.0721686746987935,0.27289156626506017,-0.07650602409638554,-0.12819277108433735,71.07108433734943,39.75903614457831,0,9.373493975903614,18.414457831325322
,,0,2025-12-04T00:00:00Z,2025-12-04T06:40:00Z,2025-12-04T04:25:57.401Z,corso_IoT,ESP_LEOPIZZI,Lecce,Stanza,0.2385526315789474,0.09815789473684199,1.072236842105262,0.3236842105263156,-0.11750000000000005,-0.12723684210526315,71.08815789473688,40.78947368421053,0,8.697368421052632,18.400000000000013
,,0,2025-12-04T00:00:00Z,2025-12-04T06:40:00Z,2025-12-04T04:27:04.068Z,corso_IoT,ESP_LEOPIZZI,Lecce,Stanza,0.23939024390243888,0.09841463414634134,1.0728048780487789,0.29085365853658546,-0.11621951219512199,-0.12439024390243901,71.10000000000007,39.02439024390244,0,7.926829268292683,18.40000000000002
,,0,2025-12-04T00:00:00Z,2025-12-04T06:40:00Z,2025-12-04T04:28:10.735Z,corso_IoT,ESP_LEOPIZZI,Lecce,Stanza,0.2392499999999999,0.09849999999999985,1.0722499999999986,0.255375,-0.09075,-0.10987500000000003,71.10000000000005,37.5,0,8.0625,18.400000000000016
,,0,2025-12-04T00:00:00Z,2025-12-04T06:40:00Z,2025-12-04T04:29:17.402Z,corso_IoT,ESP_LEOPIZZI,Lecce,Stanza,0.2385185185185185,0.09950617283950605,1.072345679012344,0.30518518518518534,-0.12851851851851853,-0.1364197530864197,71.10000000000007,40.74074074074074,0,8.950617283950617,18.400000000000016
,,0,2025-12-04T00:00:00Z,2025-12-04T06:40:00Z,2025-12-04T04:30:24.069Z,corso_IoT,ESP_LEOPIZZI,Lecce,Stanza,0.2388607594936708,0.09810126582278467,1.0740506329113908,0.2493670886075948,-0.0958227848101266,-0.1345569620253164,71.08860759493672,41.139240506329116,0,6.69620253164557,18.400000000000016
,,0,2025-12-04T00:00:00Z,2025-12-04T06:40:00Z,2025-12-04T04:31:30.736Z,corso_IoT,ESP_LEOPIZZI,Lecce,Stanza,0.23890410958904112,0.09958904109589028,1.0723287671232868,0.29136986301369866,-0.0967123287671233,-0.12698630136986297,71.08356164383567,39.726027397260275,0,8.986301369863014,18.40000000000001
,,0,2025-12-04T00:00:00Z,2025-12-04T06:40:00Z,2025-12-04T04:32:37.403Z,corso_IoT,ESP_LEOPIZZI,Lecce,Stanza,0.23961538461538476,0.09980769230769228,1.0734615384615382,0.3257692307692307,-0.0851923076923077,-0.1330769230769231,71.09999999999994,41.34615384615385,0,9.288461538461538,18.399999999999984
,,0,2025-12-04T00:00:00Z,2025-12-04T06:40:00Z,2025-12-04T04:33:44.07Z,corso_IoT,ESP_LEOPIZZI,Lecce,Stanza,0.2386567164179106,0.09850746268656707,1.072985074626865,0.2328358208955224,-0.08791044776119401,-0.09164179104477613,71.1,40.298507462686565,0,8.73134328358209,18.401492537313434
,,0,2025-12-04T00:00:00Z,2025-12-04T06:40:00Z,2025-12-04T04:34:50.737Z,corso_IoT,ESP_LEOPIZZI,Lecce,Stanza,0.2385714285714287,0.09842857142857134,1.0735714285714273,0.2728571428571428,-0.135,-0.1215714285714286,71.06571428571424,45,0,8.4,18.484285714285722
,,0,2025-12-04T00:00:00Z,2025-12-04T06:40:00Z,2025-12-04T04:35:57.404Z,corso_IoT,ESP_LEOPIZZI,Lecce,Stanza,0.23880952380952372,0.09916666666666651,1.0732142857142843,0.28702380952380946,-0.09428571428571428,-0.12583333333333332,70.9666666666667,43.45238095238095,0,9.595238095238095,18.423809523809545
,,0,2025-12-04T00:00:00Z,2025-12-04T06:40:00Z,2025-12-04T04:37:04.071Z,corso_IoT,ESP_LEOPIZZI,Lecce,Stanza,0.23940476190476176,0.0990476190476189,1.074285714285713,0.23321428571428568,-0.07250000000000001,-0.1139285714285714,71.0035714285714,42.857142857142854,0,7.273809523809524,18.46785714285715
,,0,2025-12-04T00:00:00Z,2025-12-04T06:40:00Z,2025-12-04T04:38:10.738Z,corso_IoT,ESP_LEOPIZZI,Lecce,Stanza,0.23846153846153847,0.09807692307692295,1.0751282051282038,0.2956410256410255,-0.12487179487179485,-0.138974358974359,70.90512820512815,44.87179487179487,0,9.012820512820513,18.466666666666683
,,0,2025-12-04T00:00:00Z,2025-12-04T06:40:00Z,2025-12-04T04:39:17.405Z,corso_IoT,ESP_LEOPIZZI,Lecce,Stanza,0.23837209302325565,0.09895348837209288,1.0736046511627888,0.27290697674418607,-0.12360465116279067,-0.12813953488372096,70.92325581395346,44.76744186046512,0,7.162790697674419,18.406976744186068
,,0,2025-12-04T00:00:00Z,2025-12-04T06:40:00Z,2025-12-04T04:40:24.072Z,corso_IoT,ESP_LEOPIZZI,Lecce,Stanza,0.23878378378378384,0.09918918918918908,1.0736486486486474,0.27891891891891896,-0.11905405405405406,-0.12608108108108107,71.00405405405404,45.270270270270274,0,7.121621621621622,18.400000000000013
,,0,2025-12-04T00:00:00Z,2025-12-04T06:40:00Z,2025-12-04T04:41:30.739Z,corso_IoT,ESP_LEOPIZZI,Lecce,Stanza,0.23941176470588246,0.09941176470588224,1.075735294117646,0.29632352941176476,-0.11661764705882356,-0.13985294117647062,71.03088235294123,46.3235294117647,0,5.838235294117647,18.400000000000006
,,0,2025-12-04T00:00:00Z,2025-12-04T06:40:00Z,2025-12-04T04:42:37.406Z,corso_IoT,ESP_LEOPIZZI,Lecce,Stanza,0.23955223880597032,0.09865671641791035,1.0743283582089544,0.24074626865671642,-0.12925373134328355,-0.15940298507462697,71.1,45.52238805970149,0,5.880597014925373,18.400000000000002
,,0,2025-12-04T00:00:00Z,2025-12-04T06:40:00Z,2025-12-04T04:43:44.073Z,corso_IoT,ESP_LEOPIZZI,Lecce,Stanza,0.26560606060606035,0.13757575757575774,1.107272727272727,-0.4936363636363637,0.699545454545455,-0.335757575757576,71.5287878787879,49.24242424242424,0,7.0606060606060606,18.44848484848484
,,0,2025-12-04T00:00:00Z,2025-12-04T06:40:00Z,2025-12-04T04:44:50.74Z,corso_IoT,ESP_LEOPIZZI,Lecce,Stanza,0.28693548387096746,0.15000000000000016,1.1196774193548382,0.3000000000000001,-0.13903225806451616,-0.1409677419354839,71.35967741935494,50,0,8.129032258064516,18.5
,,0,2025-12-04T00:00:00Z,2025-12-04T06:40:00Z,2025-12-04T04:45:57.407Z,corso_IoT,ESP_LEOPIZZI,Lecce,Stanza,0.28720588235294076,0.14970588235294136,1.1188235294117646,0.30308823529411766,-0.11294117647058828,-0.14073529411764701,71.14999999999999,50,0,6.544117647058823,18.5
,,0,2025-12-04T00:00:00Z,2025-12-04T06:40:00Z,2025-12-04T04:47:04.074Z,corso_IoT,ESP_LEOPIZZI,Lecce,Stanza,0.2883098591549291,0.14887323943661987,1.1195774647887322,0.299718309859155,-0.12450704225352117,-0.11126760563380281,71.0225352112676,50,0,5.788732394366197,18.5
,,0,2025-12-04T00:00:00Z,2025-12-04T06:40:00Z,2025-12-04T04:48:10.741Z,corso_IoT,ESP_LEOPIZZI,Lecce,Stanza,0.2887499999999997,0.14895833333333344,1.121041666666666,0.27625,-0.08458333333333334,-0.13145833333333332,70.98750000000001,50,0,2.4583333333333335,18.5
,,0,2025-12-04T00:00:00Z,2025-12-04T06:40:00Z,2025-12-04T04:49:17.408Z,corso_IoT,ESP_LEOPIZZI,Lecce,Stanza,0.29019607843137213,0.14803921568627457,1.1196078431372543,0.29725490196078425,-0.03843137254901959,-0.12431372549019606,70.90000000000005,50,0,2.627450980392157,18.5
,,0,2025-12-04T00:00:00Z,2025-12-04T06:40:00Z,2025-12-04T04:50:24.075Z,corso_IoT,ESP_LEOPIZZI,Lecce,Stanza,0.326,0.13727272727272724,1.1270909090909103,0.43018181818181805,-0.06672727272727272,-0.018363636363636353,70.90000000000006,50,0,9.054545454545455,18.5
,,0,2025-12-04T00:00:00Z,2025-12-04T06:40:00Z,2025-12-04T04:51:30.742Z,corso_IoT,ESP_LEOPIZZI,Lecce,Stanza,0.350588235294118,0.12794117647058825,1.133823529411765,0.25558823529411767,-0.12117647058823534,-0.07073529411764705,70.89999999999999,50,0,3.6323529411764706,18.5
,,0,2025-12-04T00:00:00Z,2025-12-04T06:40:00Z,2025-12-04T04:52:37.409Z,corso_IoT,ESP_LEOPIZZI,Lecce,Stanza,0.35025641025641,0.12871794871794867,1.133846153846154,0.241025641025641,-0.03282051282051282,-0.1030769230769231,70.90000000000005,50,0,7.102564102564102,18.5
,,0,2025-12-04T00:00:00Z,2025-12-04T06:40:00Z,2025-12-04T04:53:44.076Z,corso_IoT,ESP_LEOPIZZI,Lecce,Stanza,0.35100000000000037,0.12925000000000011,1.1332499999999999,0.26587500000000003,-0.1325,-0.10674999999999998,70.89999999999995,50,0,9.1625,18.483750000000004
,,0,2025-12-04T00:00:00Z,2025-12-04T06:40:00Z,2025-12-04T04:54:50.743Z,corso_IoT,ESP_LEOPIZZI,Lecce,Stanza,0.35074074074074113,0.12950617283950627,1.1349382716049383,0.26765432098765424,-0.12320987654320986,-0.08604938271604937,70.89999999999993,50,0,8.864197530864198,18.40370370370372
,,0,2025-12-04T00:00:00Z,2025-12-04T06:40:00Z,2025-12-04T04:55:57.41Z,corso_IoT,ESP_LEOPIZZI,Lecce,Stanza,0.35080459770114986,0.1296551724137933,1.1342528735632182,0.3289655172413794,-0.1477011494252873,-0.06413793103448276,70.93448275862067,50,0,6.735632183908046,18.400000000000023
,,0,2025-12-04T00:00:00Z,2025-12-04T06:40:00Z,2025-12-04T04:57:04.077Z,corso_IoT,ESP_LEOPIZZI,Lecce,Stanza,0.3510588235294122,0.12988235294117662,1.1354117647058823,0.2467058823529412,-0.08552941176470588,-0.08647058823529412,70.95999999999994,50,0,6.741176470588235,18.40000000000002
,,0,2025-12-04T00:00:00Z,2025-12-04T06:40:00Z,2025-12-04T04:58:10.744Z,corso_IoT,ESP_LEOPIZZI,Lecce,Stanza,0.3518604651162794,0.12988372093023273,1.1341860465116276,0.2956976744186048,-0.13046511627906973,-0.07372093023255817,70.96976744186051,50,0,9.569767441860465,18.400000000000023
,,0,2025-12-04T00:00:00Z,2025-12-04T06:40:00Z,2025-12-04T04:59:17.411Z,corso_IoT,ESP_LEOPIZZI,Lecce,Stanza,0.35126582278481056,0.12962025316455708,1.1343037974683543,0.289873417721519,-0.09544303797468355,-0.12316455696202532,71.09620253164562,50,0,9.924050632911392,18.400000000000016
,,0,2025-12-04T00:00:00Z,2025-12-04T06:40:00Z,2025-12-04T05:00:24.078Z,corso_IoT,ESP_LEOPIZZI,Lecce,Stanza,0.3525675675675677,0.12986486486486493,1.1347297297297296,0.27067567567567563,-0.1016216216216216,-0.10202702702702703,71.10000000000004,50,0,8.5,18.400000000000013
,,0,2025-12-04T00:00:00Z,2025-12-04T06:40:00Z,2025-12-04T05:01:30.745Z,corso_IoT,ESP_LEOPIZZI,Lecce,Stanza,0.35191780821917834,0.129041095890411,1.134931506849315,0.3116438356164385,-0.13904109589041092,-0.07780821917808219,71.10000000000002,50,0,8.287671232876713,18.40000000000001
,,0,2025-12-04T00:00:00Z,2025-12-04T06:40:00Z,2025-12-04T05:02:37.412Z,corso_IoT,ESP_LEOPIZZI,Lecce,Stanza,0.3513157894736846,0.13026315789473691,1.134736842105263,0.2584210526315789,-0.13526315789473684,-0.07789473684210527,71.04078947368419,50,0,8.605263157894736,18.403947368421065
,,0,2025-12-04T00:00:00Z,2025-12-04T06:40:00Z,2025-12-04T05:03:44.079Z,corso_IoT,ESP_LEOPIZZI,Lecce,Stanza,0.21885245901639352,0.11491803278688514,1.0990163934426234,0.4213114754098362,0.3539344262295084,-0.2314754098360656,71.23606557377047,35.24590163934426,0,2.8688524590163933,18.42459016393441
,,0,2025-12-04T00:00:00Z,2025-12-04T06:40:00Z,2025-12-04T05:04:50.746Z,corso_IoT,ESP_LEOPIZZI,Lecce,Stanza,-0.040123456790123475,0.09629629629629616,1.036666666666668,0.2774074074074073,-0.10395061728395064,-0.14518518518518517,71.51481481481478,0,0,8.296296296296296,18.5
,,0,2025-12-04T00:00:00Z,2025-12-04T06:40:00Z,2025-12-04T05:05:57.413Z,corso_IoT,ESP_LEOPIZZI,Lecce,Stanza,-0.04870588235294111,0.10388235294117643,1.0402352941176478,0.1429411764705882,0.001529411764705867,-0.1775294117647059,71.15529411764707,3.5294117647058822,0,9.352941176470589,18.53176470588233
,,0,2025-12-04T00:00:00Z,2025-12-04T06:40:00Z,2025-12-04T05:07:04.08Z,corso_IoT,ESP_LEOPIZZI,Lecce,Stanza,-0.04999999999999993,0.10549295774647888,1.0411267605633803,0.2811267605633803,-0.15633802816901407,-0.13971830985915493,70.88873239436627,0,0,2.8028169014084505,18.595774647887318
,,0,2025-12-04T00:00:00Z,2025-12-04T06:40:00Z,2025-12-04T05:08:10.747Z,corso_IoT,ESP_LEOPIZZI,Lecce,Stanza,-0.049879518072289075,0.10722891566265065,1.0422891566265062,0.2625301204819277,-0.0760240963855422,-0.17626506024096386,70.81807228915673,0,0,7.951807228915663,18.59999999999998
,,0,2025-12-04T00:00:00Z,2025-12-04T06:40:00Z,2025-12-04T05:09:17.414Z,corso_IoT,ESP_LEOPIZZI,Lecce,Stanza,-0.04982456140350874,0.10894736842105272,1.0433333333333323,0.2340350877192982,-0.11157894736842104,-0.16631578947368422,70.71228070175431,0,0,8.456140350877194,18.600000000000012
,,0,2025-12-04T00:00:00Z,2025-12-04T06:40:00Z,2025-12-04T05:10:24.081Z,corso_IoT,ESP_LEOPIZZI,Lecce,Stanza,-0.049868421052631506,0.10881578947368427,1.0432894736842102,0.2701315789473684,-0.12460526315789482,-0.1413157894736843,70.6999999999999,0,0,6.75,18.599999999999987
,,0,2025-12-04T00:00:00Z,2025-12-04T06:40:00Z,2025-12-04T05:11:30.748Z,corso_IoT,ESP_LEOPIZZI,Lecce,Stanza,0.08172413793103447,0.08706896551724132,1.053620689655172,1.0918965517241381,0.05810344827586208,-0.011551724137931053,70.69999999999993,21.551724137931036,0,7.344827586206897,18.600000000000012
,,0,2025-12-04T00:00:00Z,2025-12-04T06:40:00Z,2025-12-04T05:12:37.415Z,corso_IoT,ESP_LEOPIZZI,Lecce,Stanza,0.3208219178082193,0.050273972602739664,1.0797260273972595,0.24534246575342472,-0.14438356164383562,-0.0991780821917808,70.52328767123288,50,0,8.136986301369863,18.59999999999999
,,0,2025-12-04T00:00:00Z,2025-12-04T06:40:00Z,2025-12-04T05:13:44.082Z,corso_IoT,ESP_LEOPIZZI,Lecce,Stanza,0.3218571428571429,0.05014285714285708,1.0787142857142846,0.2695714285714285,-0.1335714285714286,-0.11685714285714288,70.58714285714282,50,0,6.828571428571428,18.561428571428564
,,0,2025-12-04T00:00:00Z,2025-12-04T06:40:00Z,2025-12-04T05:14:50.749Z,corso_IoT,ESP_LEOPIZZI,Lecce,Stanza,0.3232530120481926,0.05024096385542162,1.0797590361445772,0.26746987951807216,-0.11289156626506024,-0.10060240963855419,70.7734939759037,50,0,9.518072289156626,18.5
,,0,2025-12-04T00:00:00Z,2025-12-04T06:40:00Z,2025-12-04T05:15:57.416Z,corso_IoT,ESP_LEOPIZZI,Lecce,Stanza,0.32303571428571437,0.04999999999999997,1.0796428571428562,0.29874999999999996,-0.13964285714285712,-0.1426785714285714,70.79464285714293,50,0,8.875,18.5
,,0,2025-12-04T00:00:00Z,2025-12-04T06:40:00Z,2025-12-04T05:17:04.083Z,corso_IoT,ESP_LEOPIZZI,Lecce,Stanza,0.3254794520547942,0.0501369863013698,1.080136986301369,0.31000000000000005,-0.1617808219178082,-0.09465753424657539,70.8000000000001,50,0,8.36986301369863,18.5
,,0,2025-12-04T00:00:00Z,2025-12-04T06:40:00Z,2025-12-04T05:18:10.75Z,corso_IoT,ESP_LEOPIZZI,Lecce,Stanza,0.32674999999999965,0.05074999999999994,1.0803749999999994,0.21975000000000006,-0.05437499999999999,-0.11749999999999997,70.8000000000001,50,0,9.0625,18.5
,,0,2025-12-04T00:00:00Z,2025-12-04T06:40:00Z,2025-12-04T05:19:17.417Z,corso_IoT,ESP_LEOPIZZI,Lecce,Stanza,0.3261904761904763,0.050952380952380964,1.08047619047619,0.257142857142857,-0.17119047619047617,-0.09166666666666666,70.80000000000004,50,0,4.928571428571429,18.5
,,0,2025-12-04T00:00:00Z,2025-12-04T06:40:00Z,2025-12-04T05:20:24.084Z,corso_IoT,ESP_LEOPIZZI,Lecce,Stanza,0.3261111111111108,0.05069444444444439,1.0818055555555552,0.2588888888888889,-0.14472222222222222,-0.08194444444444446,70.8000000000001,50,0,6.875,18.5
,,0,2025-12-04T00:00:00Z,2025-12-04T06:40:00Z,2025-12-04T05:21:30.751Z,corso_IoT,ESP_LEOPIZZI,Lecce,Stanza,0.32765432098765385,0.0509876543209876,1.0811111111111105,0.1867901234567901,-0.12098765432098763,-0.12530864197530864,70.81111111111116,50,0,9.11111111111111,18.5
,,0,2025-12-04T00:00:00Z,2025-12-04T06:40:00Z,2025-12-04T05:22:37.418Z,corso_IoT,ESP_LEOPIZZI,Lecce,Stanza,0.32674999999999965,0.050999999999999934,1.0812499999999994,0.24624999999999994,-0.14400000000000002,-0.141125,70.82000000000008,50,0,6.7625,18.5
,,0,2025-12-04T00:00:00Z,2025-12-04T06:40:00Z,2025-12-04T05:23:44.085Z,corso_IoT,ESP_LEOPIZZI,Lecce,Stanza,0.3418644067796609,0.06847457627118642,1.0964406779661027,0.36932203389830515,-0.3035593220338983,-0.2115254237288135,70.98305084745759,50,0,7.5423728813559325,18.466101694915245
,,0,2025-12-04T00:00:00Z,2025-12-04T06:40:00Z,2025-12-04T05:24:50.752Z,corso_IoT,ESP_LEOPIZZI,Lecce,Stanza,0.34588235294117664,0.07794117647058829,1.1005882352941176,0.21691176470588241,-0.11279411764705886,-0.1335294117647059,70.98382352941174,50,0,9.308823529411764,18.480882352941173
,,0,2025-12-04T00:00:00Z,2025-12-04T06:40:00Z,2025-12-04T05:25:57.419Z,corso_IoT,ESP_LEOPIZZI,Lecce,Stanza,0.34614285714285725,0.07828571428571433,1.1025714285714285,0.2690000000000001,-0.1057142857142857,-0.09457142857142853,70.89999999999999,50,0,5.0285714285714285,18.410000000000007
,,0,2025-12-04T00:00:00Z,2025-12-04T06:40:00Z,2025-12-04T05:27:04.086Z,corso_IoT,ESP_LEOPIZZI,Lecce,Stanza,0.34764705882352975,0.07905882352941182,1.1029411764705874,0.2091764705882353,-0.13482352941176462,-0.13858823529411765,70.90941176470584,50,0,6,18.40000000000002
,,0,2025-12-04T00:00:00Z,2025-12-04T06:40:00Z,2025-12-04T05:28:10.753Z,corso_IoT,ESP_LEOPIZZI,Lecce,Stanza,0.3462121212121214,0.07772727272727277,1.102121212121212,0.238030303030303,-0.14393939393939392,-0.10212121212121214,71.01212121212126,50,0,7.303030303030303,18.400000000000002
,,0,2025-12-04T00:00:00Z,2025-12-04T06:40:00Z,2025-12-04T05:29:17.42Z,corso_IoT,ESP_LEOPIZZI,Lecce,Stanza,0.34585714285714303,0.07771428571428575,1.103,0.24142857142857135,-0.11014285714285713,-0.14514285714285707,71.06142857142856,50,0,8.142857142857142,18.400000000000006
,,0,2025-12-04T00:00:00Z,2025-12-04T06:40:00Z,2025-12-04T05:30:24.087Z,corso_IoT,ESP_LEOPIZZI,Lecce,Stanza,0.34644736842105284,0.0789473684210527,1.1024999999999991,0.2811842105263158,-0.13578947368421054,-0.13671052631578948,71.03684210526323,50,0,8.921052631578947,18.400000000000013
,,0,2025-12-04T00:00:00Z,2025-12-04T06:40:00Z,2025-12-04T05:31:30.754Z,corso_IoT,ESP_LEOPIZZI,Lecce,Stanza,0.3290740740740739,0.09129629629629636,1.103703703703704,-0.21574074074074076,-0.367962962962963,-0.3075925925925926,71.18333333333335,50,0,9.833333333333334,18.37222222222221
,,0,2025-12-04T00:00:00Z,2025-12-04T06:40:00Z,2025-12-04T05:32:37.421Z,corso_IoT,ESP_LEOPIZZI,Lecce,Stanza,0.28435483870967715,0.11080645161290333,1.0956451612903233,0.23016129032258065,-0.12516129032258067,-0.12306451612903224,71.34677419354848,50,0,8.806451612903226,18.399999999999995
,,0,2025-12-04T00:00:00Z,2025-12-04T06:40:00Z,2025-12-04T05:33:44.088Z,corso_IoT,ESP_LEOPIZZI,Lecce,Stanza,0.28560975609756084,0.11048780487804882,1.0959756097560984,0.24963414634146344,-0.12560975609756098,-0.09573170731707312,71.30000000000011,50,0,9.378048780487806,18.40000000000002
,,0,2025-12-04T00:00:00Z,2025-12-04T06:40:00Z,2025-12-04T05:34:50.755Z,corso_IoT,ESP_LEOPIZZI,Lecce,Stanza,0.282289156626506,0.11096385542168678,1.0967469879518075,0.25216867469879506,-0.10156626506024095,-0.11903614457831327,71.30000000000011,50,0,6.349397590361446,18.40000000000002
,,0,2025-12-04T00:00:00Z,2025-12-04T06:40:00Z,2025-12-04T05:35:57.422Z,corso_IoT,ESP_LEOPIZZI,Lecce,Stanza,0.2746428571428569,0.11785714285714273,1.0959523809523812,0.27833333333333343,-0.1926190476190476,-0.0626190476190476,71.30000000000011,50,0,8.130952380952381,18.40000000000002
,,0,2025-12-04T00:00:00Z,2025-12-04T06:40:00Z,2025-12-04T05:37:04.089Z,corso_IoT,ESP_LEOPIZZI,Lecce,Stanza,0.2714666666666664,0.12026666666666666,1.0970666666666669,0.2578666666666667,-0.12480000000000006,-0.11373333333333337,71.3000000000001,50,0,9.386666666666667,18.400000000000013
,,0,2025-12-04T00:00:00Z,2025-12-04T06:40:00Z,2025-12-04T05:38:10.756Z,corso_IoT,ESP_LEOPIZZI,Lecce,Stanza,0.27224999999999977,0.11999999999999995,1.0971250000000001,0.2797499999999999,-0.06775,-0.10799999999999994,71.3000000000001,50,0,9.4625,18.400000000000016
,,0,2025-12-04T00:00:00Z,2025-12-04T06:40:00Z,2025-12-04T05:39:17.423Z,corso_IoT,ESP_LEOPIZZI,Lecce,Stanza,0.2716666666666664,0.12025641025641025,1.097564102564103,0.24141025641025649,-0.12948717948717955,-0.11705128205128201,71.19487179487189,50,0,6.756410256410256,18.400000000000016
,,0,2025-12-04T00:00:00Z,2025-12-04T06:40:00Z,2025-12-04T05:40:24.09Z,corso_IoT,ESP_LEOPIZZI,Lecce,Stanza,0.27265822784810106,0.120253164556962,1.0968354430379748,0.22658227848101273,-0.13835443037974682,-0.11000000000000001,71.10000000000005,50,0,4.620253164556962,18.400000000000016
,,0,2025-12-04T00:00:00Z,2025-12-04T06:40:00Z,2025-12-04T05:41:30.757Z,corso_IoT,ESP_LEOPIZZI,Lecce,Stanza,0.27219512195121937,0.12048780487804886,1.0953658536585376,0.26292682926829264,-0.1021951219512195,-0.07902439024390241,71.09999999999995,50,0,5.536585365853658,18.399999999999984
,,0,2025-12-04T00:00:00Z,2025-12-04T06:40:00Z,2025-12-04T05:42:37.424Z,corso_IoT,ESP_LEOPIZZI,Lecce,Stanza,0.2703571428571427,0.12107142857142862,1.098571428571429,0.2657142857142858,-0.07785714285714287,-0.09714285714285716,71.09999999999997,50,0,6.428571428571429,18.399999999999988
,,0,2025-12-04T00:00:00Z,2025-12-04T06:40:00Z,2025-12-04T05:43:44.091Z,corso_IoT,ESP_LEOPIZZI,Lecce,Stanza,0.2703333333333331,0.12050000000000008,1.0986666666666673,0.27099999999999996,-0.1128333333333333,-0.11800000000000002,71.09999999999995,50,0,8.833333333333334,18.39999999999999
,,0,2025-12-04T00:00:00Z,2025-12-04T06:40:00Z,2025-12-04T05:44:50.758Z,corso_IoT,ESP_LEOPIZZI,Lecce,Stanza,0.270845070422535,0.12112676056338033,1.096901408450705,0.25126760563380285,-0.0943661971830986,-0.13760563380281687,71.10000000000002,50,0,8.873239436619718,18.40000000000001
,,0,2025-12-04T00:00:00Z,2025-12-04T06:40:00Z,2025-12-04T05:45:57.425Z,corso_IoT,ESP_LEOPIZZI,Lecce,Stanza,0.2704545454545452,0.1211363636363637,1.0965909090909098,0.29613636363636364,-0.0815909090909091,-0.14318181818181813,71.06136363636361,50,0,5.7272727272727275,18.399999999999984
,,0,2025-12-04T00:00:00Z,2025-12-04T06:40:00Z,2025-12-04T05:47:04.092Z,corso_IoT,ESP_LEOPIZZI,Lecce,Stanza,0.27266666666666645,0.12173333333333335,1.0997333333333332,0.2552,-0.04999999999999998,-0.12759999999999994,70.98666666666666,50,0,5.84,18.400000000000013
,,0,2025-12-04T00:00:00Z,2025-12-04T06:40:00Z,2025-12-04T05:48:10.759Z,corso_IoT,ESP_LEOPIZZI,Lecce,Stanza,0.27243902439024376,0.1212195121951219,1.0981707317073166,0.2718292682926829,-0.06841463414634145,-0.12292682926829267,71.00121951219515,50,0,5.7560975609756095,18.40000000000002
,,0,2025-12-04T00:00:00Z,2025-12-04T06:40:00Z,2025-12-04T05:49:17.426Z,corso_IoT,ESP_LEOPIZZI,Lecce,Stanza,0.2724418604651161,0.12220930232558133,1.0970930232558138,0.24534883720930223,-0.12860465116279077,-0.1340697674418605,71.02325581395347,50,0,6.3023255813953485,18.400000000000023
,,0,2025-12-04T00:00:00Z,2025-12-04T06:40:00Z,2025-12-04T05:50:24.093Z,corso_IoT,ESP_LEOPIZZI,Lecce,Stanza,0.2717460317460314,0.12174603174603181,1.098095238095239,0.26507936507936514,-0.10888888888888887,-0.13269841269841268,71.09365079365077,50,0,9.301587301587302,18.4
,,0,2025-12-04T00:00:00Z,2025-12-04T06:40:00Z,2025-12-04T05:51:30.76Z,corso_IoT,ESP_LEOPIZZI,Lecce,Stanza,0.271578947368421,0.12236842105263164,1.0981578947368427,0.21131578947368415,-0.09157894736842104,-0.1436842105263158,71.09999999999995,50,0,9.052631578947368,18.399999999999988
,,0,2025-12-04T00:00:00Z,2025-12-04T06:40:00Z,2025-12-04T05:52:37.427Z,corso_IoT,ESP_LEOPIZZI,Lecce,Stanza,0.271785714285714,0.12196428571428578,1.0975000000000013,0.2530357142857143,-0.0989285714285714,-0.08839285714285712,71.09999999999994,50,0,8.428571428571429,18.399999999999984
,,0,2025-12-04T00:00:00Z,2025-12-04T06:40:00Z,2025-12-04T05:53:44.094Z,corso_IoT,ESP_LEOPIZZI,Lecce,Stanza,0.2727499999999999,0.12225,1.098625,0.253875,-0.07762500000000001,-0.10574999999999998,71.10000000000005,50,0,7.9,18.400000000000016
,,0,2025-12-04T00:00:00Z,2025-12-04T06:40:00Z,2025-12-04T05:54:50.761Z,corso_IoT,ESP_LEOPIZZI,Lecce,Stanza,0.2741975308641974,0.12283950617283954,1.0993827160493825,0.224074074074074,-0.09456790123456787,-0.11987654320987651,71.10000000000007,50,0,9.345679012345679,18.388888888888893
,,0,2025-12-04T00:00:00Z,2025-12-04T06:40:00Z,2025-12-04T05:55:57.428Z,corso_IoT,ESP_LEOPIZZI,Lecce,Stanza,0.2725925925925924,0.122962962962963,1.0996296296296304,0.2716666666666666,-0.13814814814814813,-0.11203703703703699,71.12962962962962,50,0,8.88888888888889,18.394444444444428
,,0,2025-12-04T00:00:00Z,2025-12-04T06:40:00Z,2025-12-04T05:57:04.095Z,corso_IoT,ESP_LEOPIZZI,Lecce,Stanza,0.27365384615384597,0.12346153846153848,1.0990384615384625,0.3149999999999999,-0.14807692307692305,-0.10730769230769233,71.15769230769224,50,0,3.769230769230769,18.399999999999984
,,0,2025-12-04T00:00:00Z,2025-12-04T06:40:00Z,2025-12-04T05:58:10.762Z,corso_IoT,ESP_LEOPIZZI,Lecce,Stanza,0.2740506329113923,0.12227848101265819,1.0994936708860759,0.2708860759493672,-0.14493670886075954,-0.10632911392405063,71.10000000000005,50,0,8.79746835443038,18.400000000000016
,,0,2025-12-04T00:00:00Z,2025-12-04T06:40:00Z,2025-12-04T05:59:17.429Z,corso_IoT,ESP_LEOPIZZI,Lecce,Stanza,0.274918032786885,0.12278688524590169,1.0990163934426238,0.2563934426229509,-0.09754098360655736,-0.12196721311475413,71.09999999999997,50,0,8.508196721311476,18.399999999999995
,,0,2025-12-04T00:00:00Z,2025-12-04T06:40:00Z,2025-12-04T06:00:24.096Z,corso_IoT,ESP_LEOPIZZI,Lecce,Stanza,0.27208333333333334,0.12458333333333334,1.1008333333333336,0.31416666666666665,-0.022499999999999992,-0.13833333333333334,71.09999999999998,50,0,8.916666666666666,18.39999999999999
,,0,2025-12-04T00:00:00Z,2025-12-04T06:40:00Z,2025-12-04T06:01:30.763Z,corso_IoT,ESP_LEOPIZZI,Lecce,Stanza,0.29388059701492525,0.008059701492537315,1.0498507462686557,0.21686567164179105,0.025970149253731343,-0.15194029850746268,71.47910447761188,2.985074626865672,0,9.253731343283581,18.400000000000002
,,0,2025-12-04T00:00:00Z,2025-12-04T06:40:00Z,2025-12-04T06:02:37.43Z,corso_IoT,ESP_LEOPIZZI,Lecce,Stanza,0.2961224489795919,0.004489795918367348,1.048571428571428,0.2734693877551021,-0.13653061224489801,-0.09551020408163265,71.33469387755109,0,0,9.040816326530612,18.399999999999984
,,0,2025-12-04T00:00:00Z,2025-12-04T06:40:00Z,2025-12-04T06:03:44.097Z,corso_IoT,ESP_LEOPIZZI,Lecce,Stanza,0.2952702702702702,0.00621621621621622,1.0493243243243233,0.2366216216216216,-0.10391891891891894,-0.10337837837837838,71.22162162162171,0,0,5.945945945945946,18.400000000000013
,,0,2025-12-04T00:00:00Z,2025-12-04T06:40:00Z,2025-12-04T06:04:50.764Z,corso_IoT,ESP_LEOPIZZI,Lecce,Stanza,0.29623376623376624,0.007012987012987016,1.0487012987012976,0.24168831168831173,-0.05701298701298699,-0.13454545454545455,71.14935064935065,0,0,4.766233766233766,18.400000000000013
,,0,2025-12-04T00:00:00Z,2025-12-04T06:40:00Z,2025-12-04T06:05:57.431Z,corso_IoT,ESP_LEOPIZZI,Lecce,Stanza,0.2955405405405406,0.007567567567567571,1.0491891891891887,0.260945945945946,-0.107972972972973,-0.10716216216216216,71.26756756756765,0.6756756756756757,0,9.013513513513514,18.39594594594595
,,0,2025-12-04T00:00:00Z,2025-12-04T06:40:00Z,2025-12-04T06:07:04.098Z,corso_IoT,ESP_LEOPIZZI,Lecce,Stanza,0.295974025974026,0.008831168831168835,1.0494805194805183,0.23766233766233763,-0.08389610389610391,-0.1057142857142857,71.2974025974027,0.6493506493506493,0,8.857142857142858,18.400000000000013
,,0,2025-12-04T00:00:00Z,2025-12-04T06:40:00Z,2025-12-04T06:08:10.765Z,corso_IoT,ESP_LEOPIZZI,Lecce,Stanza,0.29622950819672134,0.008196721311475414,1.049999999999999,0.2906557377049181,-0.07459016393442622,-0.08377049180327871,71.19508196721311,0,0,4.983606557377049,18.399999999999995
,,0,2025-12-04T00:00:00Z,2025-12-04T06:40:00Z,2025-12-04T06:09:17.432Z,corso_IoT,ESP_LEOPIZZI,Lecce,Stanza,0.29661016949152547,0.008644067796610174,1.0499999999999992,0.253728813559322,-0.15406779661016948,-0.14949152542372882,71.15423728813559,0.847457627118644,0,9.661016949152541,18.396610169491517
,,0,2025-12-04T00:00:00Z,2025-12-04T06:40:00Z,2025-12-04T06:10:24.099Z,corso_IoT,ESP_LEOPIZZI,Lecce,Stanza,0.1346428571428572,0.030714285714285725,1.0357142857142858,0.7410714285714286,3.3135714285714286,-0.7046428571428571,71.32142857142858,8.928571428571429,0,6.535714285714286,18.399999999999988
,,0,2025-12-04T00:00:00Z,2025-12-04T06:40:00Z,2025-12-04T06:11:30.766Z,corso_IoT,ESP_LEOPIZZI,Lecce,Stanza,-0.01365853658536586,-0.006463414634146345,0.9951219512195117,0.4535365853658536,0.05414634146341464,-0.04292682926829266,71.22317073170743,0,4.42012195121951,4.2073170731707314,18.396341463414654
,,0,2025-12-04T00:00:00Z,2025-12-04T06:40:00Z,2025-12-04T06:12:37.433Z,corso_IoT,ESP_LEOPIZZI,Lecce,Stanza,-0.010000000000000005,-0.00786666666666667,0.9968000000000007,0.3990666666666667,0.24373333333333325,0.038266666666666664,71.29466666666677,0.6666666666666666,17.920533333333335,7.373333333333333,18.400000000000013
,,0,2025-12-04T00:00:00Z,2025-12-04T06:40:00Z,2025-12-04T06:13:44.1Z,corso_IoT,ESP_LEOPIZZI,Lecce,Stanza,0.0059459459459459425,-0.0032432432432432435,0.9956756756756754,-0.091081081081081,0.6813513513513514,0.07810810810810813,71.30000000000003,2.7027027027027026,17.97108108108108,5.54054054054054,18.437837837837833
,,0,2025-12-04T00:00:00Z,2025-12-04T06:40:00Z,2025-12-04T06:14:50.767Z,corso_IoT,ESP_LEOPIZZI,Lecce,Stanza,0.030363636363636377,0.005636363636363633,1.0054545454545458,-0.002000000000000055,-0.06890909090909089,0.16018181818181826,71.29636363636371,8.181818181818182,18.314909090909104,4.527272727272727,18.5
,,0,2025-12-04T00:00:00Z,2025-12-04T06:40:00Z,2025-12-04T06:15:57.434Z,corso_IoT,ESP_LEOPIZZI,Lecce,Stanza,0.004411764705882353,-0.029411764705882373,0.9926470588235288,0.4173529411764705,0.053235294117647054,-0.055882352941176466,71.05,0,3.234705882352941,7.823529411764706,18.579411764705895
,,0,2025-12-04T00:00:00Z,2025-12-04T06:40:00Z,2025-12-04T06:17:04.101Z,corso_IoT,ESP_LEOPIZZI,Lecce,Stanza,0.0016666666666666666,-0.030476190476190455,0.9915476190476182,0.42202380952380963,0.08750000000000002,-0.037023809523809514,70.86309523809533,0,0,7.178571428571429,18.592857142857127
,,0,2025-12-04T00:00:00Z,2025-12-04T06:40:00Z,2025-12-04T06:18:10.768Z,corso_IoT,ESP_LEOPIZZI,Lecce,Stanza,0.001153846153846154,-0.030000000000000023,0.9921153846153847,0.4184615384615385,0.12134615384615383,-0.02884615384615384,70.88076923076927,0,0,8.288461538461538,18.51923076923077
,,0,2025-12-04T00:00:00Z,2025-12-04T06:40:00Z,2025-12-04T06:19:17.435Z,corso_IoT,ESP_LEOPIZZI,Lecce,Stanza,0.0013846153846153845,-0.03030769230769233,0.9907692307692313,0.4173846153846154,0.05538461538461538,-0.05,70.90000000000002,0,0,8.507692307692308,18.5
,,0,2025-12-04T00:00:00Z,2025-12-04T06:40:00Z,2025-12-04T06:20:24.102Z,corso_IoT,ESP_LEOPIZZI,Lecce,Stanza,0.0004761904761904762,-0.030714285714285687,0.9908333333333327,0.41095238095238085,0.08738095238095236,-0.03940476190476191,70.89999999999993,0,0,9.30952380952381,18.5
,,0,2025-12-04T00:00:00Z,2025-12-04T06:40:00Z,2025-12-04T06:21:30.769Z,corso_IoT,ESP_LEOPIZZI,Lecce,Stanza,0.001038961038961039,-0.03051948051948051,0.9911688311688313,0.42038961038961037,0.07051948051948052,-0.025584415584415585,70.86493506493514,0,0,9.220779220779221,18.5
,,0,2025-12-04T00:00:00Z,2025-12-04T06:40:00Z,2025-12-04T06:22:37.436Z,corso_IoT,ESP_LEOPIZZI,Lecce,Stanza,0.0005633802816901409,-0.03098591549295775,0.9905633802816901,0.4387323943661973,0.06225352112676055,-0.02183098591549296,70.80845070422544,0,0,9.056338028169014,18.491549295774647
,,0,2025-12-04T00:00:00Z,2025-12-04T06:40:00Z,2025-12-04T06:23:44.103Z,corso_IoT,ESP_LEOPIZZI,Lecce,Stanza,0.0009333333333333334,-0.031333333333333324,0.9910666666666664,0.4150666666666666,0.04786666666666667,-0.06199999999999999,70.81200000000007,0,0,9.093333333333334,18.448000000000018
,,0,2025-12-04T00:00:00Z,2025-12-04T06:40:00Z,2025-12-04T06:24:50.77Z,corso_IoT,ESP_LEOPIZZI,Lecce,Stanza,0.0006666666666666666,-0.03155555555555557,0.9908888888888889,0.4053333333333332,0.07666666666666666,-0.03755555555555556,70.85111111111115,0,0,8.533333333333333,18.402222222222207
,,0,2025-12-04T00:00:00Z,2025-12-04T06:40:00Z,2025-12-04T06:25:57.437Z,corso_IoT,ESP_LEOPIZZI,Lecce,Stanza,0.001967213114754098,-0.030819672131147564,0.9914754098360659,0.409672131147541,0.09475409836065572,-0.05852459016393442,70.81639344262302,0,0,5.295081967213115,18.41147540983606
,,0,2025-12-04T00:00:00Z,2025-12-04T06:40:00Z,2025-12-04T06:27:04.104Z,corso_IoT,ESP_LEOPIZZI,Lecce,Stanza,0.0004225352112676056,-0.030704225352112684,0.9904225352112677,0.4254929577464787,0.08859154929577467,-0.038169014084507034,70.8000000000001,0,0,6.422535211267606,18.40000000000001
,,0,2025-12-04T00:00:00Z,2025-12-04T06:40:00Z,2025-12-04T06:28:10.771Z,corso_IoT,ESP_LEOPIZZI,Lecce,Stanza,0.0002631578947368421,-0.03144736842105262,0.9906578947368416,0.4299999999999999,0.10157894736842103,-0.02473684210526316,70.8000000000001,0,0,9.013157894736842,18.418421052631597
,,0,2025-12-04T00:00:00Z,2025-12-04T06:40:00Z,2025-12-04T06:29:17.438Z,corso_IoT,ESP_LEOPIZZI,Lecce,Stanza,0.0006578947368421052,-0.030657894736842096,0.9898684210526311,0.4353947368421051,0.0923684210526316,-0.03184210526315789,70.8000000000001,0,0,8.81578947368421,18.400000000000013
,,0,2025-12-04T00:00:00Z,2025-12-04T06:40:00Z,2025-12-04T06:30:24.105Z,corso_IoT,ESP_LEOPIZZI,Lecce,Stanza,0.00044776119402985075,-0.03164179104477614,0.9897014925373139,0.41940298507462676,0.05149253731343284,-0.03298507462686568,70.80895522388066,0,0,4.850746268656716,18.400000000000002
,,0,2025-12-04T00:00:00Z,2025-12-04T06:40:00Z,2025-12-04T06:31:30.772Z,corso_IoT,ESP_LEOPIZZI,Lecce,Stanza,0.0011538461538461537,-0.03064102564102563,0.9907692307692303,0.41179487179487184,0.07115384615384618,-0.019615384615384604,70.8461538461538,0,0,4.487179487179487,18.400000000000016
,,0,2025-12-04T00:00:00Z,2025-12-04T06:40:00Z,2025-12-04T06:32:37.439Z,corso_IoT,ESP_LEOPIZZI,Lecce,Stanza,0.0003896103896103896,-0.03168831168831168,0.9897402597402595,0.41428571428571426,0.08597402597402598,-0.025194805194805193,70.84025974025985,0,0,5.935064935064935,18.400000000000013
,,0,2025-12-04T00:00:00Z,2025-12-04T06:40:00Z,2025-12-04T06:33:44.106Z,corso_IoT,ESP_LEOPIZZI,Lecce,Stanza,0.0013793103448275863,-0.03206896551724141,0.9891379310344829,0.4103448275862069,0.11396551724137932,-0.03224137931034481,70.81034482758629,0,0,8.39655172413793,18.399999999999988
,,0,2025-12-04T00:00:00Z,2025-12-04T06:40:00Z,2025-12-04T06:34:50.773Z,corso_IoT,ESP_LEOPIZZI,Lecce,Stanza,0.0007462686567164179,-0.03164179104477613,0.9902985074626867,0.4232835820895521,0.09104477611940298,-0.029850746268656712,70.83432835820895,0,0,6.522388059701493,18.400000000000002
,,0,2025-12-04T00:00:00Z,2025-12-04T06:40:00Z,2025-12-04T06:35:57.44Z,corso_IoT,ESP_LEOPIZZI,Lecce,Stanza,0.0007692307692307693,-0.0314102564102564,0.9899999999999998,0.4002564102564101,0.09038461538461537,-0.02269230769230769,70.89999999999995,0,0,7.333333333333333,18.400000000000016
,,0,2025-12-04T00:00:00Z,2025-12-04T06:40:00Z,2025-12-04T06:37:04.107Z,corso_IoT,ESP_LEOPIZZI,Lecce,Stanza,0.00109375,-0.03078125000000002,0.9893750000000003,0.4034375,0.15265625,-0.0378125,70.9703125,0,0,8.3125,18.4
,,0,2025-12-04T00:00:00Z,2025-12-04T06:40:00Z,2025-12-04T06:38:10.774Z,corso_IoT,ESP_LEOPIZZI,Lecce,Stanza,0.0014666666666666665,-0.03173333333333333,0.9894666666666662,0.4004,0.10600000000000001,-0.014400000000000001,71.03866666666669,0,0,7.16,18.400000000000013
,,0,2025-12-04T00:00:00Z,2025-12-04T06:40:00Z,2025-12-04T06:39:17.441Z,corso_IoT,ESP_LEOPIZZI,Lecce,Stanza,0.0009090909090909092,-0.03227272727272728,0.9896969696969701,0.4001515151515151,0.11363636363636365,-0.04545454545454542,70.9939393939394,0,0,6.424242424242424,18.400000000000002
,,0,2025-12-04T00:00:00Z,2025-12-04T06:40:00Z,2025-12-04T06:40:00Z,corso_IoT,ESP_LEOPIZZI,Lecce,Stanza,0.0018,-0.03180000000000002,0.9898000000000003,0.4134000000000001,0.12219999999999999,0.003399999999999995,70.99600000000001,0,0,5.12,18.399999999999984

