#group,false,false,true,true,false,true,true,true,true,false,false,false,false,false,false,false,false,false,false,false
#datatype,string,long,dateTime:RFC3339,dateTime:RFC3339,dateTime:RFC3339,string,string,string,string,double,double,double,double,double,double,double,double,double,double,double
#default,mean,,,,,,,,,,,,,,,,,,,
,result,table,_start,_stop,_time,_measurement,host,location,room,accel_x,accel_y,accel_z,gyro_x,gyro_y,gyro_z,humidity,is_moving,light,mic,temperature
,,0,2025-11-27T00:12:00Z,2025-11-27T07:00:00Z,2025-11-27T00:12:16Z,corso_IoT,ESP_LEOPIZZI,Lecce,Stanza,0,-0.0007692307692307692,0.9992307692307693,0.02923076923076923,0.054615384615384614,-0.043846153846153854,78.43076923076922,0,0,81.76923076923077,18.800000000000004
,,0,2025-11-27T00:12:00Z,2025-11-27T07:00:00Z,2025-11-27T00:13:24Z,corso_IoT,ESP_LEOPIZZI,Lecce,Stanza,0,0.0023076923076923075,1,-0.13538461538461538,0.03538461538461539,0.0323076923076923,77.73846153846155,0,0,89.07692307692308,18.900000000000002
,,0,2025-11-27T00:12:00Z,2025-11-27T07:00:00Z,2025-11-27T00:14:32Z,corso_IoT,ESP_LEOPIZZI,Lecce,Stanza,0,0,1.0007142857142857,-0.14857142857142855,-0.016428571428571428,-0.010714285714285706,77.10714285714286,0,0,72,19
,,0,2025-11-27T00:12:00Z,2025-11-27T07:00:00Z,2025-11-27T00:15:40Z,corso_IoT,ESP_LEOPIZZI,Lecce,Stanza,0,-0.00035714285714285714,1.000357142857143,0.11857142857142862,0.008571428571428572,0.0007142857142857199,76.24642857142852,0,0,29.571428571428573,19.089285714285722
,,0,2025-11-27T00:12:00Z,2025-11-27T07:00:00Z,2025-11-27T00:16:48Z,corso_IoT,ESP_LEOPIZZI,Lecce,Stanza,0.00037037037037037035,0.00037037037037037035,0.9996296296296295,-0.0325925925925926,0.021111111111111112,-0.03740740740740741,75.59629629629634,0,0,32,19.233333333333334
,,0,2025-11-27T00:12:00Z,2025-11-27T07:00:00Z,2025-11-27T00:17:56Z,corso_IoT,ESP_LEOPIZZI,Lecce,Stanza,0,0.0014285714285714286,0.9978571428571429,0.007857142857142863,-0.005000000000000004,0.035,74.96428571428571,0,0,22.142857142857142,19.300000000000004
,,0,2025-11-27T00:12:00Z,2025-11-27T07:00:00Z,2025-11-27T00:19:04Z,corso_IoT,ESP_LEOPIZZI,Lecce,Stanza,0,-0.0015384615384615385,1.0053846153846153,0.05307692307692309,0.06000000000000001,0.0015384615384615335,74.84615384615383,0,0,19.692307692307693,19.400000000000002
,,0,2025-11-27T00:12:00Z,2025-11-27T07:00:00Z,2025-11-27T00:20:12Z,corso_IoT,ESP_LEOPIZZI,Lecce,Stanza,0.0005660377358490566,0.00018867924528301886,0.9994339622641509,0.016226415094339617,0.0001886792452830185,0.020566037735849058,74.39245283018876,0,0,19.547169811320753,19.405660377358476
,,0,2025-11-27T00:12:00Z,2025-11-27T07:00:00Z,2025-11-27T00:21:20Z,corso_IoT,ESP_LEOPIZZI,Lecce,Stanza,0,-0.00023255813953488373,0.9993023255813955,0.023837209302325576,-0.00046511627906976796,-0.0030232558139534848,74.13604651162788,0,0,30.127906976744185,19.483720930232558
,,0,2025-11-27T00:12:00Z,2025-11-27T07:00:00Z,2025-11-27T00:22:28Z,corso_IoT,ESP_LEOPIZZI,Lecce,Stanza,-0.0003333333333333333,0,1.0001666666666664,0.022666666666666672,-0.05799999999999999,-0.020833333333333322,73.94000000000004,0,0,26.833333333333332,19.5
,,0,2025-11-27T00:12:00Z,2025-11-27T07:00:00Z,2025-11-27T00:23:36Z,corso_IoT,ESP_LEOPIZZI,Lecce,Stanza,-0.00039473684210526315,0.00039473684210526315,1.0003947368421056,-0.00013157894736842409,-0.01605263157894737,0.04500000000000001,73.77105263157898,0,0,23.06578947368421,19.50394736842105
,,0,2025-11-27T00:12:00Z,2025-11-27T07:00:00Z,2025-11-27T00:24:44Z,corso_IoT,ESP_LEOPIZZI,Lecce,Stanza,0.0002469135802469136,0.0004938271604938272,0.9993827160493826,-0.01641975308641976,-0.0380246913580247,0.016543209876543213,73.50987654320976,0,0,22.185185185185187,19.59259259259257
,,0,2025-11-27T00:12:00Z,2025-11-27T07:00:00Z,2025-11-27T00:25:52Z,corso_IoT,ESP_LEOPIZZI,Lecce,Stanza,-0.0003448275862068965,0.00011494252873563218,1.0002298850574711,0.02517241379310345,-0.06241379310344827,0.03712643678160919,73.33908045977024,0,0,22.471264367816094,19.599999999999973
,,0,2025-11-27T00:12:00Z,2025-11-27T07:00:00Z,2025-11-27T00:27:00Z,corso_IoT,ESP_LEOPIZZI,Lecce,Stanza,-0.00023529411764705883,0,1.0014117647058824,-0.004705882352941178,-0.018352941176470586,0.025647058823529415,73.17294117647066,0,0,23.376470588235293,19.642352941176497
,,0,2025-11-27T00:12:00Z,2025-11-27T07:00:00Z,2025-11-27T00:28:08Z,corso_IoT,ESP_LEOPIZZI,Lecce,Stanza,-0.0003448275862068965,0.00011494252873563218,1.0017241379310347,0.004022988505747124,-0.04091954022988507,0.02229885057471263,73.06551724137928,0,0,25.298850574712645,19.70000000000003
,,0,2025-11-27T00:12:00Z,2025-11-27T07:00:00Z,2025-11-27T00:29:16Z,corso_IoT,ESP_LEOPIZZI,Lecce,Stanza,-0.00011764705882352942,-0.00011764705882352942,1.0017647058823531,0.03423529411764706,-0.027411764705882354,0.01635294117647058,72.93647058823524,0,0,22.235294117647058,19.701176470588262
,,0,2025-11-27T00:12:00Z,2025-11-27T07:00:00Z,2025-11-27T00:30:24Z,corso_IoT,ESP_LEOPIZZI,Lecce,Stanza,-0.00012195121951219512,-0.00024390243902439024,1.0017073170731707,-0.0070731707317073095,-0.03963414634146342,0.0019512195121951202,72.67073170731716,0,0,23.48780487804878,19.76829268292681
,,0,2025-11-27T00:12:00Z,2025-11-27T07:00:00Z,2025-11-27T00:31:32Z,corso_IoT,ESP_LEOPIZZI,Lecce,Stanza,-0.00046511627906976747,-0.0003488372093023256,1.001511627906977,0.010465116279069767,-0.06360465116279071,0.009534883720930233,72.50697674418605,0,0,23.337209302325583,19.79651162790695
,,0,2025-11-27T00:12:00Z,2025-11-27T07:00:00Z,2025-11-27T00:32:40Z,corso_IoT,ESP_LEOPIZZI,Lecce,Stanza,-0.0008235294117647059,-0.00011764705882352942,1.002,-0.011999999999999995,-0.07270588235294119,0.004705882352941175,72.44352941176463,0,0,19.741176470588236,19.799999999999972
,,0,2025-11-27T00:12:00Z,2025-11-27T07:00:00Z,2025-11-27T00:33:48Z,corso_IoT,ESP_LEOPIZZI,Lecce,Stanza,-0.00011363636363636364,-0.00022727272727272727,1.0029545454545457,-0.002272727272727271,-0.06636363636363633,0.04045454545454546,72.28522727272733,0,0,16.079545454545453,19.79999999999997
,,0,2025-11-27T00:12:00Z,2025-11-27T07:00:00Z,2025-11-27T00:34:56Z,corso_IoT,ESP_LEOPIZZI,Lecce,Stanza,-0.0008139534883720931,-0.0003488372093023256,1.0009302325581397,0.023720930232558134,-0.04046511627906979,-0.023953488372093025,72.17209302325585,0,0,23.162790697674417,19.79999999999997
,,0,2025-11-27T00:12:00Z,2025-11-27T07:00:00Z,2025-11-27T00:36:04Z,corso_IoT,ESP_LEOPIZZI,Lecce,Stanza,-0.000375,0,1.0013750000000001,0.017375,-0.04137500000000001,-0.03775000000000001,72.07499999999997,0,0,23.35,19.799999999999972
,,0,2025-11-27T00:12:00Z,2025-11-27T07:00:00Z,2025-11-27T00:37:12Z,corso_IoT,ESP_LEOPIZZI,Lecce,Stanza,-0.00023255813953488373,-0.00023255813953488373,1.001511627906977,0.015232558139534887,-0.033139534883720935,-0.015697674418604656,72,0,0,19.162790697674417,19.79999999999997
,,0,2025-11-27T00:12:00Z,2025-11-27T07:00:00Z,2025-11-27T00:38:20Z,corso_IoT,ESP_LEOPIZZI,Lecce,Stanza,-0.0004761904761904762,-0.0002380952380952381,1.0027380952380955,-0.001666666666666666,-0.04761904761904761,-0.0019047619047619052,71.88452380952386,0,0,16.297619047619047,19.836904761904783
,,0,2025-11-27T00:12:00Z,2025-11-27T07:00:00Z,2025-11-27T00:39:28Z,corso_IoT,ESP_LEOPIZZI,Lecce,Stanza,-0.0003488372093023256,-0.0005813953488372093,1.0024418604651166,-0.010581395348837203,-0.08441860465116278,-0.0010465116279069799,71.80000000000011,0,0,17.593023255813954,19.889534883720952
,,0,2025-11-27T00:12:00Z,2025-11-27T07:00:00Z,2025-11-27T00:40:36Z,corso_IoT,ESP_LEOPIZZI,Lecce,Stanza,-0.0008139534883720931,-0.0009302325581395349,1.0024418604651166,0.008372093023255811,-0.034302325581395364,-0.020930232558139535,71.7732558139535,0,0,20.488372093023255,19.900000000000027
,,0,2025-11-27T00:12:00Z,2025-11-27T07:00:00Z,2025-11-27T00:41:44Z,corso_IoT,ESP_LEOPIZZI,Lecce,Stanza,-0.0008139534883720931,-0.00023255813953488373,1.002906976744186,0.008488372093023255,-0.08953488372093021,-0.028139534883720934,71.63953488372103,0,0,18.61627906976744,19.900000000000027
,,0,2025-11-27T00:12:00Z,2025-11-27T07:00:00Z,2025-11-27T00:42:52Z,corso_IoT,ESP_LEOPIZZI,Lecce,Stanza,-0.001511627906976744,-0.00046511627906976747,1.0016279069767444,0.018255813953488374,-0.0494186046511628,-0.04348837209302324,71.54767441860463,0,0,18.023255813953487,19.900000000000027
,,0,2025-11-27T00:12:00Z,2025-11-27T07:00:00Z,2025-11-27T00:44:00Z,corso_IoT,ESP_LEOPIZZI,Lecce,Stanza,-0.0012941176470588234,-0.00011764705882352942,1.0032941176470591,0.01235294117647059,-0.07647058823529411,-0.035529411764705886,71.5,0,0,15.411764705882353,19.900000000000027
,,0,2025-11-27T00:12:00Z,2025-11-27T07:00:00Z,2025-11-27T00:45:08Z,corso_IoT,ESP_LEOPIZZI,Lecce,Stanza,0.0797468354430379,-0.015569620253164568,0.9930379746835435,-0.2448101265822786,-0.028101265822784823,-0.00607594936708861,71.43797468354424,4.430379746835443,0,17.848101265822784,19.900000000000023
,,0,2025-11-27T00:12:00Z,2025-11-27T07:00:00Z,2025-11-27T00:46:16Z,corso_IoT,ESP_LEOPIZZI,Lecce,Stanza,0.1014864864864864,-0.020135135135135148,0.9932432432432432,0.000945945945945945,-0.07486486486486484,-0.08540540540540541,71.39189189189189,0,0,14.95945945945946,19.900000000000016
,,0,2025-11-27T00:12:00Z,2025-11-27T07:00:00Z,2025-11-27T00:47:24Z,corso_IoT,ESP_LEOPIZZI,Lecce,Stanza,0.10361111111111111,-0.020555555555555566,0.9944444444444444,-0.017499999999999998,-0.07805555555555559,-0.03402777777777778,71.30833333333344,0,0,17.5,19.900000000000016
,,0,2025-11-27T00:12:00Z,2025-11-27T07:00:00Z,2025-11-27T00:48:32Z,corso_IoT,ESP_LEOPIZZI,Lecce,Stanza,0.10333333333333326,-0.020617283950617297,0.9975308641975307,0.000000000000000002227299277797382,-0.09333333333333335,-0.06753086419753086,71.3000000000001,0,0,14.518518518518519,19.900000000000023
,,0,2025-11-27T00:12:00Z,2025-11-27T07:00:00Z,2025-11-27T00:49:40Z,corso_IoT,ESP_LEOPIZZI,Lecce,Stanza,0.10469879518072284,-0.022530120481927724,0.9960240963855419,-0.013975903614457828,-0.09072289156626505,-0.056265060240963866,71.30000000000011,0,0,17.746987951807228,19.900000000000023
,,0,2025-11-27T00:12:00Z,2025-11-27T07:00:00Z,2025-11-27T00:50:48Z,corso_IoT,ESP_LEOPIZZI,Lecce,Stanza,0.10595238095238091,-0.0217857142857143,0.9988095238095239,0.009166666666666668,-0.07547619047619046,-0.04714285714285714,71.27380952380955,0,0,17.023809523809526,19.900000000000027
,,0,2025-11-27T00:12:00Z,2025-11-27T07:00:00Z,2025-11-27T00:51:56Z,corso_IoT,ESP_LEOPIZZI,Lecce,Stanza,0.10647058823529412,-0.02247058823529413,0.9981176470588234,-0.01576470588235295,-0.09388235294117646,-0.025647058823529415,71.10941176470595,0,0,16.458823529411763,19.900000000000027
,,0,2025-11-27T00:12:00Z,2025-11-27T07:00:00Z,2025-11-27T00:53:04Z,corso_IoT,ESP_LEOPIZZI,Lecce,Stanza,0.10755813953488372,-0.02372093023255815,0.9993023255813955,0.010232558139534885,-0.07476744186046512,-0.04883720930232558,71.10000000000008,0,0,16.174418604651162,19.900000000000027
,,0,2025-11-27T00:12:00Z,2025-11-27T07:00:00Z,2025-11-27T00:54:12Z,corso_IoT,ESP_LEOPIZZI,Lecce,Stanza,0.1082352941176471,-0.023647058823529424,0.999294117647059,0.008117647058823533,-0.07305882352941179,-0.08529411764705884,71.04470588235293,0,0,16.941176470588236,19.900000000000027
,,0,2025-11-27T00:12:00Z,2025-11-27T07:00:00Z,2025-11-27T00:55:20Z,corso_IoT,ESP_LEOPIZZI,Lecce,Stanza,0.10882352941176472,-0.024117647058823542,0.9996470588235296,-0.004705882352941179,-0.04105882352941176,-0.07235294117647058,71,0,0,16.658823529411766,19.900000000000027
,,0,2025-11-27T00:12:00Z,2025-11-27T07:00:00Z,2025-11-27T00:56:28Z,corso_IoT,ESP_LEOPIZZI,Lecce,Stanza,0.10895348837209304,-0.023837209302325593,0.9983720930232561,-0.03302325581395348,-0.057441860465116304,-0.0516279069767442,71,0,0,22.930232558139537,19.900000000000027
,,0,2025-11-27T00:12:00Z,2025-11-27T07:00:00Z,2025-11-27T00:57:36Z,corso_IoT,ESP_LEOPIZZI,Lecce,Stanza,0.10894117647058825,-0.024588235294117657,0.9996470588235294,-0.006705882352941172,-0.10199999999999998,-0.05199999999999999,70.99647058823528,0,0,19.04705882352941,19.900000000000027
,,0,2025-11-27T00:12:00Z,2025-11-27T07:00:00Z,2025-11-27T00:58:44Z,corso_IoT,ESP_LEOPIZZI,Lecce,Stanza,0.10878048780487808,-0.024512195121951238,1,-0.012317073170731708,-0.0530487804878049,-0.03890243902439025,70.91829268292676,0,0,17.5609756097561,19.900000000000023
,,0,2025-11-27T00:12:00Z,2025-11-27T07:00:00Z,2025-11-27T00:59:52Z,corso_IoT,ESP_LEOPIZZI,Lecce,Stanza,0.1090361445783133,-0.024457831325301223,0.9991566265060239,0.006506024096385543,-0.07289156626506026,-0.06759036144578315,70.84457831325312,0,0,18.120481927710845,19.900000000000023
,,0,2025-11-27T00:12:00Z,2025-11-27T07:00:00Z,2025-11-27T01:01:00Z,corso_IoT,ESP_LEOPIZZI,Lecce,Stanza,0.10953488372093027,-0.026279069767441862,1.0002325581395348,0.025697674418604655,-0.08627906976744185,-0.06500000000000002,70.80000000000011,0,0,19.430232558139537,19.900000000000027
,,0,2025-11-27T00:12:00Z,2025-11-27T07:00:00Z,2025-11-27T01:02:08Z,corso_IoT,ESP_LEOPIZZI,Lecce,Stanza,0.1096511627906977,-0.02720930232558139,1.000232558139535,-0.00034883720930232683,-0.06883720930232559,-0.06034883720930233,70.80000000000011,0,0,20.77906976744186,19.900000000000027
,,0,2025-11-27T00:12:00Z,2025-11-27T07:00:00Z,2025-11-27T01:03:16Z,corso_IoT,ESP_LEOPIZZI,Lecce,Stanza,0.1094186046511628,-0.026744186046511628,1.0000000000000002,0.0003488372093023293,-0.0686046511627907,-0.052790697674418595,70.80000000000011,0,0,14.80232558139535,19.900000000000027
,,0,2025-11-27T00:12:00Z,2025-11-27T07:00:00Z,2025-11-27T01:04:24Z,corso_IoT,ESP_LEOPIZZI,Lecce,Stanza,0.10988095238095241,-0.026904761904761904,0.9994047619047618,-0.03749999999999999,-0.07916666666666664,-0.04488095238095238,70.80000000000011,0,0,14.404761904761905,19.900000000000027
,,0,2025-11-27T00:12:00Z,2025-11-27T07:00:00Z,2025-11-27T01:05:32Z,corso_IoT,ESP_LEOPIZZI,Lecce,Stanza,0.10929411764705883,-0.026470588235294117,1.0005882352941178,-0.01647058823529412,-0.07741176470588233,-0.04764705882352942,70.72352941176462,0,0,15.141176470588235,19.900000000000027
,,0,2025-11-27T00:12:00Z,2025-11-27T07:00:00Z,2025-11-27T01:06:40Z,corso_IoT,ESP_LEOPIZZI,Lecce,Stanza,0.11000000000000003,-0.026744186046511628,1.0009302325581397,0.022325581395348845,-0.0858139534883721,-0.05674418604651161,70.69999999999989,0,0,16.11627906976744,19.900000000000027
,,0,2025-11-27T00:12:00Z,2025-11-27T07:00:00Z,2025-11-27T01:07:48Z,corso_IoT,ESP_LEOPIZZI,Lecce,Stanza,0.11000000000000004,-0.02623529411764707,1.0014117647058827,-0.01258823529411765,-0.05317647058823531,-0.05847058823529415,70.69999999999989,0,0,15.564705882352941,19.900000000000027
,,0,2025-11-27T00:12:00Z,2025-11-27T07:00:00Z,2025-11-27T01:08:56Z,corso_IoT,ESP_LEOPIZZI,Lecce,Stanza,0.11000000000000004,-0.02658823529411765,1.001529411764706,-0.012352941176470586,-0.0671764705882353,-0.046941176470588215,70.69999999999989,0,0,17.658823529411766,19.900000000000027
,,0,2025-11-27T00:12:00Z,2025-11-27T07:00:00Z,2025-11-27T01:10:04Z,corso_IoT,ESP_LEOPIZZI,Lecce,Stanza,0.1102325581395349,-0.027558139534883716,1.001046511627907,0.0005813953488372092,-0.08988372093023254,-0.052325581395348826,70.69999999999989,0,0,16.290697674418606,19.900000000000027
,,0,2025-11-27T00:12:00Z,2025-11-27T07:00:00Z,2025-11-27T01:11:12Z,corso_IoT,ESP_LEOPIZZI,Lecce,Stanza,0.09011627906976753,-0.02523255813953489,1.0070930232558142,0.04279069767441859,-0.14220930232558132,-0.029534883720930227,70.69999999999989,1.744186046511628,0,16.906976744186046,19.896511627907
,,0,2025-11-27T00:12:00Z,2025-11-27T07:00:00Z,2025-11-27T01:12:20Z,corso_IoT,ESP_LEOPIZZI,Lecce,Stanza,0.028837209302325566,-0.03476744186046512,1.0581395348837221,-0.009651162790697677,-0.07383720930232558,-0.05162790697674416,70.69999999999989,0,0,17.53488372093023,19.900000000000027
,,0,2025-11-27T00:12:00Z,2025-11-27T07:00:00Z,2025-11-27T01:13:28Z,corso_IoT,ESP_LEOPIZZI,Lecce,Stanza,0.030540540540540544,-0.037567567567567586,1.0625675675675674,0.028108108108108102,-0.07324324324324326,-0.0672972972972973,70.6999999999999,0,0,17.364864864864863,19.89594594594596
,,0,2025-11-27T00:12:00Z,2025-11-27T07:00:00Z,2025-11-27T01:14:36Z,corso_IoT,ESP_LEOPIZZI,Lecce,Stanza,0.030823529411764677,-0.03917647058823531,1.0661176470588227,-0.016823529411764706,-0.07811764705882354,-0.04058823529411766,70.67176470588227,0,0,15.988235294117647,19.900000000000027
,,0,2025-11-27T00:12:00Z,2025-11-27T07:00:00Z,2025-11-27T01:15:44Z,corso_IoT,ESP_LEOPIZZI,Lecce,Stanza,0.030000000000000016,-0.03985507246376814,1.0689855072463763,0.013043478260869577,-0.09608695652173914,-0.023623188405797104,70.57246376811594,0,0,19.36231884057971,19.900000000000013
,,0,2025-11-27T00:12:00Z,2025-11-27T07:00:00Z,2025-11-27T01:16:52Z,corso_IoT,ESP_LEOPIZZI,Lecce,Stanza,0.030377358490566057,-0.040754716981132096,1.0705660377358492,-0.013773584905660384,-0.11207547169811324,-0.04566037735849057,70.54528301886793,0,0,17.67924528301887,19.899999999999988
,,0,2025-11-27T00:12:00Z,2025-11-27T07:00:00Z,2025-11-27T01:18:00Z,corso_IoT,ESP_LEOPIZZI,Lecce,Stanza,0.030886075949367077,-0.04063291139240509,1.0720253164556945,0.023417721518987338,-0.07949367088607592,-0.0550632911392405,70.5,0,0,18.620253164556964,19.900000000000023
,,0,2025-11-27T00:12:00Z,2025-11-27T07:00:00Z,2025-11-27T01:19:08Z,corso_IoT,ESP_LEOPIZZI,Lecce,Stanza,0.030117647058823502,-0.040705882352941196,1.0712941176470572,0.03764705882352943,-0.0902352941176471,-0.050588235294117614,70.5,0,0,17.352941176470587,19.900000000000027
,,0,2025-11-27T00:12:00Z,2025-11-27T07:00:00Z,2025-11-27T01:20:16Z,corso_IoT,ESP_LEOPIZZI,Lecce,Stanza,0.030240963855421663,-0.040361445783132555,1.072048192771083,-0.004457831325301205,-0.05915662650602409,-0.05819277108433736,70.5,0,0,18.03614457831325,19.900000000000023
,,0,2025-11-27T00:12:00Z,2025-11-27T07:00:00Z,2025-11-27T01:21:24Z,corso_IoT,ESP_LEOPIZZI,Lecce,Stanza,0.02988095238095236,-0.04059523809523811,1.0724999999999985,0.01916666666666667,-0.061428571428571443,-0.042142857142857156,70.5,0,0,18.952380952380953,19.900000000000027
,,0,2025-11-27T00:12:00Z,2025-11-27T07:00:00Z,2025-11-27T01:22:32Z,corso_IoT,ESP_LEOPIZZI,Lecce,Stanza,0.029999999999999978,-0.04119047619047621,1.0719047619047604,0.01821428571428571,-0.06476190476190473,-0.019285714285714288,70.5,0,0,17.595238095238095,19.89285714285717
,,0,2025-11-27T00:12:00Z,2025-11-27T07:00:00Z,2025-11-27T01:23:40Z,corso_IoT,ESP_LEOPIZZI,Lecce,Stanza,0.030119047619047594,-0.04083333333333335,1.0727380952380936,0.00035714285714286045,-0.0607142857142857,-0.045476190476190476,70.5,0,0,19.13095238095238,19.8857142857143
,,0,2025-11-27T00:12:00Z,2025-11-27T07:00:00Z,2025-11-27T01:24:48Z,corso_IoT,ESP_LEOPIZZI,Lecce,Stanza,0.02392405063291141,-0.041772151898734164,1.0777215189873421,0.06873417721518986,-0.05025316455696201,-0.09759493670886074,70.5,1.2658227848101267,0,23.025316455696203,19.856578947368416
,,0,2025-11-27T00:12:00Z,2025-11-27T07:00:00Z,2025-11-27T01:25:56Z,corso_IoT,ESP_LEOPIZZI,Lecce,Stanza,0.01984126984126985,-0.04555555555555555,1.091111111111113,-0.014761904761904763,-0.0866666666666667,-0.03761904761904762,70.5,0.7936507936507936,0,20.952380952380953,19.89047619047619
,,0,2025-11-27T00:12:00Z,2025-11-27T07:00:00Z,2025-11-27T01:27:04Z,corso_IoT,ESP_LEOPIZZI,Lecce,Stanza,0.02000000000000001,-0.047567567567567526,1.092702702702704,-0.022702702702702703,-0.06959459459459459,-0.03459459459459458,70.5,3.3783783783783785,0,17.783783783783782,19.8810810810811
,,0,2025-11-27T00:12:00Z,2025-11-27T07:00:00Z,2025-11-27T01:28:12Z,corso_IoT,ESP_LEOPIZZI,Lecce,Stanza,0.019761904761904776,-0.048095238095238045,1.0920238095238113,-0.003095238095238089,-0.04226190476190475,-0.04083333333333333,70.5,2.380952380952381,0,17.666666666666668,19.847619047619027
,,0,2025-11-27T00:12:00Z,2025-11-27T07:00:00Z,2025-11-27T01:29:20Z,corso_IoT,ESP_LEOPIZZI,Lecce,Stanza,0.02000000000000001,-0.04749999999999995,1.0929761904761914,0.014047619047619047,-0.08428571428571426,-0.06630952380952382,70.47857142857143,1.7857142857142858,0,13.607142857142858,19.803571428571406
,,0,2025-11-27T00:12:00Z,2025-11-27T07:00:00Z,2025-11-27T01:30:28Z,corso_IoT,ESP_LEOPIZZI,Lecce,Stanza,0.019529411764705896,-0.04694117647058819,1.092588235294119,-0.01211764705882352,-0.05941176470588233,-0.05411764705882355,70.45764705882344,2.3529411764705883,0,16.894117647058824,19.814117647058804
,,0,2025-11-27T00:12:00Z,2025-11-27T07:00:00Z,2025-11-27T01:31:36Z,corso_IoT,ESP_LEOPIZZI,Lecce,Stanza,-0.07328767123287676,0.000821917808219182,1.054794520547946,-0.017397260273972596,-0.09465753424657534,-0.01520547945205479,70.34383561643845,1.36986301369863,0,18.383561643835616,19.799999999999972
,,0,2025-11-27T00:12:00Z,2025-11-27T07:00:00Z,2025-11-27T01:32:44Z,corso_IoT,ESP_LEOPIZZI,Lecce,Stanza,-0.11445783132530118,0.019036144578313263,1.040602409638555,0.009397590361445779,-0.04445783132530122,-0.06903614457831327,70.42409638554219,0,0,13.614457831325302,19.799999999999972
,,0,2025-11-27T00:12:00Z,2025-11-27T07:00:00Z,2025-11-27T01:33:52Z,corso_IoT,ESP_LEOPIZZI,Lecce,Stanza,-0.11571428571428566,0.019404761904761918,1.0410714285714295,0.008809523809523814,-0.042499999999999996,-0.06571428571428571,70.5,0,0,15.595238095238095,19.799999999999972
,,0,2025-11-27T00:12:00Z,2025-11-27T07:00:00Z,2025-11-27T01:35:00Z,corso_IoT,ESP_LEOPIZZI,Lecce,Stanza,-0.11812500000000008,0.02015625000000001,1.0421874999999994,0.017968750000000006,-0.09203125000000002,-0.045468749999999995,70.5,0,0,15.25,19.799999999999976
,,0,2025-11-27T00:12:00Z,2025-11-27T07:00:00Z,2025-11-27T01:36:08Z,corso_IoT,ESP_LEOPIZZI,Lecce,Stanza,-0.11976190476190468,0.020476190476190488,1.042857142857143,0.046190476190476205,-0.05666666666666668,-0.06452380952380948,70.48214285714286,0,0,14.821428571428571,19.803571428571406
,,0,2025-11-27T00:12:00Z,2025-11-27T07:00:00Z,2025-11-27T01:37:16Z,corso_IoT,ESP_LEOPIZZI,Lecce,Stanza,-0.11999999999999997,0.020384615384615397,1.043333333333333,-0.024615384615384612,-0.06166666666666666,-0.0358974358974359,70.45256410256404,0,0,16.307692307692307,19.807692307692285
,,0,2025-11-27T00:12:00Z,2025-11-27T07:00:00Z,2025-11-27T01:38:24Z,corso_IoT,ESP_LEOPIZZI,Lecce,Stanza,-0.10000000000000005,0.012911392405063298,1.0410126582278485,0.02683544303797468,0.021265822784810116,-0.10518987341772154,70.37974683544302,1.2658227848101267,0,15.79746835443038,19.803797468354407
,,0,2025-11-27T00:12:00Z,2025-11-27T07:00:00Z,2025-11-27T01:39:32Z,corso_IoT,ESP_LEOPIZZI,Lecce,Stanza,-0.04035714285714288,-0.0080952380952381,1.037142857142858,0.0028571428571428506,-0.10059523809523804,-0.031547619047619054,70.33333333333346,0,0,15.5,19.804761904761875
,,0,2025-11-27T00:12:00Z,2025-11-27T07:00:00Z,2025-11-27T01:40:40Z,corso_IoT,ESP_LEOPIZZI,Lecce,Stanza,-0.03945205479452057,-0.00972602739726028,1.038082191780822,-0.022191780821917806,-0.07452054794520549,-0.024246575342465753,70.3000000000001,0,0,15.150684931506849,19.799999999999972
,,0,2025-11-27T00:12:00Z,2025-11-27T07:00:00Z,2025-11-27T01:41:48Z,corso_IoT,ESP_LEOPIZZI,Lecce,Stanza,-0.03987951807228918,-0.009397590361445789,1.0396385542168685,-0.0026506024096385524,-0.06855421686746989,-0.051445783132530114,70.30000000000011,0,0,16.96385542168675,19.799999999999972
,,0,2025-11-27T00:12:00Z,2025-11-27T07:00:00Z,2025-11-27T01:42:56Z,corso_IoT,ESP_LEOPIZZI,Lecce,Stanza,-0.03939759036144581,-0.009397590361445789,1.0398795180722902,-0.027951807228915656,-0.0666265060240964,-0.028795180722891566,70.30000000000011,0,0,15.349397590361447,19.799999999999972
,,0,2025-11-27T00:12:00Z,2025-11-27T07:00:00Z,2025-11-27T01:44:04Z,corso_IoT,ESP_LEOPIZZI,Lecce,Stanza,-0.04243589743589745,-0.006282051282051285,1.0352564102564104,0.005769230769230771,0.062179487179487174,-0.06641025641025641,70.3000000000001,0,0,14.717948717948717,19.799999999999972
,,0,2025-11-27T00:12:00Z,2025-11-27T07:00:00Z,2025-11-27T01:45:12Z,corso_IoT,ESP_LEOPIZZI,Lecce,Stanza,-0.08983870967741928,0.03983870967741937,0.974999999999999,-0.044677419354838724,-0.10451612903225803,-0.043387096774193556,70.29032258064521,0,0,18.661290322580644,19.799999999999976
,,0,2025-11-27T00:12:00Z,2025-11-27T07:00:00Z,2025-11-27T01:46:20Z,corso_IoT,ESP_LEOPIZZI,Lecce,Stanza,-0.09047619047619038,0.04035714285714288,0.9753571428571423,0.008333333333333337,-0.0855952380952381,-0.05952380952380952,70.24285714285713,0,0,15.714285714285714,19.799999999999972
,,0,2025-11-27T00:12:00Z,2025-11-27T07:00:00Z,2025-11-27T01:47:28Z,corso_IoT,ESP_LEOPIZZI,Lecce,Stanza,-0.09085365853658527,0.04036585365853661,0.9756097560975603,-0.004756097560975606,-0.06146341463414634,-0.043902439024390234,70.19999999999989,0,0,14.71951219512195,19.799999999999972
,,0,2025-11-27T00:12:00Z,2025-11-27T07:00:00Z,2025-11-27T01:48:36Z,corso_IoT,ESP_LEOPIZZI,Lecce,Stanza,-0.09120481927710833,0.04012048192771086,0.9767469879518068,-0.029397590361445777,-0.09373493975903614,-0.03867469879518071,70.19999999999989,0,0,16.771084337349397,19.799999999999972
,,0,2025-11-27T00:12:00Z,2025-11-27T07:00:00Z,2025-11-27T01:49:44Z,corso_IoT,ESP_LEOPIZZI,Lecce,Stanza,-0.09132530120481919,0.04000000000000002,0.9779518072289148,0.0007228915662650562,-0.045421686746987947,-0.08710843373493977,70.19999999999989,0,0,14.855421686746988,19.799999999999972
,,0,2025-11-27T00:12:00Z,2025-11-27T07:00:00Z,2025-11-27T01:50:52Z,corso_IoT,ESP_LEOPIZZI,Lecce,Stanza,-0.09270588235294105,0.04011764705882355,0.9781176470588232,0.010470588235294117,-0.05929411764705882,-0.03976470588235295,70.19999999999989,0,0,15.68235294117647,19.799999999999972
,,0,2025-11-27T00:12:00Z,2025-11-27T07:00:00Z,2025-11-27T01:52:00Z,corso_IoT,ESP_LEOPIZZI,Lecce,Stanza,-0.09261904761904749,0.04000000000000002,0.9783333333333329,-0.02964285714285714,-0.03547619047619049,-0.056666666666666685,70.19999999999989,0,0,18.321428571428573,19.799999999999972
,,0,2025-11-27T00:12:00Z,2025-11-27T07:00:00Z,2025-11-27T01:53:08Z,corso_IoT,ESP_LEOPIZZI,Lecce,Stanza,-0.09329268292682917,0.03987804878048782,0.9780487804878044,0.0008536585365853636,-0.0741463414634146,-0.04097560975609755,70.19999999999989,0,0,16.634146341463413,19.799999999999972
,,0,2025-11-27T00:12:00Z,2025-11-27T07:00:00Z,2025-11-27T01:54:16Z,corso_IoT,ESP_LEOPIZZI,Lecce,Stanza,-0.09426829268292668,0.03951219512195124,0.9781707317073168,-0.01280487804878049,-0.07170731707317073,-0.053658536585365846,70.1243902439025,0,0,15.78048780487805,19.799999999999972
,,0,2025-11-27T00:12:00Z,2025-11-27T07:00:00Z,2025-11-27T01:55:24Z,corso_IoT,ESP_LEOPIZZI,Lecce,Stanza,-0.09358024691358013,0.039629629629629654,0.978518518518518,-0.0012345679012345685,-0.04814814814814815,-0.042839506172839506,70.02962962962962,0,0,16.901234567901234,19.799999999999972
,,0,2025-11-27T00:12:00Z,2025-11-27T07:00:00Z,2025-11-27T01:56:32Z,corso_IoT,ESP_LEOPIZZI,Lecce,Stanza,-0.09325301204819264,0.0402409638554217,0.9787951807228912,-0.0016867469879518048,-0.029156626506024096,-0.06674698795180725,70.03373493975903,0,0,18.397590361445783,19.799999999999972
,,0,2025-11-27T00:12:00Z,2025-11-27T07:00:00Z,2025-11-27T01:57:40Z,corso_IoT,ESP_LEOPIZZI,Lecce,Stanza,-0.0932142857142856,0.039880952380952406,0.9777380952380946,0.0022619047619047614,-0.05976190476190474,-0.03892857142857143,70.0571428571429,0,0,17.273809523809526,19.799999999999972
,,0,2025-11-27T00:12:00Z,2025-11-27T07:00:00Z,2025-11-27T01:58:48Z,corso_IoT,ESP_LEOPIZZI,Lecce,Stanza,-0.0932142857142856,0.03916666666666668,0.977738095238095,0.030952380952380946,-0.06178571428571429,-0.05690476190476191,70,0,0,16.083333333333332,19.799999999999972
,,0,2025-11-27T00:12:00Z,2025-11-27T07:00:00Z,2025-11-27T01:59:56Z,corso_IoT,ESP_LEOPIZZI,Lecce,Stanza,-0.09325581395348827,0.04000000000000003,0.9789534883720926,0.007093023255813949,-0.06651162790697676,-0.07337209302325581,70,0,0,16.453488372093023,19.79999999999997
,,0,2025-11-27T00:12:00Z,2025-11-27T07:00:00Z,2025-11-27T02:01:04Z,corso_IoT,ESP_LEOPIZZI,Lecce,Stanza,-0.0939999999999999,0.03973333333333335,0.9791999999999994,-0.0038666666666666715,-0.06853333333333335,-0.07493333333333335,70,0,0,19.64,19.799999999999972
,,0,2025-11-27T00:12:00Z,2025-11-27T07:00:00Z,2025-11-27T02:02:12Z,corso_IoT,ESP_LEOPIZZI,Lecce,Stanza,-0.09404494382022462,0.04000000000000002,0.9777528089887635,-0.02415730337078652,-0.1060674157303371,-0.04786516853932584,70,0,0,16.617977528089888,19.79999999999997
,,0,2025-11-27T00:12:00Z,2025-11-27T07:00:00Z,2025-11-27T02:03:20Z,corso_IoT,ESP_LEOPIZZI,Lecce,Stanza,-0.09409090909090896,0.04022727272727275,0.979090909090909,0.028863636363636366,-0.07545454545454545,-0.06318181818181821,70,0,0,17.21590909090909,19.79999999999997
,,0,2025-11-27T00:12:00Z,2025-11-27T07:00:00Z,2025-11-27T02:04:28Z,corso_IoT,ESP_LEOPIZZI,Lecce,Stanza,-0.09367816091954013,0.040229885057471285,0.9787356321839079,-0.028275862068965513,-0.046321839080459774,-0.05321839080459769,70,0,0,15.804597701149426,19.79999999999997
,,0,2025-11-27T00:12:00Z,2025-11-27T07:00:00Z,2025-11-27T02:05:36Z,corso_IoT,ESP_LEOPIZZI,Lecce,Stanza,-0.09438202247190998,0.03988764044943823,0.9789887640449436,-0.012359550561797751,-0.058202247191011205,-0.06640449438202248,69.98651685393257,0,0,19.674157303370787,19.79999999999997
,,0,2025-11-27T00:12:00Z,2025-11-27T07:00:00Z,2025-11-27T02:06:44Z,corso_IoT,ESP_LEOPIZZI,Lecce,Stanza,-0.09439560439560428,0.04000000000000002,0.9789010989010989,-0.006483516483516487,-0.06043956043956047,-0.056263736263736264,69.99670329670329,0,0,15.813186813186814,19.79999999999997
,,0,2025-11-27T00:12:00Z,2025-11-27T07:00:00Z,2025-11-27T02:07:52Z,corso_IoT,ESP_LEOPIZZI,Lecce,Stanza,-0.09506024096385529,0.04000000000000002,0.9791566265060235,-0.00927710843373494,-0.038433734939759046,-0.08361445783132528,69.9108433734939,0,0,14.867469879518072,19.799999999999972
,,0,2025-11-27T00:12:00Z,2025-11-27T07:00:00Z,2025-11-27T02:09:00Z,corso_IoT,ESP_LEOPIZZI,Lecce,Stanza,-0.09422222222222211,0.04000000000000002,0.9782222222222218,0.009777777777777776,-0.069,-0.06222222222222221,69.8999999999999,0,0,17.033333333333335,19.79999999999997
,,0,2025-11-27T00:12:00Z,2025-11-27T07:00:00Z,2025-11-27T02:10:08Z,corso_IoT,ESP_LEOPIZZI,Lecce,Stanza,-0.09363636363636361,0.04090909090909093,0.979545454545454,-0.0459090909090909,-0.06090909090909091,-0.06204545454545454,69.90000000000005,0,0,20.90909090909091,19.799999999999986
,,0,2025-11-27T00:12:00Z,2025-11-27T07:00:00Z,2025-11-27T02:11:16Z,corso_IoT,ESP_LEOPIZZI,Lecce,Stanza,-0.09415584415584405,0.04025974025974028,0.9790909090909086,-0.01038961038961039,-0.06363636363636364,-0.04064935064935065,69.89999999999995,0,0,17.818181818181817,19.799999999999972
,,0,2025-11-27T00:12:00Z,2025-11-27T07:00:00Z,2025-11-27T02:12:24Z,corso_IoT,ESP_LEOPIZZI,Lecce,Stanza,-0.09568181818181803,0.040340909090909115,0.9782954545454544,-0.0017045454545454525,-0.11522727272727268,-0.04875000000000003,69.89999999999992,0,0,17.78409090909091,19.79999999999997
,,0,2025-11-27T00:12:00Z,2025-11-27T07:00:00Z,2025-11-27T02:13:32Z,corso_IoT,ESP_LEOPIZZI,Lecce,Stanza,-0.09522222222222208,0.04033333333333336,0.9793333333333332,-0.03277777777777779,-0.06233333333333334,-0.07333333333333332,69.8999999999999,0,0,19.122222222222224,19.79999999999997
,,0,2025-11-27T00:12:00Z,2025-11-27T07:00:00Z,2025-11-27T02:14:40Z,corso_IoT,ESP_LEOPIZZI,Lecce,Stanza,-0.09445652173913031,0.040217391304347844,0.978478260869565,-0.018043478260869564,-0.05380434782608696,-0.09032608695652178,69.86739130434778,0,0,18.304347826086957,19.79999999999997
,,0,2025-11-27T00:12:00Z,2025-11-27T07:00:00Z,2025-11-27T02:15:48Z,corso_IoT,ESP_LEOPIZZI,Lecce,Stanza,0.07534246575342467,0.016712328767123297,0.932054794520549,-0.01041095890410958,-0.17602739726027405,-0.03575342465753427,69.85753424657544,3.4246575342465753,0,18.054794520547944,19.799999999999972
,,0,2025-11-27T00:12:00Z,2025-11-27T07:00:00Z,2025-11-27T02:16:56Z,corso_IoT,ESP_LEOPIZZI,Lecce,Stanza,0.10810810810810818,0.014459459459459466,0.920945945945947,-0.052027027027027044,-0.052162162162162164,-0.09716216216216213,69.83783783783784,0,0,22.58108108108108,19.799999999999972
,,0,2025-11-27T00:12:00Z,2025-11-27T07:00:00Z,2025-11-27T02:18:04Z,corso_IoT,ESP_LEOPIZZI,Lecce,Stanza,0.10929411764705886,0.013411764705882363,0.9207058823529424,-0.028470588235294112,-0.05941176470588236,-0.059294117647058824,69.81058823529422,0,0,16.894117647058824,19.799999999999972
,,0,2025-11-27T00:12:00Z,2025-11-27T07:00:00Z,2025-11-27T02:19:12Z,corso_IoT,ESP_LEOPIZZI,Lecce,Stanza,0.10934065934065933,0.012637362637362646,0.9210989010989022,-0.0017582417582417493,-0.05956043956043956,-0.06934065934065935,69.84285714285706,0,0,19.13186813186813,19.79999999999997
,,0,2025-11-27T00:12:00Z,2025-11-27T07:00:00Z,2025-11-27T02:20:20Z,corso_IoT,ESP_LEOPIZZI,Lecce,Stanza,0.10944444444444444,0.012777777777777787,0.9204444444444457,0.0020000000000000035,-0.05677777777777776,-0.08055555555555556,69.81777777777789,0,0,17.677777777777777,19.79999999999997
,,0,2025-11-27T00:12:00Z,2025-11-27T07:00:00Z,2025-11-27T02:21:28Z,corso_IoT,ESP_LEOPIZZI,Lecce,Stanza,0.10977777777777778,0.012777777777777787,0.9214444444444457,-0.0023333333333333366,-0.068,-0.052999999999999985,69.80000000000011,0,0,17.166666666666668,19.79999999999997
,,0,2025-11-27T00:12:00Z,2025-11-27T07:00:00Z,2025-11-27T02:22:36Z,corso_IoT,ESP_LEOPIZZI,Lecce,Stanza,0.1094186046511628,0.012325581395348846,0.9216279069767452,0.0000000000000000019364355080671335,-0.03872093023255815,-0.09953488372093028,69.81511627906984,0,0,18.906976744186046,19.784883720930218
,,0,2025-11-27T00:12:00Z,2025-11-27T07:00:00Z,2025-11-27T02:23:44Z,corso_IoT,ESP_LEOPIZZI,Lecce,Stanza,0.11000000000000004,0.012448979591836742,0.9222448979591845,-0.038571428571428576,-0.05040816326530612,-0.05653061224489798,69.85510204081638,0,0,19.979591836734695,19.744897959183685
,,0,2025-11-27T00:12:00Z,2025-11-27T07:00:00Z,2025-11-27T02:24:52Z,corso_IoT,ESP_LEOPIZZI,Lecce,Stanza,0.11013888888888902,0.011944444444444452,0.9205555555555563,0.0011111111111111053,-0.047361111111111104,-0.09500000000000003,69.80416666666676,0,0,20.291666666666668,19.795833333333306
,,0,2025-11-27T00:12:00Z,2025-11-27T07:00:00Z,2025-11-27T02:26:00Z,corso_IoT,ESP_LEOPIZZI,Lecce,Stanza,0.11000000000000001,0.012359550561797761,0.9221348314606757,-0.022022471910112345,-0.061235955056179764,-0.0650561797752809,69.79662921348323,0,0,19.348314606741575,19.720224719101147
,,0,2025-11-27T00:12:00Z,2025-11-27T07:00:00Z,2025-11-27T02:27:08Z,corso_IoT,ESP_LEOPIZZI,Lecce,Stanza,0.1101098901098901,0.011098901098901106,0.9225274725274738,-0.02934065934065933,-0.08197802197802198,-0.0702197802197802,69.81318681318689,0,0,16.153846153846153,19.70000000000003
,,0,2025-11-27T00:12:00Z,2025-11-27T07:00:00Z,2025-11-27T02:28:16Z,corso_IoT,ESP_LEOPIZZI,Lecce,Stanza,0.11022222222222222,0.011555555555555564,0.9220000000000016,-0.03544444444444442,-0.03922222222222219,-0.08322222222222221,69.85222222222222,0,0,17.733333333333334,19.70000000000003
,,0,2025-11-27T00:12:00Z,2025-11-27T07:00:00Z,2025-11-27T02:29:24Z,corso_IoT,ESP_LEOPIZZI,Lecce,Stanza,0.11024096385542173,0.011927710843373502,0.9210843373493989,-0.037710843373493966,-0.06493975903614457,-0.03445783132530121,69.8819277108433,0,0,18.048192771084338,19.700000000000028
,,0,2025-11-27T00:12:00Z,2025-11-27T07:00:00Z,2025-11-27T02:30:32Z,corso_IoT,ESP_LEOPIZZI,Lecce,Stanza,0.11011235955056181,0.011235955056179782,0.9220224719101136,-0.002134831460674156,-0.04775280898876404,-0.06921348314606743,69.88651685393252,0,0,18.337078651685392,19.70000000000003
,,0,2025-11-27T00:12:00Z,2025-11-27T07:00:00Z,2025-11-27T02:31:40Z,corso_IoT,ESP_LEOPIZZI,Lecce,Stanza,0.11000000000000003,0.011609195402298858,0.9216091954023,-0.00103448275862069,-0.07298850574712644,-0.05505747126436784,69.89999999999992,0,0,14.528735632183908,19.70000000000003
,,0,2025-11-27T00:12:00Z,2025-11-27T07:00:00Z,2025-11-27T02:32:48Z,corso_IoT,ESP_LEOPIZZI,Lecce,Stanza,0.11034883720930234,0.011511627906976752,0.9222093023255827,-0.009651162790697677,-0.06744186046511627,-0.048604651162790696,69.89999999999992,0,0,14.86046511627907,19.70000000000003
,,0,2025-11-27T00:12:00Z,2025-11-27T07:00:00Z,2025-11-27T02:33:56Z,corso_IoT,ESP_LEOPIZZI,Lecce,Stanza,0.11011764705882357,0.012000000000000007,0.9205882352941185,-0.018,-0.05094117647058825,-0.09458823529411765,69.89999999999992,0,0,17.023529411764706,19.700000000000028
,,0,2025-11-27T00:12:00Z,2025-11-27T07:00:00Z,2025-11-27T02:35:04Z,corso_IoT,ESP_LEOPIZZI,Lecce,Stanza,0.11011363636363637,0.011818181818181827,0.9202272727272739,-0.033295454545454545,-0.06715909090909092,-0.06761363636363636,69.89999999999992,0,0,16.818181818181817,19.70000000000003
,,0,2025-11-27T00:12:00Z,2025-11-27T07:00:00Z,2025-11-27T02:36:12Z,corso_IoT,ESP_LEOPIZZI,Lecce,Stanza,0.11055555555555555,0.012777777777777787,0.9207777777777789,-0.002333333333333331,-0.04933333333333335,-0.06599999999999999,69.8999999999999,0,0,20.22222222222222,19.70000000000003
,,0,2025-11-27T00:12:00Z,2025-11-27T07:00:00Z,2025-11-27T02:37:20Z,corso_IoT,ESP_LEOPIZZI,Lecce,Stanza,0.11032967032967032,0.011538461538461546,0.9206593406593417,-0.013076923076923078,-0.05208791208791209,-0.053076923076923084,69.8999999999999,0,0,19.065934065934066,19.696703296703326
,,0,2025-11-27T00:12:00Z,2025-11-27T07:00:00Z,2025-11-27T02:38:28Z,corso_IoT,ESP_LEOPIZZI,Lecce,Stanza,0.11056603773584912,0.011698113207547175,0.9188679245283025,-0.03886792452830188,-0.04566037735849057,-0.0671698113207547,69.90000000000006,0,0,24.754716981132077,19.70000000000002
,,0,2025-11-27T00:12:00Z,2025-11-27T07:00:00Z,2025-11-27T02:39:36Z,corso_IoT,ESP_LEOPIZZI,Lecce,Stanza,0.11034883720930234,0.011860465116279077,0.9202325581395362,-0.04732558139534883,-0.07523255813953486,-0.06848837209302328,69.89999999999992,0,0,15.186046511627907,19.686046511627925
,,0,2025-11-27T00:12:00Z,2025-11-27T07:00:00Z,2025-11-27T02:40:44Z,corso_IoT,ESP_LEOPIZZI,Lecce,Stanza,0.11023255813953489,0.011860465116279076,0.9209302325581402,0.0023255813953488367,-0.060930232558139515,-0.05325581395348835,69.90000000000005,0,0,16.697674418604652,19.676744186046523
,,0,2025-11-27T00:12:00Z,2025-11-27T07:00:00Z,2025-11-27T02:41:52Z,corso_IoT,ESP_LEOPIZZI,Lecce,Stanza,0.11097560975609762,0.01170731707317074,0.9201219512195132,-0.029024390243902434,-0.08219512195121952,-0.07109756097560975,69.89999999999993,0,0,19.085365853658537,19.67439024390244
,,0,2025-11-27T00:12:00Z,2025-11-27T07:00:00Z,2025-11-27T02:43:00Z,corso_IoT,ESP_LEOPIZZI,Lecce,Stanza,0.11054945054945053,0.012307692307692316,0.9196703296703307,-0.027362637362637346,-0.04340659340659343,-0.07824175824175823,69.8999999999999,0,0,17.89010989010989,19.613186813186786
,,0,2025-11-27T00:12:00Z,2025-11-27T07:00:00Z,2025-11-27T02:44:08Z,corso_IoT,ESP_LEOPIZZI,Lecce,Stanza,0.11044943820224719,0.011797752808988772,0.9204494382022484,-0.021685393258426965,-0.046853932584269675,-0.07617977528089886,69.8999999999999,0,0,18.179775280898877,19.599999999999973
,,0,2025-11-27T00:12:00Z,2025-11-27T07:00:00Z,2025-11-27T02:45:16Z,corso_IoT,ESP_LEOPIZZI,Lecce,Stanza,0.11076923076923074,0.011538461538461546,0.9208791208791223,-0.05054945054945056,-0.07824175824175822,-0.07736263736263738,69.8999999999999,0,0,16.53846153846154,19.603296703296678
,,0,2025-11-27T00:12:00Z,2025-11-27T07:00:00Z,2025-11-27T02:46:24Z,corso_IoT,ESP_LEOPIZZI,Lecce,Stanza,0.11105882352941178,0.01164705882352942,0.9208235294117658,-0.015058823529411767,-0.030235294117647058,-0.0824705882352941,69.89999999999992,0,0,20.458823529411763,19.599999999999977
,,0,2025-11-27T00:12:00Z,2025-11-27T07:00:00Z,2025-11-27T02:47:32Z,corso_IoT,ESP_LEOPIZZI,Lecce,Stanza,0.11022222222222222,0.01211111111111112,0.92088888888889,-0.019333333333333334,-0.06344444444444443,-0.05855555555555555,69.8999999999999,0,0,17.466666666666665,19.599999999999973
,,0,2025-11-27T00:12:00Z,2025-11-27T07:00:00Z,2025-11-27T02:48:40Z,corso_IoT,ESP_LEOPIZZI,Lecce,Stanza,0.11016666666666676,0.012000000000000007,0.9201666666666674,-0.04816666666666666,-0.06266666666666668,-0.07516666666666667,69.90000000000005,0,0,16.583333333333332,19.600000000000005
,,0,2025-11-27T00:12:00Z,2025-11-27T07:00:00Z,2025-11-27T02:49:48Z,corso_IoT,ESP_LEOPIZZI,Lecce,Stanza,0.11066666666666666,0.011888888888888897,0.9200000000000013,-0.039222222222222235,-0.044444444444444474,-0.06099999999999999,69.8999999999999,0,0,19.366666666666667,19.599999999999973
,,0,2025-11-27T00:12:00Z,2025-11-27T07:00:00Z,2025-11-27T02:50:56Z,corso_IoT,ESP_LEOPIZZI,Lecce,Stanza,0.11045977011494254,0.011264367816091962,0.921034482758622,0.0021839080459770126,-0.08873563218390804,-0.04988505747126436,69.89999999999992,0,0,15.333333333333334,19.599999999999973
,,0,2025-11-27T00:12:00Z,2025-11-27T07:00:00Z,2025-11-27T02:52:04Z,corso_IoT,ESP_LEOPIZZI,Lecce,Stanza,0.11065934065934065,0.011318681318681327,0.9209890109890125,-0.02582417582417583,-0.04340659340659339,-0.07186813186813183,69.8999999999999,0,0,16.736263736263737,19.599999999999973
,,0,2025-11-27T00:12:00Z,2025-11-27T07:00:00Z,2025-11-27T02:53:12Z,corso_IoT,ESP_LEOPIZZI,Lecce,Stanza,0.14135802469135805,0.1307407407407407,0.8076543209876547,-1.2482716049382714,-0.15666666666666654,-0.23851851851851857,69.92222222222225,17.28395061728395,0,18.049382716049383,19.59999999999998
,,0,2025-11-27T00:12:00Z,2025-11-27T07:00:00Z,2025-11-27T02:54:20Z,corso_IoT,ESP_LEOPIZZI,Lecce,Stanza,0.19999999999999987,0.45833333333333387,0.4994444444444443,0.0035185185185185198,-0.04722222222222225,-0.046111111111111124,70,50,0,22.314814814814813,19.600000000000016
,,0,2025-11-27T00:12:00Z,2025-11-27T07:00:00Z,2025-11-27T02:55:28Z,corso_IoT,ESP_LEOPIZZI,Lecce,Stanza,0.19910112359550533,0.4593258426966299,0.49876404494382015,-0.036741573033707856,-0.08674157303370786,-0.02112359550561798,69.99325842696626,50,0,20.247191011235955,19.599999999999973
,,0,2025-11-27T00:12:00Z,2025-11-27T07:00:00Z,2025-11-27T02:56:36Z,corso_IoT,ESP_LEOPIZZI,Lecce,Stanza,0.198202247191011,0.45955056179775344,0.4996629213483147,-0.03539325842696629,-0.07584269662921353,-0.036292134831460675,69.98539325842698,50,0,21.325842696629213,19.596629213483123
,,0,2025-11-27T00:12:00Z,2025-11-27T07:00:00Z,2025-11-27T02:57:44Z,corso_IoT,ESP_LEOPIZZI,Lecce,Stanza,0.1985393258426964,0.46000000000000063,0.49910112359550557,-0.06269662921348314,-0.14191011235955062,-0.02157303370786517,70,50,0,19.662921348314608,19.596629213483116
,,0,2025-11-27T00:12:00Z,2025-11-27T07:00:00Z,2025-11-27T02:58:52Z,corso_IoT,ESP_LEOPIZZI,Lecce,Stanza,0.19377777777777766,0.4606666666666672,0.49922222222222223,-0.061777777777777786,-0.10444444444444445,-0.039999999999999994,69.99666666666666,50,0,22.755555555555556,19.599999999999973
,,0,2025-11-27T00:12:00Z,2025-11-27T07:00:00Z,2025-11-27T03:00:00Z,corso_IoT,ESP_LEOPIZZI,Lecce,Stanza,0.21797752808988746,0.46438202247191035,0.5028089887640446,-0.2649438202247191,0.3829213483146068,0.02651685393258426,70.00224719101125,47.19101123595506,0,19.9438202247191,19.599999999999973
,,0,2025-11-27T00:12:00Z,2025-11-27T07:00:00Z,2025-11-27T03:01:08Z,corso_IoT,ESP_LEOPIZZI,Lecce,Stanza,0.42354430379746916,0.674936708860759,0.4451898734177217,-0.15898734177215193,0.06278481012658228,0.012025316455696204,70.43164556962024,3.7974683544303796,0,16.810126582278482,19.59999999999998
,,0,2025-11-27T00:12:00Z,2025-11-27T07:00:00Z,2025-11-27T03:02:16Z,corso_IoT,ESP_LEOPIZZI,Lecce,Stanza,0.41941176470588265,0.6839215686274509,0.4423529411764707,-0.033333333333333326,-0.032549019607843135,-0.027450980392156855,70.15686274509798,0,0,20.96078431372549,19.600000000000016
,,0,2025-11-27T00:12:00Z,2025-11-27T07:00:00Z,2025-11-27T03:03:24Z,corso_IoT,ESP_LEOPIZZI,Lecce,Stanza,0.4187323943661979,0.6856338028169011,0.44197183098591575,-0.03408450704225354,-0.06676056338028168,-0.03338028169014083,70.02112676056338,0,0,17.985915492957748,19.59999999999999
,,0,2025-11-27T00:12:00Z,2025-11-27T07:00:00Z,2025-11-27T03:04:32Z,corso_IoT,ESP_LEOPIZZI,Lecce,Stanza,0.4180898876404501,0.685730337078651,0.4424719101123594,-0.015505617977528089,-0.10011235955056182,-0.009550561797752806,69.98651685393257,0,0,17.15730337078652,19.599999999999973
,,0,2025-11-27T00:12:00Z,2025-11-27T07:00:00Z,2025-11-27T03:05:40Z,corso_IoT,ESP_LEOPIZZI,Lecce,Stanza,0.41746987951807285,0.6857831325301199,0.4420481927710845,-0.012168674698795179,-0.09746987951807229,-0.018433734939759035,69.9614457831325,0,0,13.301204819277109,19.59638554216865
,,0,2025-11-27T00:12:00Z,2025-11-27T07:00:00Z,2025-11-27T03:06:48Z,corso_IoT,ESP_LEOPIZZI,Lecce,Stanza,0.4170000000000006,0.6869999999999993,0.4415555555555556,-0.034,-0.10622222222222223,-0.04088888888888888,69.90999999999991,0,0,15.177777777777777,19.599999999999973
,,0,2025-11-27T00:12:00Z,2025-11-27T07:00:00Z,2025-11-27T03:07:56Z,corso_IoT,ESP_LEOPIZZI,Lecce,Stanza,0.4169662921348321,0.6866292134831455,0.44280898876404473,-0.06898876404494382,-0.10202247191011236,-0.028988764044943816,69.90674157303363,0,0,19.741573033707866,19.593258426966266
,,0,2025-11-27T00:12:00Z,2025-11-27T07:00:00Z,2025-11-27T03:09:04Z,corso_IoT,ESP_LEOPIZZI,Lecce,Stanza,0.4169230769230775,0.6867948717948712,0.44051282051282076,-0.05038461538461538,-0.07410256410256408,-0.0246153846153846,69.91538461538458,0,0,20.435897435897434,19.584615384615372
,,0,2025-11-27T00:12:00Z,2025-11-27T07:00:00Z,2025-11-27T03:10:12Z,corso_IoT,ESP_LEOPIZZI,Lecce,Stanza,0.41561797752809015,0.6862921348314599,0.441123595505618,-0.047303370786516835,-0.1059550561797753,-0.02370786516853932,69.90674157303363,0,0,17.213483146067414,19.59325842696627
,,0,2025-11-27T00:12:00Z,2025-11-27T07:00:00Z,2025-11-27T03:11:20Z,corso_IoT,ESP_LEOPIZZI,Lecce,Stanza,0.4152325581395353,0.6876744186046505,0.4403488372093024,-0.04720930232558139,-0.0817441860465116,-0.04686046511627906,69.91162790697668,0,0,16.151162790697676,19.588372093023235
,,0,2025-11-27T00:12:00Z,2025-11-27T07:00:00Z,2025-11-27T03:12:28Z,corso_IoT,ESP_LEOPIZZI,Lecce,Stanza,0.4159340659340664,0.6878021978021971,0.4413186813186812,-0.045054945054945054,-0.06868131868131865,-0.052747252747252754,69.91868131868127,0,0,16.64835164835165,19.58131868131866
,,0,2025-11-27T00:12:00Z,2025-11-27T07:00:00Z,2025-11-27T03:13:36Z,corso_IoT,ESP_LEOPIZZI,Lecce,Stanza,0.4164444444444448,0.6863333333333327,0.4407777777777778,-0.002888888888888891,-0.07933333333333333,-0.00911111111111111,69.93111111111105,0,0,18.38888888888889,19.56888888888887
,,0,2025-11-27T00:12:00Z,2025-11-27T07:00:00Z,2025-11-27T03:14:44Z,corso_IoT,ESP_LEOPIZZI,Lecce,Stanza,0.4144565217391306,0.686739130434782,0.44065217391304357,-0.028804347826086936,-0.07032608695652175,-0.0505434782608696,69.91521739130425,0,0,16.282608695652176,19.584782608695622
,,0,2025-11-27T00:12:00Z,2025-11-27T07:00:00Z,2025-11-27T03:15:52Z,corso_IoT,ESP_LEOPIZZI,Lecce,Stanza,0.4153225806451617,0.6861290322580642,0.4404838709677423,-0.03016129032258062,-0.08725806451612901,-0.03838709677419355,69.90322580645164,0,0,23.403225806451612,19.596774193548388
,,0,2025-11-27T00:12:00Z,2025-11-27T07:00:00Z,2025-11-27T03:17:00Z,corso_IoT,ESP_LEOPIZZI,Lecce,Stanza,0.4153086419753089,0.6865432098765426,0.4408641975308645,-0.015061728395061732,-0.059506172839506155,-0.042469135802469124,69.84691358024686,0,0,16.185185185185187,19.569135802469138
,,0,2025-11-27T00:12:00Z,2025-11-27T07:00:00Z,2025-11-27T03:18:08Z,corso_IoT,ESP_LEOPIZZI,Lecce,Stanza,0.41375000000000023,0.6864772727272721,0.44102272727272746,-0.020795454545454548,-0.05397727272727271,-0.0415909090909091,69.89659090909083,0,0,15.431818181818182,19.50340909090909
,,0,2025-11-27T00:12:00Z,2025-11-27T07:00:00Z,2025-11-27T03:19:16Z,corso_IoT,ESP_LEOPIZZI,Lecce,Stanza,0.4145454545454548,0.686477272727272,0.4404545454545455,-0.04545454545454545,-0.05988636363636362,-0.017840909090909098,69.90681818181812,0,0,20.636363636363637,19.50340909090909
,,0,2025-11-27T00:12:00Z,2025-11-27T07:00:00Z,2025-11-27T03:20:24Z,corso_IoT,ESP_LEOPIZZI,Lecce,Stanza,0.4145977011494255,0.6870114942528728,0.4403448275862069,-0.07057471264367816,-0.07804597701149424,-0.029195402298850575,69.93448275862067,0,0,17.057471264367816,19.5
,,0,2025-11-27T00:12:00Z,2025-11-27T07:00:00Z,2025-11-27T03:21:32Z,corso_IoT,ESP_LEOPIZZI,Lecce,Stanza,0.4145679012345683,0.6874074074074069,0.44012345679012377,-0.059753086419753076,-0.049135802469135806,0.00666666666666667,69.91111111111107,0,0,15.37037037037037,19.5
,,0,2025-11-27T00:12:00Z,2025-11-27T07:00:00Z,2025-11-27T03:22:40Z,corso_IoT,ESP_LEOPIZZI,Lecce,Stanza,0.4154022988505751,0.6871264367816085,0.440689655172414,-0.054022988505747126,-0.08390804597701149,-0.020344827586206895,69.89999999999992,0,0,16.080459770114942,19.5
,,0,2025-11-27T00:12:00Z,2025-11-27T07:00:00Z,2025-11-27T03:23:48Z,corso_IoT,ESP_LEOPIZZI,Lecce,Stanza,0.41483516483516514,0.686703296703296,0.43967032967032965,-0.07879120879120877,-0.0810989010989011,-0.03395604395604395,69.8999999999999,0,0,19.197802197802197,19.5
,,0,2025-11-27T00:12:00Z,2025-11-27T07:00:00Z,2025-11-27T03:24:56Z,corso_IoT,ESP_LEOPIZZI,Lecce,Stanza,0.41385542168674727,0.6869879518072284,0.4398795180722893,-0.04144578313253011,-0.07361445783132528,-0.024939759036144583,69.89999999999993,0,0,16.40963855421687,19.5
,,0,2025-11-27T00:12:00Z,2025-11-27T07:00:00Z,2025-11-27T03:26:04Z,corso_IoT,ESP_LEOPIZZI,Lecce,Stanza,0.41340909090909084,0.6874999999999994,0.4402272727272727,-0.04840909090909093,-0.03784090909090909,-0.043750000000000004,69.89999999999992,0,0,17.829545454545453,19.5
,,0,2025-11-27T00:12:00Z,2025-11-27T07:00:00Z,2025-11-27T03:27:12Z,corso_IoT,ESP_LEOPIZZI,Lecce,Stanza,0.41379310344827624,0.6862068965517241,0.4393103448275865,-0.039482758620689645,-0.07,-0.017068965517241384,69.90000000000006,0,0,18.74137931034483,19.5
,,0,2025-11-27T00:12:00Z,2025-11-27T07:00:00Z,2025-11-27T03:28:20Z,corso_IoT,ESP_LEOPIZZI,Lecce,Stanza,0.41300000000000037,0.6827142857142854,0.43942857142857183,-0.014142857142857141,-0.054285714285714284,-0.06257142857142858,69.89999999999999,0,0,15.685714285714285,19.5
,,0,2025-11-27T00:12:00Z,2025-11-27T07:00:00Z,2025-11-27T03:29:28Z,corso_IoT,ESP_LEOPIZZI,Lecce,Stanza,0.41359550561797764,0.6838202247191008,0.43966292134831464,-0.02314606741573034,-0.09595505617977525,-0.03797752808988764,69.8999999999999,0,0,18.224719101123597,19.5
,,0,2025-11-27T00:12:00Z,2025-11-27T07:00:00Z,2025-11-27T03:30:36Z,corso_IoT,ESP_LEOPIZZI,Lecce,Stanza,0.41275862068965513,0.6837931034482755,0.4395402298850576,-0.06827586206896546,-0.025517241379310347,-0.05183908045977012,69.89999999999992,0,0,16.7816091954023,19.5
,,0,2025-11-27T00:12:00Z,2025-11-27T07:00:00Z,2025-11-27T03:31:44Z,corso_IoT,ESP_LEOPIZZI,Lecce,Stanza,0.412727272727273,0.6825974025974022,0.4390909090909094,-0.027922077922077928,-0.07493506493506495,-0.022337662337662337,69.89999999999995,0,0,17.16883116883117,19.5
,,0,2025-11-27T00:12:00Z,2025-11-27T07:00:00Z,2025-11-27T03:32:52Z,corso_IoT,ESP_LEOPIZZI,Lecce,Stanza,0.41275862068965513,0.6827586206896549,0.44,-0.034942528735632195,-0.017701149425287374,-0.0418390804597701,69.89999999999992,0,0,16.839080459770116,19.5
,,0,2025-11-27T00:12:00Z,2025-11-27T07:00:00Z,2025-11-27T03:34:00Z,corso_IoT,ESP_LEOPIZZI,Lecce,Stanza,0.4124137931034483,0.682068965517241,0.4395402298850574,-0.055402298850574704,-0.04402298850574714,-0.03620689655172411,69.89999999999992,0,0,16.977011494252874,19.5
,,0,2025-11-27T00:12:00Z,2025-11-27T07:00:00Z,2025-11-27T03:35:08Z,corso_IoT,ESP_LEOPIZZI,Lecce,Stanza,0.4118072289156628,0.6830120481927705,0.44048192771084355,-0.05060240963855423,-0.03650602409638556,-0.016987951807228917,69.89999999999993,0,0,17.03614457831325,19.5
,,0,2025-11-27T00:12:00Z,2025-11-27T07:00:00Z,2025-11-27T03:36:16Z,corso_IoT,ESP_LEOPIZZI,Lecce,Stanza,0.3789333333333335,0.5824000000000001,0.46200000000000035,0.20253333333333318,-0.37733333333333324,-0.23226666666666668,69.89999999999996,45.333333333333336,0,22.64,19.5
,,0,2025-11-27T00:12:00Z,2025-11-27T07:00:00Z,2025-11-27T03:37:24Z,corso_IoT,ESP_LEOPIZZI,Lecce,Stanza,0.3683333333333334,0.5687777777777779,0.46200000000000035,-0.030111111111111116,-0.05477777777777779,-0.06522222222222224,69.8999999999999,50,0,18.42222222222222,19.5
,,0,2025-11-27T00:12:00Z,2025-11-27T07:00:00Z,2025-11-27T03:38:32Z,corso_IoT,ESP_LEOPIZZI,Lecce,Stanza,0.3676923076923077,0.5673626373626377,0.4624175824175827,-0.04032967032967032,-0.050879120879120866,-0.07274725274725277,69.89670329670322,50,0,21.593406593406595,19.5
,,0,2025-11-27T00:12:00Z,2025-11-27T07:00:00Z,2025-11-27T03:39:40Z,corso_IoT,ESP_LEOPIZZI,Lecce,Stanza,0.367159090909091,0.5670454545454547,0.46261363636363667,-0.0396590909090909,-0.05397727272727271,-0.06409090909090912,69.89659090909085,50,0,19.295454545454547,19.5
,,0,2025-11-27T00:12:00Z,2025-11-27T07:00:00Z,2025-11-27T03:40:48Z,corso_IoT,ESP_LEOPIZZI,Lecce,Stanza,0.36685393258426974,0.567303370786517,0.4621348314606744,-0.05157303370786516,-0.03573033707865169,-0.041011235955056194,69.81685393258437,50,0,20.764044943820224,19.5
,,0,2025-11-27T00:12:00Z,2025-11-27T07:00:00Z,2025-11-27T03:41:56Z,corso_IoT,ESP_LEOPIZZI,Lecce,Stanza,0.36681318681318686,0.5670329670329673,0.46230769230769264,-0.04769230769230768,-0.045274725274725286,-0.054615384615384614,69.80000000000011,50,0,20.505494505494507,19.5
,,0,2025-11-27T00:12:00Z,2025-11-27T07:00:00Z,2025-11-27T03:43:04Z,corso_IoT,ESP_LEOPIZZI,Lecce,Stanza,0.3681707317073173,0.5632926829268295,0.46158536585365884,-0.03085365853658537,-0.054024390243902425,-0.05841463414634149,69.80000000000011,50,0,19.79268292682927,19.5
,,0,2025-11-27T00:12:00Z,2025-11-27T07:00:00Z,2025-11-27T03:44:12Z,corso_IoT,ESP_LEOPIZZI,Lecce,Stanza,0.36795454545454565,0.5632954545454548,0.4622727272727276,-0.049204545454545445,-0.07545454545454545,-0.0640909090909091,69.79659090909101,50,0,20.954545454545453,19.5
,,0,2025-11-27T00:12:00Z,2025-11-27T07:00:00Z,2025-11-27T03:45:20Z,corso_IoT,ESP_LEOPIZZI,Lecce,Stanza,0.36696629213483156,0.5633707865168542,0.4626966292134835,-0.0250561797752809,-0.06359550561797755,-0.07966292134831458,69.77977528089892,50,0,18.382022471910112,19.5
,,0,2025-11-27T00:12:00Z,2025-11-27T07:00:00Z,2025-11-27T03:46:28Z,corso_IoT,ESP_LEOPIZZI,Lecce,Stanza,0.3569999999999999,0.5165000000000006,0.4790000000000004,-0.265375,-0.11949999999999998,-0.05162500000000001,69.71374999999992,50,0,22.4375,19.5
,,0,2025-11-27T00:12:00Z,2025-11-27T07:00:00Z,2025-11-27T03:47:36Z,corso_IoT,ESP_LEOPIZZI,Lecce,Stanza,0.3406896551724138,0.45011494252873574,0.5059770114942528,0.002873563218390806,-0.049425287356321825,-0.05160919540229887,69.69999999999989,50,0,18.770114942528735,19.5
,,0,2025-11-27T00:12:00Z,2025-11-27T07:00:00Z,2025-11-27T03:48:44Z,corso_IoT,ESP_LEOPIZZI,Lecce,Stanza,0.34104651162790695,0.44941860465116296,0.506046511627907,-0.03732558139534881,-0.06953488372093021,-0.04965116279069767,69.71744186046507,50,0,18.302325581395348,19.5
,,0,2025-11-27T00:12:00Z,2025-11-27T07:00:00Z,2025-11-27T03:49:52Z,corso_IoT,ESP_LEOPIZZI,Lecce,Stanza,0.34136363636363637,0.44931818181818195,0.5076136363636363,-0.018749999999999996,-0.017045454545454548,-0.0660227272727273,69.69999999999989,50,0,17.545454545454547,19.5
,,0,2025-11-27T00:12:00Z,2025-11-27T07:00:00Z,2025-11-27T03:51:00Z,corso_IoT,ESP_LEOPIZZI,Lecce,Stanza,0.34089887640449434,0.4483146067415731,0.5069662921348315,-0.03235955056179777,-0.04213483146067417,-0.06977528089887643,69.69999999999989,50,0,20.95505617977528,19.5
,,0,2025-11-27T00:12:00Z,2025-11-27T07:00:00Z,2025-11-27T03:52:08Z,corso_IoT,ESP_LEOPIZZI,Lecce,Stanza,0.340722891566265,0.4473493975903614,0.5073493975903616,-0.008554216867469877,-0.052289156626506024,-0.07036144578313255,69.69999999999989,50,0,16.710843373493976,19.5
,,0,2025-11-27T00:12:00Z,2025-11-27T07:00:00Z,2025-11-27T03:53:16Z,corso_IoT,ESP_LEOPIZZI,Lecce,Stanza,0.3409638554216867,0.4479518072289154,0.5084337349397592,-0.041927710843373496,-0.07939759036144582,-0.06228915662650605,69.69999999999989,50,0,20.433734939759034,19.5
,,0,2025-11-27T00:12:00Z,2025-11-27T07:00:00Z,2025-11-27T03:54:24Z,corso_IoT,ESP_LEOPIZZI,Lecce,Stanza,0.34123595505617976,0.44685393258426964,0.5073033707865167,-0.0486516853932584,-0.04157303370786517,-0.04999999999999999,69.66966292134836,50,0,17.46067415730337,19.5
,,0,2025-11-27T00:12:00Z,2025-11-27T07:00:00Z,2025-11-27T03:55:32Z,corso_IoT,ESP_LEOPIZZI,Lecce,Stanza,0.3415384615384615,0.44681318681318677,0.5074725274725275,-0.048461538461538466,-0.04461538461538462,-0.049340659340659336,69.54285714285714,50,0,17.47252747252747,19.5
,,0,2025-11-27T00:12:00Z,2025-11-27T07:00:00Z,2025-11-27T03:56:40Z,corso_IoT,ESP_LEOPIZZI,Lecce,Stanza,0.34113636363636357,0.4454545454545454,0.5064772727272726,-0.05056818181818182,-0.06545454545454546,-0.046477272727272714,69.5,50,0,19.90909090909091,19.5
,,0,2025-11-27T00:12:00Z,2025-11-27T07:00:00Z,2025-11-27T03:57:48Z,corso_IoT,ESP_LEOPIZZI,Lecce,Stanza,0.3411235955056179,0.4455056179775281,0.5075280898876403,-0.058089887640449436,-0.030000000000000006,-0.04235955056179775,69.5,50,0,21.202247191011235,19.5
,,0,2025-11-27T00:12:00Z,2025-11-27T07:00:00Z,2025-11-27T03:58:56Z,corso_IoT,ESP_LEOPIZZI,Lecce,Stanza,0.341685393258427,0.4453932584269663,0.5079775280898875,-0.02404494382022472,-0.02393258426966292,-0.03550561797752808,69.5,50,0,24.247191011235955,19.5
,,0,2025-11-27T00:12:00Z,2025-11-27T07:00:00Z,2025-11-27T04:00:04Z,corso_IoT,ESP_LEOPIZZI,Lecce,Stanza,0.34136363636363637,0.4442045454545451,0.5070454545454545,-0.026477272727272724,-0.0253409090909091,-0.057159090909090854,69.45568181818179,50,0,20.943181818181817,19.5
,,0,2025-11-27T00:12:00Z,2025-11-27T07:00:00Z,2025-11-27T04:01:12Z,corso_IoT,ESP_LEOPIZZI,Lecce,Stanza,0.34197530864197534,0.4439506172839507,0.507777777777778,-0.041851851851851855,-0.018518518518518517,-0.05098765432098767,69.49506172839506,50,0,19.25925925925926,19.5
,,0,2025-11-27T00:12:00Z,2025-11-27T07:00:00Z,2025-11-27T04:02:20Z,corso_IoT,ESP_LEOPIZZI,Lecce,Stanza,0.34214285714285714,0.4430000000000003,0.5062857142857146,-0.07128571428571426,-0.02357142857142856,-0.06857142857142853,69.44000000000004,50,0,20.685714285714287,19.5
,,0,2025-11-27T00:12:00Z,2025-11-27T07:00:00Z,2025-11-27T04:03:28Z,corso_IoT,ESP_LEOPIZZI,Lecce,Stanza,0.3405333333333333,0.4440000000000002,0.5065333333333335,-0.07786666666666668,-0.0008000000000000022,-0.07693333333333335,69.39999999999998,50,0,18.333333333333332,19.5
,,0,2025-11-27T00:12:00Z,2025-11-27T07:00:00Z,2025-11-27T04:04:36Z,corso_IoT,ESP_LEOPIZZI,Lecce,Stanza,0.3419540229885057,0.4444827586206897,0.5072413793103449,-0.04620689655172414,-0.029425287356321845,-0.05620689655172415,69.39999999999993,50,0,20.942528735632184,19.5
,,0,2025-11-27T00:12:00Z,2025-11-27T07:00:00Z,2025-11-27T04:05:44Z,corso_IoT,ESP_LEOPIZZI,Lecce,Stanza,0.3422093023255814,0.4438372093023255,0.5063953488372094,-0.04965116279069767,-0.002325581395348836,-0.06197674418604651,69.39999999999993,50,0,18.430232558139537,19.5
,,0,2025-11-27T00:12:00Z,2025-11-27T07:00:00Z,2025-11-27T04:06:52Z,corso_IoT,ESP_LEOPIZZI,Lecce,Stanza,0.34149425287356316,0.444137931034483,0.507816091954023,-0.031839080459770124,-0.01827586206896552,-0.03747126436781609,69.39999999999993,50,0,20.45977011494253,19.5
,,0,2025-11-27T00:12:00Z,2025-11-27T07:00:00Z,2025-11-27T04:08:00Z,corso_IoT,ESP_LEOPIZZI,Lecce,Stanza,0.344507042253521,0.5214084507042254,0.47112676056338054,-0.33563380281690136,0.010422535211267596,-0.09901408450704222,69.39999999999999,50,0,17.507042253521128,19.5
,,0,2025-11-27T00:12:00Z,2025-11-27T07:00:00Z,2025-11-27T04:09:08Z,corso_IoT,ESP_LEOPIZZI,Lecce,Stanza,0.34180555555555553,0.5505555555555556,0.4626388888888891,-0.03972222222222221,0.004305555555555553,-0.037083333333333336,69.363888888889,50,0,19.583333333333332,19.5
,,0,2025-11-27T00:12:00Z,2025-11-27T07:00:00Z,2025-11-27T04:10:16Z,corso_IoT,ESP_LEOPIZZI,Lecce,Stanza,0.3423684210526316,0.5505263157894735,0.4618421052631583,-0.05802631578947366,-0.004078947368421049,-0.049342105263157875,69.30394736842113,50,0,20.986842105263158,19.5
,,0,2025-11-27T00:12:00Z,2025-11-27T07:00:00Z,2025-11-27T04:11:24Z,corso_IoT,ESP_LEOPIZZI,Lecce,Stanza,0.3413414634146341,0.5508536585365851,0.4624390243902442,-0.03524390243902437,0.010731707317073177,-0.06317073170731709,69.30000000000011,50,0,18.548780487804876,19.5
,,0,2025-11-27T00:12:00Z,2025-11-27T07:00:00Z,2025-11-27T04:12:32Z,corso_IoT,ESP_LEOPIZZI,Lecce,Stanza,0.34213483146067425,0.550898876404494,0.46168539325842733,-0.021460674157303364,-0.012584269662921355,-0.0608988764044944,69.30000000000011,50,0,19.97752808988764,19.476404494382038
,,0,2025-11-27T00:12:00Z,2025-11-27T07:00:00Z,2025-11-27T04:13:40Z,corso_IoT,ESP_LEOPIZZI,Lecce,Stanza,0.34287356321839085,0.5504597701149418,0.4619540229885062,-0.0647126436781609,-0.012873563218390807,-0.06770114942528734,69.28965517241386,50,0,16.95402298850575,19.413793103448302
,,0,2025-11-27T00:12:00Z,2025-11-27T07:00:00Z,2025-11-27T04:14:48Z,corso_IoT,ESP_LEOPIZZI,Lecce,Stanza,0.34333333333333343,0.5509195402298844,0.46091954022988557,-0.0475862068965517,0.0031034482758620693,-0.05103448275862069,69.2758620689656,50,0,18.402298850574713,19.400000000000027
,,0,2025-11-27T00:12:00Z,2025-11-27T07:00:00Z,2025-11-27T04:15:56Z,corso_IoT,ESP_LEOPIZZI,Lecce,Stanza,0.3427848101265824,0.5508860759493668,0.46202531645569656,-0.05025316455696203,-0.004430379746835445,-0.0632911392405063,69.28101265822791,50,0,16.531645569620252,19.40000000000002
,,0,2025-11-27T00:12:00Z,2025-11-27T07:00:00Z,2025-11-27T04:17:04Z,corso_IoT,ESP_LEOPIZZI,Lecce,Stanza,0.34333333333333343,0.5504761904761901,0.46273809523809556,-0.04547619047619046,0.02749999999999999,-0.05357142857142857,69.30000000000011,50,0,18.30952380952381,19.400000000000023
,,0,2025-11-27T00:12:00Z,2025-11-27T07:00:00Z,2025-11-27T04:18:12Z,corso_IoT,ESP_LEOPIZZI,Lecce,Stanza,0.3432876712328767,0.5508219178082189,0.46219178082191825,-0.04328767123287672,0.023698630136986303,-0.08287671232876713,69.3000000000001,50,0,18.273972602739725,19.400000000000013
,,0,2025-11-27T00:12:00Z,2025-11-27T07:00:00Z,2025-11-27T04:19:20Z,corso_IoT,ESP_LEOPIZZI,Lecce,Stanza,0.3434883720930233,0.5501162790697669,0.4618604651162795,-0.06441860465116278,-0.03906976744186047,-0.04465116279069766,69.30000000000011,50,0,17.441860465116278,19.403488372093047
,,0,2025-11-27T00:12:00Z,2025-11-27T07:00:00Z,2025-11-27T04:20:28Z,corso_IoT,ESP_LEOPIZZI,Lecce,Stanza,0.3426744186046512,0.5505813953488368,0.46244186046511665,-0.05976744186046512,0.02686046511627907,-0.06069767441860463,69.30000000000011,50,0,19.058139534883722,19.400000000000023
,,0,2025-11-27T00:12:00Z,2025-11-27T07:00:00Z,2025-11-27T04:21:36Z,corso_IoT,ESP_LEOPIZZI,Lecce,Stanza,0.3425000000000001,0.5507954545454539,0.461136363636364,-0.054318181818181814,-0.00670454545454545,-0.04272727272727272,69.25909090909087,50,0,17.772727272727273,19.400000000000027
,,0,2025-11-27T00:12:00Z,2025-11-27T07:00:00Z,2025-11-27T04:22:44Z,corso_IoT,ESP_LEOPIZZI,Lecce,Stanza,0.34193181818181817,0.5506818181818176,0.46272727272727304,-0.04068181818181818,-0.006818181818181818,-0.04272727272727272,69.2931818181819,50,0,16.068181818181817,19.400000000000027
,,0,2025-11-27T00:12:00Z,2025-11-27T07:00:00Z,2025-11-27T04:23:52Z,corso_IoT,ESP_LEOPIZZI,Lecce,Stanza,0.342808988764045,0.5505617977528084,0.4621348314606745,-0.04202247191011236,-0.006067415730337074,-0.0689887640449438,69.30000000000011,50,0,17.15730337078652,19.400000000000027
,,0,2025-11-27T00:12:00Z,2025-11-27T07:00:00Z,2025-11-27T04:25:00Z,corso_IoT,ESP_LEOPIZZI,Lecce,Stanza,0.34280898876404503,0.5503370786516849,0.46157303370786557,-0.07606741573033712,-0.02550561797752809,-0.05505617977528091,69.30000000000011,50,0,17.51685393258427,19.400000000000027
,,0,2025-11-27T00:12:00Z,2025-11-27T07:00:00Z,2025-11-27T04:26:08Z,corso_IoT,ESP_LEOPIZZI,Lecce,Stanza,0.3424444444444445,0.5509999999999996,0.46200000000000035,-0.03511111111111112,-0.02399999999999999,-0.06022222222222222,69.30000000000011,50,0,17.72222222222222,19.400000000000027
,,0,2025-11-27T00:12:00Z,2025-11-27T07:00:00Z,2025-11-27T04:27:16Z,corso_IoT,ESP_LEOPIZZI,Lecce,Stanza,0.3424719101123596,0.5505617977528083,0.4612359550561802,-0.06764044943820226,0.034831460674157315,-0.0712359550561798,69.30000000000011,50,0,21.921348314606742,19.400000000000027
,,0,2025-11-27T00:12:00Z,2025-11-27T07:00:00Z,2025-11-27T04:28:24Z,corso_IoT,ESP_LEOPIZZI,Lecce,Stanza,0.3424719101123596,0.5505617977528083,0.46179775280898916,-0.06258426966292135,-0.007977528089887637,-0.05314606741573031,69.30000000000011,50,0,17.53932584269663,19.400000000000027
,,0,2025-11-27T00:12:00Z,2025-11-27T07:00:00Z,2025-11-27T04:29:32Z,corso_IoT,ESP_LEOPIZZI,Lecce,Stanza,0.3425,0.550454545454545,0.46193181818181855,-0.012159090909090913,0.005909090909090894,-0.06499999999999999,69.30000000000011,50,0,19.71590909090909,19.400000000000027
,,0,2025-11-27T00:12:00Z,2025-11-27T07:00:00Z,2025-11-27T04:30:40Z,corso_IoT,ESP_LEOPIZZI,Lecce,Stanza,0.34303370786516874,0.5507865168539319,0.46247191011235983,-0.07044943820224717,0.005842696629213479,-0.06550561797752809,69.30000000000011,50,0,20.10112359550562,19.400000000000027
,,0,2025-11-27T00:12:00Z,2025-11-27T07:00:00Z,2025-11-27T04:31:48Z,corso_IoT,ESP_LEOPIZZI,Lecce,Stanza,0.3431460674157304,0.5498876404494375,0.4622471910112363,-0.04876404494382022,0.00539325842696629,-0.04606741573033708,69.30000000000011,50,0,17.865168539325843,19.400000000000027
,,0,2025-11-27T00:12:00Z,2025-11-27T07:00:00Z,2025-11-27T04:32:56Z,corso_IoT,ESP_LEOPIZZI,Lecce,Stanza,0.3426436781609197,0.550114942528735,0.46206896551724164,-0.048965517241379306,0.01850574712643678,-0.06298850574712644,69.29885057471274,50,0,15.505747126436782,19.400000000000027
,,0,2025-11-27T00:12:00Z,2025-11-27T07:00:00Z,2025-11-27T04:34:04Z,corso_IoT,ESP_LEOPIZZI,Lecce,Stanza,0.34209302325581403,0.5502325581395343,0.4618604651162794,-0.05837209302325581,0.009999999999999997,-0.06744186046511627,69.29767441860476,50,0,17.75581395348837,19.400000000000023
,,0,2025-11-27T00:12:00Z,2025-11-27T07:00:00Z,2025-11-27T04:35:12Z,corso_IoT,ESP_LEOPIZZI,Lecce,Stanza,0.3442045454545456,0.5512499999999996,0.4625000000000003,-0.05954545454545455,0.021249999999999995,-0.06397727272727276,69.2931818181819,50,0,19.102272727272727,19.400000000000027
,,0,2025-11-27T00:12:00Z,2025-11-27T07:00:00Z,2025-11-27T04:36:20Z,corso_IoT,ESP_LEOPIZZI,Lecce,Stanza,0.3453932584269665,0.5505617977528084,0.4613483146067421,-0.04483146067415729,-0.002247191011235958,-0.0634831460674157,69.28314606741581,50,0,20.04494382022472,19.400000000000027
,,0,2025-11-27T00:12:00Z,2025-11-27T07:00:00Z,2025-11-27T04:37:28Z,corso_IoT,ESP_LEOPIZZI,Lecce,Stanza,0.3453409090909093,0.5504545454545449,0.46125000000000044,-0.06363636363636366,0.03329545454545453,-0.05772727272727274,69.27727272727276,50,0,16.28409090909091,19.400000000000027
,,0,2025-11-27T00:12:00Z,2025-11-27T07:00:00Z,2025-11-27T04:38:36Z,corso_IoT,ESP_LEOPIZZI,Lecce,Stanza,0.34388888888888886,0.5509999999999994,0.46311111111111125,-0.07511111111111109,0.03655555555555558,-0.060888888888888944,69.19999999999989,50,0,23.055555555555557,19.400000000000027
,,0,2025-11-27T00:12:00Z,2025-11-27T07:00:00Z,2025-11-27T04:39:44Z,corso_IoT,ESP_LEOPIZZI,Lecce,Stanza,0.34444444444444466,0.5506666666666661,0.46255555555555583,-0.03844444444444444,0.0025555555555555635,-0.0727777777777778,69.19999999999989,50,0,18.11111111111111,19.400000000000027
,,0,2025-11-27T00:12:00Z,2025-11-27T07:00:00Z,2025-11-27T04:40:52Z,corso_IoT,ESP_LEOPIZZI,Lecce,Stanza,0.34431818181818197,0.5503409090909085,0.46125000000000044,-0.04681818181818181,0.031136363636363643,-0.07306818181818181,69.17386363636366,50,0,19.897727272727273,19.400000000000027
,,0,2025-11-27T00:12:00Z,2025-11-27T07:00:00Z,2025-11-27T04:42:00Z,corso_IoT,ESP_LEOPIZZI,Lecce,Stanza,0.3451111111111113,0.5503333333333327,0.4624444444444448,-0.03722222222222222,0.01744444444444443,-0.0468888888888889,69.16222222222218,50,0,20.255555555555556,19.400000000000027
,,0,2025-11-27T00:12:00Z,2025-11-27T07:00:00Z,2025-11-27T04:43:08Z,corso_IoT,ESP_LEOPIZZI,Lecce,Stanza,0.3448314606741576,0.5504494382022466,0.46235955056179806,-0.017191011235955053,0.012471910112359546,-0.05651685393258428,69.17977528089878,50,0,22.123595505617978,19.400000000000027
,,0,2025-11-27T00:12:00Z,2025-11-27T07:00:00Z,2025-11-27T04:44:16Z,corso_IoT,ESP_LEOPIZZI,Lecce,Stanza,0.3448314606741576,0.5507865168539321,0.4626966292134835,-0.052022471910112326,0.04685393258426966,-0.023707865168539333,69.19662921348305,50,0,18.471910112359552,19.400000000000027
,,0,2025-11-27T00:12:00Z,2025-11-27T07:00:00Z,2025-11-27T04:45:24Z,corso_IoT,ESP_LEOPIZZI,Lecce,Stanza,0.3463333333333336,0.5501111111111104,0.4617777777777782,-0.049333333333333326,0.025888888888888874,-0.044111111111111094,69.19999999999989,50,0,15.677777777777777,19.400000000000027
,,0,2025-11-27T00:12:00Z,2025-11-27T07:00:00Z,2025-11-27T04:46:32Z,corso_IoT,ESP_LEOPIZZI,Lecce,Stanza,0.34500000000000014,0.5504444444444438,0.46144444444444493,-0.05833333333333332,0.03388888888888887,-0.06911111111111112,69.19999999999989,50,0,19.011111111111113,19.400000000000027
,,0,2025-11-27T00:12:00Z,2025-11-27T07:00:00Z,2025-11-27T04:47:40Z,corso_IoT,ESP_LEOPIZZI,Lecce,Stanza,0.3487951807228916,0.5577108433734946,0.4596385542168681,0.1455421686746988,-0.10337349397590366,-0.022289156626506015,69.20361445783124,50,0,18.19277108433735,19.400000000000023
,,0,2025-11-27T00:12:00Z,2025-11-27T07:00:00Z,2025-11-27T04:48:48Z,corso_IoT,ESP_LEOPIZZI,Lecce,Stanza,0.3656043956043956,0.5913186813186826,0.451648351648352,-0.048791208791208775,0.03857142857142856,-0.03725274725274724,69.19999999999989,50,0,20.0989010989011,19.400000000000027
,,0,2025-11-27T00:12:00Z,2025-11-27T07:00:00Z,2025-11-27T04:49:56Z,corso_IoT,ESP_LEOPIZZI,Lecce,Stanza,0.36722222222222234,0.5904444444444457,0.45133333333333364,-0.02744444444444444,0.011777777777777781,-0.051111111111111114,69.19999999999989,50,0,18.42222222222222,19.400000000000027
,,0,2025-11-27T00:12:00Z,2025-11-27T07:00:00Z,2025-11-27T04:51:04Z,corso_IoT,ESP_LEOPIZZI,Lecce,Stanza,0.36637362637362636,0.5903296703296717,0.4512087912087915,-0.030329670329670322,0.019560439560439548,-0.04406593406593405,69.11868131868141,50,0,19.98901098901099,19.400000000000027
,,0,2025-11-27T00:12:00Z,2025-11-27T07:00:00Z,2025-11-27T04:52:12Z,corso_IoT,ESP_LEOPIZZI,Lecce,Stanza,0.36777777777777787,0.5904444444444457,0.4520000000000003,-0.029555555555555557,0.03188888888888889,-0.045111111111111095,69.10000000000008,50,0,18.377777777777776,19.400000000000027
,,0,2025-11-27T00:12:00Z,2025-11-27T07:00:00Z,2025-11-27T04:53:20Z,corso_IoT,ESP_LEOPIZZI,Lecce,Stanza,0.36741573033707886,0.5900000000000013,0.4516853932584273,-0.02865168539325842,0.04382022471910111,-0.02865168539325843,69.11348314606744,50,0,21.0561797752809,19.400000000000027
,,0,2025-11-27T00:12:00Z,2025-11-27T07:00:00Z,2025-11-27T04:54:28Z,corso_IoT,ESP_LEOPIZZI,Lecce,Stanza,0.36842696629213506,0.5897752808988777,0.4521348314606745,-0.027078651685393255,0.027415730337078646,-0.05674157303370783,69.15505617977522,50,0,20.719101123595507,19.400000000000027
,,0,2025-11-27T00:12:00Z,2025-11-27T07:00:00Z,2025-11-27T04:55:36Z,corso_IoT,ESP_LEOPIZZI,Lecce,Stanza,0.368426966292135,0.5897752808988775,0.45224719101123617,-0.02651685393258426,0.0447191011235955,-0.03269662921348315,69.13595505617987,50,0,18.84269662921348,19.400000000000027
,,0,2025-11-27T00:12:00Z,2025-11-27T07:00:00Z,2025-11-27T04:56:44Z,corso_IoT,ESP_LEOPIZZI,Lecce,Stanza,0.35195652173913033,0.6175,0.4425,-0.1064130434782608,0.17130434782608697,0.02619565217391306,69.1532608695651,50,0,18.152173913043477,19.40000000000003
,,0,2025-11-27T00:12:00Z,2025-11-27T07:00:00Z,2025-11-27T04:57:52Z,corso_IoT,ESP_LEOPIZZI,Lecce,Stanza,0.19962962962962955,0.49537037037037035,0.5609259259259257,-2.6172222222222215,-0.6475925925925926,1.016296296296296,69.70000000000002,46.2962962962963,0,20.85185185185185,19.427777777777766
,,0,2025-11-27T00:12:00Z,2025-11-27T07:00:00Z,2025-11-27T04:59:00Z,corso_IoT,ESP_LEOPIZZI,Lecce,Stanza,-0.07968085106382984,0.17191489361702125,0.7738297872340434,0.04872340425531914,0.2251063829787232,-0.3297872340425532,70.22234042553187,50,0,19.574468085106382,19.621276595744682
,,0,2025-11-27T00:12:00Z,2025-11-27T07:00:00Z,2025-11-27T05:00:08Z,corso_IoT,ESP_LEOPIZZI,Lecce,Stanza,-0.07903225806451616,0.17032258064516123,0.7759677419354846,0.003870967741935488,0.010967741935483869,-0.12725806451612903,69.67096774193544,50,0,21.129032258064516,19.71451612903227
,,0,2025-11-27T00:12:00Z,2025-11-27T07:00:00Z,2025-11-27T05:01:16Z,corso_IoT,ESP_LEOPIZZI,Lecce,Stanza,-0.07861111111111116,0.17013888888888884,0.7761111111111121,0.02416666666666667,0.0022222222222222105,-0.06916666666666667,69.32638888888896,50,0,17.61111111111111,19.799999999999972
,,0,2025-11-27T00:12:00Z,2025-11-27T07:00:00Z,2025-11-27T05:02:24Z,corso_IoT,ESP_LEOPIZZI,Lecce,Stanza,-0.07666666666666669,0.15637681159420286,0.7953623188405804,0.033188405797101445,-0.3794202898550725,0.17753623188405793,69.13043478260866,49.27536231884058,0,22.057971014492754,19.799999999999976
,,0,2025-11-27T00:12:00Z,2025-11-27T07:00:00Z,2025-11-27T05:03:32Z,corso_IoT,ESP_LEOPIZZI,Lecce,Stanza,-0.1510256410256411,0.06846153846153846,0.9702564102564099,-0.06641025641025641,-0.05794871794871794,0.01666666666666667,68.94358974358981,0,0,27.58974358974359,19.79999999999999
,,0,2025-11-27T00:12:00Z,2025-11-27T07:00:00Z,2025-11-27T05:04:40Z,corso_IoT,ESP_LEOPIZZI,Lecce,Stanza,-0.1577777777777778,0.0692592592592593,0.9729629629629629,-0.04481481481481482,0.0014814814814814727,-0.008148148148148147,68.66666666666667,0,0,30.37037037037037,19.800000000000004
,,0,2025-11-27T00:12:00Z,2025-11-27T07:00:00Z,2025-11-27T05:05:48Z,corso_IoT,ESP_LEOPIZZI,Lecce,Stanza,-0.16000000000000003,0.06962962962962968,0.9755555555555557,0.02851851851851852,-0.015185185185185178,-0.0018518518518518396,68.5,0,0,44.96296296296296,19.800000000000004
,,0,2025-11-27T00:12:00Z,2025-11-27T07:00:00Z,2025-11-27T05:06:56Z,corso_IoT,ESP_LEOPIZZI,Lecce,Stanza,-0.16069767441860475,0.06906976744186046,0.97860465116279,-0.01232558139534884,0.0034883720930232497,-0.05860465116279072,68.38604651162798,0,0,19.069767441860463,19.799999999999986
,,0,2025-11-27T00:12:00Z,2025-11-27T07:00:00Z,2025-11-27T05:08:04Z,corso_IoT,ESP_LEOPIZZI,Lecce,Stanza,-0.16000000000000006,0.07000000000000002,0.9781250000000002,-0.025937500000000016,-0.0006250000000000014,-0.03843750000000003,68.30937499999997,0,0,29.625,19.799999999999997
,,0,2025-11-27T00:12:00Z,2025-11-27T07:00:00Z,2025-11-27T05:09:12Z,corso_IoT,ESP_LEOPIZZI,Lecce,Stanza,-0.1604761904761905,0.07095238095238099,0.9742857142857145,0.09047619047619049,-0.15714285714285714,0.11190476190476191,68.20000000000002,0,0,43.38095238095238,19.800000000000004
,,0,2025-11-27T00:12:00Z,2025-11-27T07:00:00Z,2025-11-27T05:10:20Z,corso_IoT,ESP_LEOPIZZI,Lecce,Stanza,-0.15615384615384628,0.08000000000000004,0.9519230769230776,-0.01826923076923077,-0.03576923076923078,-0.0423076923076923,68.07692307692305,0,0,20.365384615384617,19.79999999999998
,,0,2025-11-27T00:12:00Z,2025-11-27T07:00:00Z,2025-11-27T05:11:28Z,corso_IoT,ESP_LEOPIZZI,Lecce,Stanza,-0.10166666666666667,0.12000000000000004,0.89,-0.4683333333333333,1.6233333333333337,0.48666666666666664,68.05277777777776,18.055555555555557,0,21.583333333333332,19.799999999999994
,,0,2025-11-27T00:12:00Z,2025-11-27T07:00:00Z,2025-11-27T05:12:36Z,corso_IoT,ESP_LEOPIZZI,Lecce,Stanza,-0.040727272727272744,-0.038363636363636384,1.114727272727272,-0.007636363636363637,-0.04072727272727274,-0.08472727272727273,68.18727272727273,50,0,29.545454545454547,19.807272727272707
,,0,2025-11-27T00:12:00Z,2025-11-27T07:00:00Z,2025-11-27T05:13:44Z,corso_IoT,ESP_LEOPIZZI,Lecce,Stanza,-0.04142857142857144,-0.03892857142857144,1.1164285714285718,0.004285714285714289,-0.13178571428571428,-0.08071428571428572,67.86071428571431,50,0,45.285714285714285,19.764285714285716
,,0,2025-11-27T00:12:00Z,2025-11-27T07:00:00Z,2025-11-27T05:14:52Z,corso_IoT,ESP_LEOPIZZI,Lecce,Stanza,-0.04021276595744683,-0.039787234042553216,1.1191489361702123,0.03553191489361702,-0.08340425531914894,-0.12148936170212767,67.90000000000005,50,0,23.5531914893617,19.65531914893618
,,0,2025-11-27T00:12:00Z,2025-11-27T07:00:00Z,2025-11-27T05:16:00Z,corso_IoT,ESP_LEOPIZZI,Lecce,Stanza,-0.04000000000000002,-0.03981818181818184,1.1170909090909082,0.006727272727272724,-0.0949090909090909,-0.1396363636363636,67.90000000000006,50,0,21.87272727272727,19.600000000000012
,,0,2025-11-27T00:12:00Z,2025-11-27T07:00:00Z,2025-11-27T05:17:08Z,corso_IoT,ESP_LEOPIZZI,Lecce,Stanza,-0.04081081081081083,-0.040000000000000015,1.1175675675675671,-0.021351351351351366,-0.016216216216216224,-0.23810810810810806,68.04594594594592,50,0,25.486486486486488,19.56486486486487
,,0,2025-11-27T00:12:00Z,2025-11-27T07:00:00Z,2025-11-27T05:18:16Z,corso_IoT,ESP_LEOPIZZI,Lecce,Stanza,-0.040000000000000015,-0.039130434782608706,1.1182608695652179,0.04913043478260871,-0.1073913043478261,-0.07260869565217393,68.08695652173914,50,0,25.695652173913043,19.569565217391304
,,0,2025-11-27T00:12:00Z,2025-11-27T07:00:00Z,2025-11-27T05:19:24Z,corso_IoT,ESP_LEOPIZZI,Lecce,Stanza,-0.04000000000000001,-0.03944444444444445,1.117777777777778,0.001666666666666662,-0.09666666666666666,-0.10666666666666669,68.16111111111111,50,0,38.388888888888886,19.5
,,0,2025-11-27T00:12:00Z,2025-11-27T07:00:00Z,2025-11-27T05:20:32Z,corso_IoT,ESP_LEOPIZZI,Lecce,Stanza,-0.03914285714285716,-0.040000000000000015,1.1185714285714285,-0.025142857142857144,-0.07657142857142858,-0.088,68.19142857142857,50,0,35.42857142857143,19.5
,,0,2025-11-27T00:12:00Z,2025-11-27T07:00:00Z,2025-11-27T05:21:40Z,corso_IoT,ESP_LEOPIZZI,Lecce,Stanza,-0.04000000000000001,-0.03923076923076924,1.11923076923077,0.03692307692307692,-0.10615384615384614,-0.11923076923076924,68.20000000000003,50,0,30.692307692307693,19.5
,,0,2025-11-27T00:12:00Z,2025-11-27T07:00:00Z,2025-11-27T05:22:48Z,corso_IoT,ESP_LEOPIZZI,Lecce,Stanza,-0.04000000000000001,-0.03923076923076924,1.1173076923076928,0.019230769230769225,-0.07,-0.15923076923076926,68.20000000000003,50,0,25.96153846153846,19.5
,,0,2025-11-27T00:12:00Z,2025-11-27T07:00:00Z,2025-11-27T05:23:56Z,corso_IoT,ESP_LEOPIZZI,Lecce,Stanza,-0.03767441860465118,-0.03488372093023257,1.1025581395348838,-1.6120930232558137,-0.6055813953488371,0.3530232558139535,68.22558139534881,50,0,20.58139534883721,19.5
,,0,2025-11-27T00:12:00Z,2025-11-27T07:00:00Z,2025-11-27T05:25:04Z,corso_IoT,ESP_LEOPIZZI,Lecce,Stanza,0.10800000000000005,0.05133333333333331,0.8558333333333332,0.04933333333333334,-0.24633333333333338,-0.03833333333333332,68.39166666666678,50,0,22.833333333333332,19.5
,,0,2025-11-27T00:12:00Z,2025-11-27T07:00:00Z,2025-11-27T05:26:12Z,corso_IoT,ESP_LEOPIZZI,Lecce,Stanza,0.1065625,0.05093750000000003,0.8584374999999997,0.028437500000000004,-0.0303125,-0.09343749999999999,68.24062500000001,50,0,20.53125,19.5
,,0,2025-11-27T00:12:00Z,2025-11-27T07:00:00Z,2025-11-27T05:27:20Z,corso_IoT,ESP_LEOPIZZI,Lecce,Stanza,0.1051020408163265,0.05204081632653062,0.8575510204081632,-0.019387755102040816,-0.09326530612244899,-0.1073469387755102,68.21428571428568,50,0,26.775510204081634,19.5
,,0,2025-11-27T00:12:00Z,2025-11-27T07:00:00Z,2025-11-27T05:28:28Z,corso_IoT,ESP_LEOPIZZI,Lecce,Stanza,0.10526315789473689,0.051578947368421064,0.8578947368421052,0.03631578947368421,-0.035789473684210524,-0.11052631578947367,68.28421052631577,50,0,30.36842105263158,19.5
,,0,2025-11-27T00:12:00Z,2025-11-27T07:00:00Z,2025-11-27T05:29:36Z,corso_IoT,ESP_LEOPIZZI,Lecce,Stanza,0.10277777777777782,0.05194444444444448,0.856388888888889,-0.01777777777777777,-0.07277777777777779,-0.11916666666666664,68.30000000000001,50,0,23.72222222222222,19.49722222222222
,,0,2025-11-27T00:12:00Z,2025-11-27T07:00:00Z,2025-11-27T05:30:44Z,corso_IoT,ESP_LEOPIZZI,Lecce,Stanza,0.1202127659574468,0.05936170212765959,0.8436170212765955,-0.2551063829787235,-0.16170212765957445,-0.015957446808510654,68.39999999999995,50,0,23.914893617021278,19.495744680851065
,,0,2025-11-27T00:12:00Z,2025-11-27T07:00:00Z,2025-11-27T05:31:52Z,corso_IoT,ESP_LEOPIZZI,Lecce,Stanza,0.14000000000000007,0.07666666666666666,0.8193333333333335,0.07400000000000001,-0.07466666666666667,-0.066,68.45333333333333,50,0,30.133333333333333,19.5
,,0,2025-11-27T00:12:00Z,2025-11-27T07:00:00Z,2025-11-27T05:33:00Z,corso_IoT,ESP_LEOPIZZI,Lecce,Stanza,0.1400000000000001,0.07181818181818185,0.8181818181818183,-0.04045454545454545,-0.205,-0.054090909090909085,68.40000000000002,50,0,29.954545454545453,19.41818181818181
,,0,2025-11-27T00:12:00Z,2025-11-27T07:00:00Z,2025-11-27T05:34:08Z,corso_IoT,ESP_LEOPIZZI,Lecce,Stanza,0.14000000000000004,0.07290322580645164,0.8200000000000001,-0.012580645161290323,-0.0967741935483871,-0.03129032258064516,68.40000000000003,50,0,25.903225806451612,19.399999999999988
,,0,2025-11-27T00:12:00Z,2025-11-27T07:00:00Z,2025-11-27T05:35:16Z,corso_IoT,ESP_LEOPIZZI,Lecce,Stanza,0.14037735849056596,0.07452830188679244,0.8192452830188681,0.017169811320754715,-0.08094339622641512,-0.10094339622641514,68.35660377358496,50,0,23.452830188679247,19.399999999999984
,,0,2025-11-27T00:12:00Z,2025-11-27T07:00:00Z,2025-11-27T05:36:24Z,corso_IoT,ESP_LEOPIZZI,Lecce,Stanza,0.13999999999999996,0.0746341463414634,0.8187804878048781,0.012926829268292686,-0.09487804878048779,-0.06146341463414634,68.40000000000005,50,0,25.951219512195124,19.399999999999984
,,0,2025-11-27T00:12:00Z,2025-11-27T07:00:00Z,2025-11-27T05:37:32Z,corso_IoT,ESP_LEOPIZZI,Lecce,Stanza,0.1405128205128205,0.07205128205128204,0.8200000000000001,-0.011538461538461539,-0.0894871794871795,-0.09487179487179484,68.40000000000005,50,0,28.743589743589745,19.399999999999984
,,0,2025-11-27T00:12:00Z,2025-11-27T07:00:00Z,2025-11-27T05:38:40Z,corso_IoT,ESP_LEOPIZZI,Lecce,Stanza,0.14000000000000007,0.07285714285714288,0.8180952380952382,-0.025714285714285717,-0.026666666666666665,-0.08523809523809524,68.40000000000002,50,0,34.42857142857143,19.399999999999995
,,0,2025-11-27T00:12:00Z,2025-11-27T07:00:00Z,2025-11-27T05:39:48Z,corso_IoT,ESP_LEOPIZZI,Lecce,Stanza,0.14037037037037028,0.07296296296296294,0.8205555555555556,0.02407407407407407,-0.09333333333333338,-0.06777777777777778,68.40000000000006,50,0,32.2962962962963,19.399999999999984
,,0,2025-11-27T00:12:00Z,2025-11-27T07:00:00Z,2025-11-27T05:40:56Z,corso_IoT,ESP_LEOPIZZI,Lecce,Stanza,0.1401587301587301,0.07269841269841275,0.8185714285714288,0.012857142857142862,-0.08603174603174601,-0.1180952380952381,68.40000000000003,50,0,24.396825396825395,19.400000000000002
,,0,2025-11-27T00:12:00Z,2025-11-27T07:00:00Z,2025-11-27T05:42:04Z,corso_IoT,ESP_LEOPIZZI,Lecce,Stanza,0.14024390243902435,0.07341463414634147,0.816829268292683,0.007804878048780487,-0.04317073170731706,-0.11170731707317073,68.40000000000005,50,0,20.829268292682926,19.399999999999984
,,0,2025-11-27T00:12:00Z,2025-11-27T07:00:00Z,2025-11-27T05:43:12Z,corso_IoT,ESP_LEOPIZZI,Lecce,Stanza,0.1400000000000001,0.07200000000000002,0.8184,0.018399999999999993,-0.022399999999999996,-0.11800000000000002,68.40000000000003,50,0,29.52,19.39999999999999
,,0,2025-11-27T00:12:00Z,2025-11-27T07:00:00Z,2025-11-27T05:44:20Z,corso_IoT,ESP_LEOPIZZI,Lecce,Stanza,0.13949999999999999,0.07225,0.819,-0.00775,-0.06475,-0.07499999999999998,68.4925,50,0,24.225,19.399999999999984
,,0,2025-11-27T00:12:00Z,2025-11-27T07:00:00Z,2025-11-27T05:45:28Z,corso_IoT,ESP_LEOPIZZI,Lecce,Stanza,0.14000000000000007,0.07125000000000004,0.8193750000000002,0.06124999999999999,-0.018750000000000003,-0.10625000000000002,68.49375,50,0,28.4375,19.4
,,0,2025-11-27T00:12:00Z,2025-11-27T07:00:00Z,2025-11-27T05:46:36Z,corso_IoT,ESP_LEOPIZZI,Lecce,Stanza,0.1400000000000001,0.07545454545454548,0.8190909090909092,-0.07409090909090908,0.0004545454545454474,-0.03363636363636364,68.40000000000002,50,0,24.363636363636363,19.39999999999999
,,0,2025-11-27T00:12:00Z,2025-11-27T07:00:00Z,2025-11-27T05:47:44Z,corso_IoT,ESP_LEOPIZZI,Lecce,Stanza,0.14078431372549013,0.07215686274509801,0.8194117647058825,0.013137254901960787,-0.09882352941176474,-0.07745098039215687,68.40588235294123,50,0,22.07843137254902,19.39411764705881
,,0,2025-11-27T00:12:00Z,2025-11-27T07:00:00Z,2025-11-27T05:48:52Z,corso_IoT,ESP_LEOPIZZI,Lecce,Stanza,0.13999999999999996,0.07292682926829268,0.8195121951219514,-0.0063414634146341355,-0.04146341463414634,-0.09146341463414631,68.43658536585367,50,0,23.121951219512194,19.399999999999984
,,0,2025-11-27T00:12:00Z,2025-11-27T07:00:00Z,2025-11-27T05:50:00Z,corso_IoT,ESP_LEOPIZZI,Lecce,Stanza,0.14025641025641022,0.07256410256410258,0.8197435897435897,0.029743589743589746,-0.05205128205128206,-0.11589743589743588,68.5,50,0,28.564102564102566,19.399999999999984
,,0,2025-11-27T00:12:00Z,2025-11-27T07:00:00Z,2025-11-27T05:51:08Z,corso_IoT,ESP_LEOPIZZI,Lecce,Stanza,0.13999999999999999,0.07210526315789474,0.8192105263157895,0.025526315789473685,-0.033947368421052636,-0.0860526315789474,68.49473684210527,50,0,30.07894736842105,19.399999999999988
,,0,2025-11-27T00:12:00Z,2025-11-27T07:00:00Z,2025-11-27T05:52:16Z,corso_IoT,ESP_LEOPIZZI,Lecce,Stanza,0.1402083333333333,0.07249999999999997,0.8181250000000001,0.039375,-0.057500000000000016,-0.06416666666666668,68.48333333333335,50,0,21.6875,19.399999999999984
,,0,2025-11-27T00:12:00Z,2025-11-27T07:00:00Z,2025-11-27T05:53:24Z,corso_IoT,ESP_LEOPIZZI,Lecce,Stanza,0.14039999999999994,0.07119999999999997,0.8184000000000001,-0.004600000000000001,-0.053000000000000026,-0.09179999999999999,68.42400000000005,50,0,22.62,19.399999999999984
,,0,2025-11-27T00:12:00Z,2025-11-27T07:00:00Z,2025-11-27T05:54:32Z,corso_IoT,ESP_LEOPIZZI,Lecce,Stanza,0.13999999999999999,0.07216216216216217,0.8175675675675675,0.018378378378378378,-0.06216216216216216,-0.06621621621621623,68.40810810810814,50,0,24,19.397297297297285
,,0,2025-11-27T00:12:00Z,2025-11-27T07:00:00Z,2025-11-27T05:55:40Z,corso_IoT,ESP_LEOPIZZI,Lecce,Stanza,0.1397058823529412,0.07205882352941179,0.8194117647058825,0.015588235294117648,-0.06823529411764703,-0.08617647058823531,68.4294117647059,50,0,25.5,19.391176470588224
,,0,2025-11-27T00:12:00Z,2025-11-27T07:00:00Z,2025-11-27T05:56:48Z,corso_IoT,ESP_LEOPIZZI,Lecce,Stanza,0.14017857142857132,0.07285714285714281,0.8192857142857145,-0.006071428571428579,-0.02767857142857143,-0.1319642857142857,68.48750000000001,50,0,25.732142857142858,19.38749999999999
,,0,2025-11-27T00:12:00Z,2025-11-27T07:00:00Z,2025-11-27T05:57:56Z,corso_IoT,ESP_LEOPIZZI,Lecce,Stanza,0.13977777777777772,0.07355555555555555,0.8184444444444445,-0.020000000000000004,-0.05266666666666666,-0.07866666666666669,68.45333333333335,50,0,19.866666666666667,19.359999999999985
,,0,2025-11-27T00:12:00Z,2025-11-27T07:00:00Z,2025-11-27T05:59:04Z,corso_IoT,ESP_LEOPIZZI,Lecce,Stanza,0.1400000000000001,0.07416666666666669,0.8191666666666668,0.016666666666666663,-0.04666666666666669,-0.07333333333333336,68.5,50,0,33.666666666666664,19.337500000000006
,,0,2025-11-27T00:12:00Z,2025-11-27T07:00:00Z,2025-11-27T06:00:12Z,corso_IoT,ESP_LEOPIZZI,Lecce,Stanza,0.13999999999999999,0.07270270270270272,0.8186486486486488,-0.0029729729729729734,-0.035405405405405405,-0.11378378378378379,68.5,50,0,25.37837837837838,19.362162162162154
,,0,2025-11-27T00:12:00Z,2025-11-27T07:00:00Z,2025-11-27T06:01:20Z,corso_IoT,ESP_LEOPIZZI,Lecce,Stanza,0.13954545454545447,0.07272727272727271,0.8168181818181818,-0.025227272727272723,-0.07409090909090908,-0.06545454545454545,68.4568181818182,50,0,23.068181818181817,19.35681818181817
,,0,2025-11-27T00:12:00Z,2025-11-27T07:00:00Z,2025-11-27T06:02:28Z,corso_IoT,ESP_LEOPIZZI,Lecce,Stanza,0.14,0.07176470588235295,0.8191176470588236,0.028235294117647056,-0.04558823529411765,-0.08882352941176469,68.48823529411766,50,0,32.205882352941174,19.361764705882344
,,0,2025-11-27T00:12:00Z,2025-11-27T07:00:00Z,2025-11-27T06:03:36Z,corso_IoT,ESP_LEOPIZZI,Lecce,Stanza,0.14,0.0723529411764706,0.818823529411765,-0.03941176470588236,-0.050882352941176476,-0.08676470588235295,68.42058823529416,50,0,27.264705882352942,19.373529411764697
,,0,2025-11-27T00:12:00Z,2025-11-27T07:00:00Z,2025-11-27T06:04:44Z,corso_IoT,ESP_LEOPIZZI,Lecce,Stanza,0.1398648648648649,0.07216216216216219,0.8183783783783787,0.013783783783783787,-0.07472972972972973,-0.08135135135135134,68.39999999999998,50,0,20.243243243243242,19.383783783783795
,,0,2025-11-27T00:12:00Z,2025-11-27T07:00:00Z,2025-11-27T06:05:52Z,corso_IoT,ESP_LEOPIZZI,Lecce,Stanza,0.14014084507042254,0.0738028169014085,0.8181690140845074,0.009577464788732393,-0.0452112676056338,-0.09028169014084504,68.39999999999999,50,0,20.169014084507044,19.369014084507025
,,0,2025-11-27T00:12:00Z,2025-11-27T07:00:00Z,2025-11-27T06:07:00Z,corso_IoT,ESP_LEOPIZZI,Lecce,Stanza,0.15540540540540546,0.04675675675675678,0.8581081081081077,-0.33810810810810815,0.0002702702702702795,-0.22837837837837835,68.49729729729728,31.08108108108108,0,31.72972972972973,19.33243243243243
,,0,2025-11-27T00:12:00Z,2025-11-27T07:00:00Z,2025-11-27T06:08:08Z,corso_IoT,ESP_LEOPIZZI,Lecce,Stanza,0.17011764705882348,0.013764705882352951,0.9028235294117647,0.007176470588235296,-0.033999999999999996,-0.10258823529411766,68.55176470588226,0,0,19.305882352941175,19.400000000000023
,,0,2025-11-27T00:12:00Z,2025-11-27T07:00:00Z,2025-11-27T06:09:16Z,corso_IoT,ESP_LEOPIZZI,Lecce,Stanza,0.16999999999999996,0.012840909090909099,0.9035227272727263,0.004659090909090904,-0.057272727272727274,-0.11863636363636365,68.39999999999992,0,0,18.988636363636363,19.400000000000027
,,0,2025-11-27T00:12:00Z,2025-11-27T07:00:00Z,2025-11-27T06:10:24Z,corso_IoT,ESP_LEOPIZZI,Lecce,Stanza,0.17131868131868125,0.012087912087912097,0.9047252747252741,0.005824175824175825,-0.07043956043956041,-0.09626373626373629,68.39999999999992,0,0,19.12087912087912,19.362637362637354
,,0,2025-11-27T00:12:00Z,2025-11-27T07:00:00Z,2025-11-27T06:11:32Z,corso_IoT,ESP_LEOPIZZI,Lecce,Stanza,0.17290322580645154,0.010967741935483877,0.906774193548387,0.03258064516129031,-0.08161290322580644,-0.08483870967741937,68.40000000000003,0,0,29.548387096774192,19.393548387096764
,,0,2025-11-27T00:12:00Z,2025-11-27T07:00:00Z,2025-11-27T06:12:40Z,corso_IoT,ESP_LEOPIZZI,Lecce,Stanza,0.1759090909090909,0.010454545454545456,0.9063636363636363,0.004090909090909095,-0.10500000000000002,-0.10954545454545456,68.40000000000002,0,0,17.772727272727273,19.39999999999999
,,0,2025-11-27T00:12:00Z,2025-11-27T07:00:00Z,2025-11-27T06:13:48Z,corso_IoT,ESP_LEOPIZZI,Lecce,Stanza,0.17205128205128195,0.011538461538461546,0.907435897435897,-0.01923076923076925,-0.06461538461538462,-0.07692307692307693,68.31794871794874,0,0,17.41025641025641,19.399999999999984
,,0,2025-11-27T00:12:00Z,2025-11-27T07:00:00Z,2025-11-27T06:14:56Z,corso_IoT,ESP_LEOPIZZI,Lecce,Stanza,0.17259259259259258,0.011481481481481483,0.9048148148148148,-0.06740740740740742,-0.08407407407407409,-0.061481481481481484,68.21851851851855,0,0,13.962962962962964,19.39999999999999
,,0,2025-11-27T00:12:00Z,2025-11-27T07:00:00Z,2025-11-27T06:16:04Z,corso_IoT,ESP_LEOPIZZI,Lecce,Stanza,0.1813725490196078,0.01784313725490197,0.8929411764705877,-0.18078431372549017,-0.326078431372549,-0.0507843137254902,68.24313725490194,17.647058823529413,0,19.215686274509803,19.399999999999984
,,0,2025-11-27T00:12:00Z,2025-11-27T07:00:00Z,2025-11-27T06:17:12Z,corso_IoT,ESP_LEOPIZZI,Lecce,Stanza,0.18827586206896546,0.03465517241379312,0.8686206896551717,-0.008448275862068965,-0.03948275862068968,-0.09775862068965514,68.27931034482758,50,0,20.75862068965517,19.39999999999999
,,0,2025-11-27T00:12:00Z,2025-11-27T07:00:00Z,2025-11-27T06:18:20Z,corso_IoT,ESP_LEOPIZZI,Lecce,Stanza,0.18830188679245283,0.03433962264150946,0.8675471698113202,0.007924528301886788,-0.038867924528301914,-0.09188679245283021,68.21698113207542,50,0,23.09433962264151,19.399999999999984
,,0,2025-11-27T00:12:00Z,2025-11-27T07:00:00Z,2025-11-27T06:19:28Z,corso_IoT,ESP_LEOPIZZI,Lecce,Stanza,0.18960000000000005,0.033600000000000005,0.868,0.034,-0.08879999999999999,-0.094,68.21200000000002,50,0,20.6,19.39999999999999
,,0,2025-11-27T00:12:00Z,2025-11-27T07:00:00Z,2025-11-27T06:20:36Z,corso_IoT,ESP_LEOPIZZI,Lecce,Stanza,0.1886666666666668,0.032666666666666684,0.8679999999999995,-0.02711111111111111,-0.0911111111111111,-0.09133333333333334,68.2044444444444,50,0,17.844444444444445,19.399999999999984
,,0,2025-11-27T00:12:00Z,2025-11-27T07:00:00Z,2025-11-27T06:21:44Z,corso_IoT,ESP_LEOPIZZI,Lecce,Stanza,0.18894736842105275,0.0336842105263158,0.8673684210526316,0.014210526315789474,-0.07789473684210525,-0.13026315789473686,68.19999999999999,50,0,17.763157894736842,19.399999999999988
,,0,2025-11-27T00:12:00Z,2025-11-27T07:00:00Z,2025-11-27T06:22:52Z,corso_IoT,ESP_LEOPIZZI,Lecce,Stanza,0.18868421052631593,0.03394736842105265,0.8697368421052635,0.09973684210526317,0.046842105263157886,-0.09526315789473686,68.19999999999999,48.68421052631579,0,23.18421052631579,19.399999999999988
,,0,2025-11-27T00:12:00Z,2025-11-27T07:00:00Z,2025-11-27T06:24:00Z,corso_IoT,ESP_LEOPIZZI,Lecce,Stanza,0.19000000000000017,0.03024390243902441,0.8721951219512193,0.019756097560975606,-0.02780487804878049,-0.09292682926829267,68.19999999999997,48.78048780487805,0.02024390243902439,23.390243902439025,19.378048780487795
,,0,2025-11-27T00:12:00Z,2025-11-27T07:00:00Z,2025-11-27T06:25:08Z,corso_IoT,ESP_LEOPIZZI,Lecce,Stanza,0.18999999999999997,0.030000000000000016,0.8731818181818182,0.06363636363636366,-0.05318181818181818,-0.10727272727272727,68.20000000000003,47.72727272727273,0.6413636363636364,41.13636363636363,19.39999999999999
,,0,2025-11-27T00:12:00Z,2025-11-27T07:00:00Z,2025-11-27T06:26:16Z,corso_IoT,ESP_LEOPIZZI,Lecce,Stanza,0.18944444444444458,0.030555555555555575,0.8727777777777779,0.12277777777777782,-0.02555555555555554,-0.14055555555555557,68.19999999999999,48.611111111111114,0.8299999999999992,26.666666666666668,19.399999999999988
,,0,2025-11-27T00:12:00Z,2025-11-27T07:00:00Z,2025-11-27T06:27:24Z,corso_IoT,ESP_LEOPIZZI,Lecce,Stanza,0.18900000000000014,0.02925000000000002,0.8742500000000002,-0.032500000000000015,-0.093,-0.0925,68.13499999999996,50,0.8299999999999992,25.4,19.399999999999984
,,0,2025-11-27T00:12:00Z,2025-11-27T07:00:00Z,2025-11-27T06:28:32Z,corso_IoT,ESP_LEOPIZZI,Lecce,Stanza,0.21588235294117664,0.15500000000000003,0.730294117647059,-0.6461764705882352,-0.1417647058823529,0.05588235294117646,68.44411764705882,50,0.8299999999999992,32.05882352941177,19.399999999999988
,,0,2025-11-27T00:12:00Z,2025-11-27T07:00:00Z,2025-11-27T06:29:40Z,corso_IoT,ESP_LEOPIZZI,Lecce,Stanza,0.23204081632653084,0.2302040816326533,0.6410204081632654,-0.00795918367346939,-0.025306122448979586,-0.1340816326530612,68.5326530612245,50,0.8299999999999991,18.877551020408163,19.399999999999984
,,0,2025-11-27T00:12:00Z,2025-11-27T07:00:00Z,2025-11-27T06:30:48Z,corso_IoT,ESP_LEOPIZZI,Lecce,Stanza,0.2321052631578948,0.23000000000000007,0.6415789473684211,0.05894736842105264,-0.05578947368421053,-0.13736842105263158,68.37894736842104,50,0.83,28.789473684210527,19.457894736842107
,,0,2025-11-27T00:12:00Z,2025-11-27T07:00:00Z,2025-11-27T06:31:56Z,corso_IoT,ESP_LEOPIZZI,Lecce,Stanza,0.23219512195121972,0.24170731707317086,0.6309756097560976,0.13048780487804884,0.09121951219512194,-0.15390243902439024,68.30243902439024,50,0.8299999999999992,21.609756097560975,19.5
,,0,2025-11-27T00:12:00Z,2025-11-27T07:00:00Z,2025-11-27T06:33:04Z,corso_IoT,ESP_LEOPIZZI,Lecce,Stanza,0.22851063829787258,0.24021276595744698,0.6314893617021275,0.058297872340425515,0.04191489361702129,-0.17446808510638295,68.18936170212763,50,0.8299999999999991,22.914893617021278,19.48297872340425
,,0,2025-11-27T00:12:00Z,2025-11-27T07:00:00Z,2025-11-27T06:34:12Z,corso_IoT,ESP_LEOPIZZI,Lecce,Stanza,0.22535714285714303,0.23803571428571452,0.6337499999999998,0.06642857142857143,-0.05482142857142856,-0.05928571428571428,68.11785714285708,50,0.829999999999999,17.732142857142858,19.437499999999993
,,0,2025-11-27T00:12:00Z,2025-11-27T07:00:00Z,2025-11-27T06:35:20Z,corso_IoT,ESP_LEOPIZZI,Lecce,Stanza,0.199759036144578,0.22024096385542177,0.6502409638554209,0.010000000000000004,-0.025542168674698797,-0.11759036144578312,68.15903614457837,50,0.8299999999999988,14.08433734939759,19.422891566265083
,,0,2025-11-27T00:12:00Z,2025-11-27T07:00:00Z,2025-11-27T06:36:28Z,corso_IoT,ESP_LEOPIZZI,Lecce,Stanza,0.19914285714285693,0.22000000000000028,0.6502857142857135,0.008999999999999998,0.004142857142857145,-0.09128571428571433,68.06999999999996,50,0.8299999999999988,17.228571428571428,19.40000000000001
,,0,2025-11-27T00:12:00Z,2025-11-27T07:00:00Z,2025-11-27T06:37:36Z,corso_IoT,ESP_LEOPIZZI,Lecce,Stanza,0.1986885245901638,0.2198360655737707,0.6498360655737698,0.007540983606557382,-0.007377049180327872,-0.08016393442622954,68.03934426229505,50,0.8299999999999988,16.42622950819672,19.4
,,0,2025-11-27T00:12:00Z,2025-11-27T07:00:00Z,2025-11-27T06:38:44Z,corso_IoT,ESP_LEOPIZZI,Lecce,Stanza,0.1994339622641509,0.22018867924528315,0.6492452830188674,0.03943396226415094,-0.006603773584905663,-0.12245283018867925,68.09999999999994,50,0.829999999999999,26.58490566037736,19.41886792452829
,,0,2025-11-27T00:12:00Z,2025-11-27T07:00:00Z,2025-11-27T06:39:52Z,corso_IoT,ESP_LEOPIZZI,Lecce,Stanza,0.2013333333333332,0.22120000000000017,0.6497333333333326,-0.0856,0.0805333333333333,-0.11546666666666666,68.05066666666664,50,0.8299999999999987,18.16,19.484000000000016
,,0,2025-11-27T00:12:00Z,2025-11-27T07:00:00Z,2025-11-27T06:41:00Z,corso_IoT,ESP_LEOPIZZI,Lecce,Stanza,0.20305555555555566,0.23472222222222236,0.6375000000000002,0.06083333333333334,-0.07750000000000004,-0.051666666666666666,68.15277777777777,50,0.8299999999999992,18.22222222222222,19.458333333333332
,,0,2025-11-27T00:12:00Z,2025-11-27T07:00:00Z,2025-11-27T06:42:08Z,corso_IoT,ESP_LEOPIZZI,Lecce,Stanza,0.20135135135135146,0.23729729729729743,0.6345945945945948,0.008108108108108109,0.0008108108108108071,-0.14675675675675678,68.04324324324325,50,0.8299999999999992,20.37837837837838,19.47567567567567
,,0,2025-11-27T00:12:00Z,2025-11-27T07:00:00Z,2025-11-27T06:43:16Z,corso_IoT,ESP_LEOPIZZI,Lecce,Stanza,0.20180327868852452,0.2380327868852461,0.6345901639344262,0.06459016393442624,-0.03819672131147541,-0.11721311475409837,68,50,0.9814754098360651,18.18032786885246,19.4
,,0,2025-11-27T00:12:00Z,2025-11-27T07:00:00Z,2025-11-27T06:44:24Z,corso_IoT,ESP_LEOPIZZI,Lecce,Stanza,0.20100000000000012,0.23775000000000018,0.6345000000000003,-0.0055000000000000005,-0.068,-0.15050000000000002,68,50,0.8719999999999992,27.675,19.429999999999993
,,0,2025-11-27T00:12:00Z,2025-11-27T07:00:00Z,2025-11-27T06:45:32Z,corso_IoT,ESP_LEOPIZZI,Lecce,Stanza,0.20190476190476195,0.23928571428571443,0.634047619047619,0.029999999999999978,-0.02595238095238095,-0.16904761904761909,68,50,0.8299999999999992,24.452380952380953,19.399999999999984
,,0,2025-11-27T00:12:00Z,2025-11-27T07:00:00Z,2025-11-27T06:46:40Z,corso_IoT,ESP_LEOPIZZI,Lecce,Stanza,0.2011764705882353,0.23843137254901978,0.6358823529411766,0.020784313725490194,-0.03803921568627451,-0.12470588235294118,68,50,0.829999999999999,22.49019607843137,19.399999999999984
,,0,2025-11-27T00:12:00Z,2025-11-27T07:00:00Z,2025-11-27T06:47:48Z,corso_IoT,ESP_LEOPIZZI,Lecce,Stanza,0.20153846153846164,0.23961538461538473,0.6353846153846157,0.0015384615384615265,-0.11730769230769232,-0.15923076923076923,68,50,0.8299999999999995,23.76923076923077,19.39999999999999
,,0,2025-11-27T00:12:00Z,2025-11-27T07:00:00Z,2025-11-27T06:48:56Z,corso_IoT,ESP_LEOPIZZI,Lecce,Stanza,0.20187500000000005,0.2400000000000001,0.638125,-0.08,0.024375000000000008,-0.14124999999999996,68,50,0.83,16,19.4
,,0,2025-11-27T00:12:00Z,2025-11-27T07:00:00Z,2025-11-27T06:50:04Z,corso_IoT,ESP_LEOPIZZI,Lecce,Stanza,0.200909090909091,0.2387878787878789,0.6327272727272729,-0.000000000000000005046468293750712,-0.02272727272727273,-0.1172727272727273,68,50,0.8299999999999993,20.393939393939394,19.399999999999988
,,0,2025-11-27T00:12:00Z,2025-11-27T07:00:00Z,2025-11-27T06:51:12Z,corso_IoT,ESP_LEOPIZZI,Lecce,Stanza,0.20132075471698108,0.23849056603773602,0.6354716981132076,-0.01924528301886793,0.012075471698113203,-0.11830188679245288,68,50,0.829999999999999,21.07547169811321,19.399999999999984
,,0,2025-11-27T00:12:00Z,2025-11-27T07:00:00Z,2025-11-27T06:52:20Z,corso_IoT,ESP_LEOPIZZI,Lecce,Stanza,0.20137931034482764,0.2379310344827588,0.6372413793103451,0.05103448275862071,-0.006206896551724136,-0.1486206896551724,67.93448275862072,50,0.8299999999999994,30.93103448275862,19.399999999999988
,,0,2025-11-27T00:12:00Z,2025-11-27T07:00:00Z,2025-11-27T06:53:28Z,corso_IoT,ESP_LEOPIZZI,Lecce,Stanza,0.20076923076923078,0.23769230769230776,0.6369230769230769,-0.11615384615384615,0.014615384615384615,-0.15153846153846154,67.96923076923078,50,0.83,15.23076923076923,19.400000000000002
,,0,2025-11-27T00:12:00Z,2025-11-27T07:00:00Z,2025-11-27T06:54:36Z,corso_IoT,ESP_LEOPIZZI,Lecce,Stanza,0.20184210526315796,0.23815789473684226,0.6368421052631581,0.05236842105263157,0.008157894736842104,-0.15184210526315792,67.99473684210527,50,0.8299999999999992,23.68421052631579,19.399999999999988
,,0,2025-11-27T00:12:00Z,2025-11-27T07:00:00Z,2025-11-27T06:55:44Z,corso_IoT,ESP_LEOPIZZI,Lecce,Stanza,0.20076923076923073,0.23923076923076939,0.6357692307692309,0.0326923076923077,0.007884615384615382,-0.1378846153846154,67.98269230769232,50,1.2500000000000002,16.365384615384617,19.399999999999984
,,0,2025-11-27T00:12:00Z,2025-11-27T07:00:00Z,2025-11-27T06:56:52Z,corso_IoT,ESP_LEOPIZZI,Lecce,Stanza,0.20050000000000007,0.24000000000000013,0.6340000000000002,-0.007999999999999998,-0.06650000000000003,-0.07349999999999998,67.975,50,1.6280000000000008,25.1,19.399999999999995
,,0,2025-11-27T00:12:00Z,2025-11-27T07:00:00Z,2025-11-27T06:58:00Z,corso_IoT,ESP_LEOPIZZI,Lecce,Stanza,0.20151515151515162,0.23787878787878802,0.6351515151515154,0.08757575757575758,-0.008787878787878796,-0.10484848484848483,67.90303030303032,50,1.313636363636364,26.303030303030305,19.399999999999988
,,0,2025-11-27T00:12:00Z,2025-11-27T07:00:00Z,2025-11-27T06:59:08Z,corso_IoT,ESP_LEOPIZZI,Lecce,Stanza,0.20043478260869566,0.23956521739130449,0.6354347826086958,0.04717391304347825,-0.06456521739130436,-0.12913043478260872,67.89565217391309,50,0.8299999999999991,20.847826086956523,19.399999999999984
,,0,2025-11-27T00:12:00Z,2025-11-27T07:00:00Z,2025-11-27T07:00:00Z,corso_IoT,ESP_LEOPIZZI,Lecce,Stanza,0.20166666666666666,0.24000000000000007,0.6391666666666665,0.000833333333333334,-0.029166666666666664,-0.02750000000000001,67.91666666666666,50,0.83,18.583333333333332,19.400000000000002

