#group,false,false,true,true,false,true,true,true,true,false,false,false,false,false,false,false,false,false,false,false
#datatype,string,long,dateTime:RFC3339,dateTime:RFC3339,dateTime:RFC3339,string,string,string,string,double,double,double,double,double,double,double,double,double,double,double
#default,mean,,,,,,,,,,,,,,,,,,,
,result,table,_start,_stop,_time,_measurement,host,location,room,accel_x,accel_y,accel_z,gyro_x,gyro_y,gyro_z,humidity,is_moving,light,mic,temperature
,,0,2025-12-01T22:40:00Z,2025-12-02T03:25:00Z,2025-12-01T22:40:47.5Z,corso_IoT,ESP_LEOPIZZI,Lecce,Stanza,-0.06894736842105267,0.0873684210526316,1.0294736842105263,0.12526315789473683,1.8531578947368421,-0.22789473684210523,68.03684210526316,0,0,0.7368421052631579,19.800000000000004
,,0,2025-12-01T22:40:00Z,2025-12-02T03:25:00Z,2025-12-01T22:41:35Z,corso_IoT,ESP_LEOPIZZI,Lecce,Stanza,-0.06633333333333338,0.08666666666666667,1.0303333333333335,0.08866666666666669,1.8359999999999999,-0.17699999999999996,67.93000000000004,0,0,2.6333333333333333,19.8
,,0,2025-12-01T22:40:00Z,2025-12-02T03:25:00Z,2025-12-01T22:42:22.5Z,corso_IoT,ESP_LEOPIZZI,Lecce,Stanza,-0.06558139534883721,0.08465116279069768,1.029302325581396,0.17534883720930236,1.8358139534883713,-0.15023255813953484,67.81395348837212,0,0,6.209302325581396,19.799999999999986
,,0,2025-12-01T22:40:00Z,2025-12-02T03:25:00Z,2025-12-01T22:43:10Z,corso_IoT,ESP_LEOPIZZI,Lecce,Stanza,-0.06647058823529416,0.085,1.030588235294118,0.15794117647058825,1.7717647058823527,-0.16588235294117643,67.78529411764701,0,0,4.882352941176471,19.799999999999994
,,0,2025-12-01T22:40:00Z,2025-12-02T03:25:00Z,2025-12-01T22:43:57.5Z,corso_IoT,ESP_LEOPIZZI,Lecce,Stanza,-0.0658823529411765,0.0861764705882353,1.030294117647059,0.13529411764705884,1.8788235294117648,-0.21764705882352942,67.63823529411762,0,0,9.882352941176471,19.799999999999994
,,0,2025-12-01T22:40:00Z,2025-12-02T03:25:00Z,2025-12-01T22:44:45Z,corso_IoT,ESP_LEOPIZZI,Lecce,Stanza,-0.06558139534883722,0.08395348837209303,1.0297674418604656,0.17232558139534887,1.8318604651162786,-0.2213953488372093,67.5139534883721,0,0,7.72093023255814,19.799999999999986
,,0,2025-12-01T22:40:00Z,2025-12-02T03:25:00Z,2025-12-01T22:45:32.5Z,corso_IoT,ESP_LEOPIZZI,Lecce,Stanza,-0.06545454545454546,0.08454545454545453,1.0298181818181824,0.1112727272727273,1.8020000000000005,-0.21363636363636362,67.49454545454546,0,0,8.436363636363636,19.79999999999998
,,0,2025-12-01T22:40:00Z,2025-12-02T03:25:00Z,2025-12-01T22:46:20Z,corso_IoT,ESP_LEOPIZZI,Lecce,Stanza,-0.06625000000000003,0.084375,1.0287499999999998,0.12062500000000001,1.845625,-0.163125,67.43124999999999,0,0,9.25,19.800000000000004
,,0,2025-12-01T22:40:00Z,2025-12-02T03:25:00Z,2025-12-01T22:47:07.5Z,corso_IoT,ESP_LEOPIZZI,Lecce,Stanza,-0.06500000000000003,0.084375,1.029375,0.18625000000000003,1.8706249999999998,-0.24625,67.39999999999999,0,0,8.9375,19.800000000000004
,,0,2025-12-01T22:40:00Z,2025-12-02T03:25:00Z,2025-12-01T22:47:55Z,corso_IoT,ESP_LEOPIZZI,Lecce,Stanza,-0.06657894736842107,0.08657894736842103,1.0300000000000005,0.15657894736842104,1.851842105263158,-0.22526315789473692,67.31315789473686,0,0,7,19.79999999999999
,,0,2025-12-01T22:40:00Z,2025-12-02T03:25:00Z,2025-12-01T22:48:42.5Z,corso_IoT,ESP_LEOPIZZI,Lecce,Stanza,-0.06400000000000002,0.07666666666666667,1.026,0.304,1.7253333333333336,-0.15,67.28666666666666,6.666666666666667,0,8.2,19.800000000000004
,,0,2025-12-01T22:40:00Z,2025-12-02T03:25:00Z,2025-12-01T22:49:30Z,corso_IoT,ESP_LEOPIZZI,Lecce,Stanza,-0.06820512820512821,0.13666666666666663,1.0653846153846156,0.0941025641025641,1.7933333333333332,-0.23076923076923078,67.19230769230768,0,0,8.820512820512821,19.866666666666653
,,0,2025-12-01T22:40:00Z,2025-12-02T03:25:00Z,2025-12-01T22:50:17.5Z,corso_IoT,ESP_LEOPIZZI,Lecce,Stanza,-0.0668,0.1393999999999999,1.0664000000000007,0.09799999999999999,1.8048000000000002,-0.23619999999999997,67.14399999999996,0,0,9.16,19.85399999999998
,,0,2025-12-01T22:40:00Z,2025-12-02T03:25:00Z,2025-12-01T22:51:05Z,corso_IoT,ESP_LEOPIZZI,Lecce,Stanza,-0.06750000000000005,0.13958333333333342,1.0658333333333334,0.15,1.7804166666666668,-0.24416666666666667,67.08749999999999,0,0,7.125,19.866666666666656
,,0,2025-12-01T22:40:00Z,2025-12-02T03:25:00Z,2025-12-01T22:51:52.5Z,corso_IoT,ESP_LEOPIZZI,Lecce,Stanza,-0.06743589743589745,0.1384615384615384,1.0664102564102567,0.16615384615384615,1.7871794871794868,-0.20282051282051283,67.0051282051282,0,0,8.051282051282051,19.89230769230768
,,0,2025-12-01T22:40:00Z,2025-12-02T03:25:00Z,2025-12-01T22:52:40Z,corso_IoT,ESP_LEOPIZZI,Lecce,Stanza,-0.06764705882352945,0.1394117647058824,1.0658823529411767,0.12764705882352945,1.7670588235294118,-0.1929411764705882,67,0,0,8.882352941176471,19.9
,,0,2025-12-01T22:40:00Z,2025-12-02T03:25:00Z,2025-12-01T22:53:27.5Z,corso_IoT,ESP_LEOPIZZI,Lecce,Stanza,-0.06756756756756759,0.13945945945945945,1.0664864864864863,0.13189189189189188,1.795945945945946,-0.20837837837837841,67,0,0,7.702702702702703,19.899999999999988
,,0,2025-12-01T22:40:00Z,2025-12-02T03:25:00Z,2025-12-01T22:54:15Z,corso_IoT,ESP_LEOPIZZI,Lecce,Stanza,-0.06794871794871796,0.13999999999999999,1.0671794871794875,0.1335897435897436,1.8333333333333333,-0.21025641025641023,66.93333333333337,0,0,3.948717948717949,19.899999999999984
,,0,2025-12-01T22:40:00Z,2025-12-02T03:25:00Z,2025-12-01T22:55:02.5Z,corso_IoT,ESP_LEOPIZZI,Lecce,Stanza,-0.0678947368421053,0.14000000000000007,1.0673684210526317,0.10684210526315793,1.642631578947368,-0.26736842105263153,66.87894736842105,0,0,5.368421052631579,19.899999999999995
,,0,2025-12-01T22:40:00Z,2025-12-02T03:25:00Z,2025-12-01T22:55:50Z,corso_IoT,ESP_LEOPIZZI,Lecce,Stanza,-0.06800000000000003,0.14000000000000007,1.0630000000000002,0.1295,1.7339999999999995,-0.211,66.89500000000001,0,0,8.25,19.899999999999995
,,0,2025-12-01T22:40:00Z,2025-12-02T03:25:00Z,2025-12-01T22:56:37.5Z,corso_IoT,ESP_LEOPIZZI,Lecce,Stanza,-0.06875000000000003,0.14000000000000004,1.065625,0.1346875,1.7553125000000003,-0.23843749999999994,66.80624999999998,0,0,6.4375,19.899999999999988
,,0,2025-12-01T22:40:00Z,2025-12-02T03:25:00Z,2025-12-01T22:57:25Z,corso_IoT,ESP_LEOPIZZI,Lecce,Stanza,-0.06818181818181816,0.13999999999999993,1.0672727272727274,0.12863636363636363,1.7595454545454545,-0.20318181818181813,66.78863636363636,0,0,2.227272727272727,19.899999999999984
,,0,2025-12-01T22:40:00Z,2025-12-02T03:25:00Z,2025-12-01T22:58:12.5Z,corso_IoT,ESP_LEOPIZZI,Lecce,Stanza,-0.06871794871794872,0.13999999999999999,1.0664102564102567,0.1448717948717949,1.7923076923076928,-0.2420512820512821,66.69999999999997,0,0,8.871794871794872,19.899999999999984
,,0,2025-12-01T22:40:00Z,2025-12-02T03:25:00Z,2025-12-01T22:59:00Z,corso_IoT,ESP_LEOPIZZI,Lecce,Stanza,-0.06807692307692312,0.14038461538461547,1.064230769230769,0.10076923076923075,1.8257692307692308,-0.2942307692307693,66.62083333333332,0,0,6.346153846153846,19.89999999999999
,,0,2025-12-01T22:40:00Z,2025-12-02T03:25:00Z,2025-12-01T22:59:47.5Z,corso_IoT,ESP_LEOPIZZI,Lecce,Stanza,-0.06897435897435897,0.1405128205128205,1.0674358974358975,0.12410256410256412,1.7084615384615383,-0.20641025641025643,66.59999999999995,0,0,7.076923076923077,19.899999999999984
,,0,2025-12-01T22:40:00Z,2025-12-02T03:25:00Z,2025-12-01T23:00:35Z,corso_IoT,ESP_LEOPIZZI,Lecce,Stanza,-0.06823529411764709,0.14058823529411768,1.0676470588235296,0.05352941176470589,1.7394117647058827,-0.2711764705882353,66.60000000000001,0,0,8.705882352941176,19.9
,,0,2025-12-01T22:40:00Z,2025-12-02T03:25:00Z,2025-12-01T23:01:22.5Z,corso_IoT,ESP_LEOPIZZI,Lecce,Stanza,-0.06812500000000003,0.14125000000000007,1.0675000000000001,0.11000000000000003,1.8225,-0.22812499999999997,66.55000000000001,0,0,6.0625,19.9
,,0,2025-12-01T22:40:00Z,2025-12-02T03:25:00Z,2025-12-01T23:02:10Z,corso_IoT,ESP_LEOPIZZI,Lecce,Stanza,-0.06833333333333337,0.1400000000000001,1.0666666666666669,0.12458333333333332,1.776666666666667,-0.24125,66.50833333333334,0,0,2.1666666666666665,19.89999999999999
,,0,2025-12-01T22:40:00Z,2025-12-02T03:25:00Z,2025-12-01T23:02:57.5Z,corso_IoT,ESP_LEOPIZZI,Lecce,Stanza,-0.06936170212765955,0.14021276595744672,1.065744680851064,0.13702127659574467,1.73936170212766,-0.27042553191489366,66.5,0,0,4.297872340425532,19.899999999999984
,,0,2025-12-01T22:40:00Z,2025-12-02T03:25:00Z,2025-12-01T23:03:45Z,corso_IoT,ESP_LEOPIZZI,Lecce,Stanza,-0.06906250000000003,0.14000000000000004,1.0668750000000002,0.1184375,1.6990625000000001,-0.25999999999999995,66.5,0,0,2.1875,19.899999999999988
,,0,2025-12-01T22:40:00Z,2025-12-02T03:25:00Z,2025-12-01T23:04:32.5Z,corso_IoT,ESP_LEOPIZZI,Lecce,Stanza,-0.0688888888888889,0.14027777777777778,1.0661111111111112,0.12611111111111115,1.7619444444444439,-0.23583333333333334,66.5,0,0,3.4722222222222223,19.899999999999988
,,0,2025-12-01T22:40:00Z,2025-12-02T03:25:00Z,2025-12-01T23:05:20Z,corso_IoT,ESP_LEOPIZZI,Lecce,Stanza,-0.06765957446808508,0.14063829787234036,1.0665957446808514,0.08085106382978721,1.7912765957446806,-0.2272340425531914,66.49148936170214,0,0,1.1914893617021276,19.899999999999984
,,0,2025-12-01T22:40:00Z,2025-12-02T03:25:00Z,2025-12-01T23:06:07.5Z,corso_IoT,ESP_LEOPIZZI,Lecce,Stanza,-0.06791666666666671,0.14041666666666675,1.0658333333333334,0.18791666666666662,1.7795833333333333,-0.25166666666666665,66.44166666666669,0,0,7.333333333333333,19.89999999999999
,,0,2025-12-01T22:40:00Z,2025-12-02T03:25:00Z,2025-12-01T23:06:55Z,corso_IoT,ESP_LEOPIZZI,Lecce,Stanza,-0.06785714285714288,0.14000000000000007,1.0650000000000002,0.10642857142857141,1.8092857142857142,-0.25428571428571434,66.40714285714284,0,0,5.642857142857143,19.900000000000002
,,0,2025-12-01T22:40:00Z,2025-12-02T03:25:00Z,2025-12-01T23:07:42.5Z,corso_IoT,ESP_LEOPIZZI,Lecce,Stanza,-0.06900000000000003,0.1403333333333334,1.067,0.11566666666666671,1.7876666666666663,-0.2356666666666666,66.40333333333336,0,0,8.866666666666667,19.899999999999988
,,0,2025-12-01T22:40:00Z,2025-12-02T03:25:00Z,2025-12-01T23:08:30Z,corso_IoT,ESP_LEOPIZZI,Lecce,Stanza,-0.06771428571428573,0.1405714285714286,1.066857142857143,0.09771428571428568,1.758571428571429,-0.19371428571428567,66.40000000000003,0,0,7.828571428571428,19.899999999999988
,,0,2025-12-01T22:40:00Z,2025-12-02T03:25:00Z,2025-12-01T23:09:17.5Z,corso_IoT,ESP_LEOPIZZI,Lecce,Stanza,-0.06761904761904762,0.13999999999999996,1.066904761904762,0.1330952380952381,1.7669047619047622,-0.23880952380952383,66.38095238095244,0,0,9.523809523809524,19.899999999999984
,,0,2025-12-01T22:40:00Z,2025-12-02T03:25:00Z,2025-12-01T23:10:05Z,corso_IoT,ESP_LEOPIZZI,Lecce,Stanza,-0.06871794871794872,0.13999999999999999,1.066923076923077,0.11256410256410253,1.785128205128205,-0.2764102564102564,66.348717948718,0,0,9.512820512820513,19.899999999999984
,,0,2025-12-01T22:40:00Z,2025-12-02T03:25:00Z,2025-12-01T23:10:52.5Z,corso_IoT,ESP_LEOPIZZI,Lecce,Stanza,-0.06812499999999998,0.14104166666666665,1.0650000000000004,0.12520833333333334,1.72625,-0.23854166666666662,66.30000000000005,0,0,8.4375,19.899999999999984
,,0,2025-12-01T22:40:00Z,2025-12-02T03:25:00Z,2025-12-01T23:11:40Z,corso_IoT,ESP_LEOPIZZI,Lecce,Stanza,-0.06833333333333334,0.14055555555555554,1.063888888888889,0.16,1.7855555555555556,-0.24500000000000005,66.30000000000001,0,0,8.61111111111111,19.899999999999988
,,0,2025-12-01T22:40:00Z,2025-12-02T03:25:00Z,2025-12-01T23:12:27.5Z,corso_IoT,ESP_LEOPIZZI,Lecce,Stanza,-0.06893617021276592,0.13999999999999993,1.0663829787234045,0.11148936170212764,1.7295744680851068,-0.2497872340425532,66.30000000000004,0,0,6.617021276595745,19.899999999999984
,,0,2025-12-01T22:40:00Z,2025-12-02T03:25:00Z,2025-12-01T23:13:15Z,corso_IoT,ESP_LEOPIZZI,Lecce,Stanza,-0.06822222222222221,0.1408888888888888,1.0653333333333337,0.1037777777777778,1.7648888888888885,-0.2444444444444445,66.30000000000004,0,0,7.622222222222222,19.899999999999984
,,0,2025-12-01T22:40:00Z,2025-12-02T03:25:00Z,2025-12-01T23:14:02.5Z,corso_IoT,ESP_LEOPIZZI,Lecce,Stanza,-0.07000000000000003,0.14000000000000007,1.0664285714285717,0.05928571428571429,1.7785714285714285,-0.2428571428571429,66.29999999999998,0,0,7.785714285714286,19.900000000000002
,,0,2025-12-01T22:40:00Z,2025-12-02T03:25:00Z,2025-12-01T23:14:50Z,corso_IoT,ESP_LEOPIZZI,Lecce,Stanza,-0.06868421052631579,0.14052631578947367,1.0663157894736843,0.11605263157894737,1.7276315789473682,-0.29263157894736835,66.30000000000001,0,0,8.263157894736842,19.899999999999988
,,0,2025-12-01T22:40:00Z,2025-12-02T03:25:00Z,2025-12-01T23:15:37.5Z,corso_IoT,ESP_LEOPIZZI,Lecce,Stanza,-0.06833333333333334,0.14083333333333334,1.0641666666666667,0.12916666666666665,1.7858333333333332,-0.2725000000000001,66.21666666666667,0,0,8.36111111111111,19.899999999999988
,,0,2025-12-01T22:40:00Z,2025-12-02T03:25:00Z,2025-12-01T23:16:25Z,corso_IoT,ESP_LEOPIZZI,Lecce,Stanza,-0.0690909090909091,0.14090909090909098,1.0654545454545454,0.1475757575757576,1.7796969696969702,-0.23787878787878794,66.20000000000002,0,0,5.393939393939394,19.899999999999988
,,0,2025-12-01T22:40:00Z,2025-12-02T03:25:00Z,2025-12-01T23:17:12.5Z,corso_IoT,ESP_LEOPIZZI,Lecce,Stanza,-0.06829787234042552,0.14106382978723397,1.0653191489361704,0.08382978723404257,1.7451063829787237,-0.2748936170212766,66.19999999999996,0,0,2.021276595744681,19.89361702127658
,,0,2025-12-01T22:40:00Z,2025-12-02T03:25:00Z,2025-12-01T23:18:00Z,corso_IoT,ESP_LEOPIZZI,Lecce,Stanza,-0.068,0.1405714285714286,1.0668571428571427,0.10657142857142854,1.7154285714285713,-0.27657142857142863,66.2,0,0,6.514285714285714,19.899999999999988
,,0,2025-12-01T22:40:00Z,2025-12-02T03:25:00Z,2025-12-01T23:18:47.5Z,corso_IoT,ESP_LEOPIZZI,Lecce,Stanza,-0.06896551724137935,0.14034482758620698,1.0672413793103448,0.15896551724137928,1.7524137931034487,-0.28344827586206905,66.20000000000003,0,0,8.862068965517242,19.899999999999988
,,0,2025-12-01T22:40:00Z,2025-12-02T03:25:00Z,2025-12-01T23:19:35Z,corso_IoT,ESP_LEOPIZZI,Lecce,Stanza,-0.06891891891891892,0.14027027027027025,1.0651351351351355,0.09054054054054056,1.7181081081081082,-0.2662162162162162,66.19999999999999,0,0,9.432432432432432,19.899999999999988
,,0,2025-12-01T22:40:00Z,2025-12-02T03:25:00Z,2025-12-01T23:20:22.5Z,corso_IoT,ESP_LEOPIZZI,Lecce,Stanza,-0.06853658536585365,0.14024390243902438,1.0641463414634151,0.0926829268292683,1.7619512195121947,-0.28414634146341466,66.19999999999997,0,0,9.21951219512195,19.892682926829252
,,0,2025-12-01T22:40:00Z,2025-12-02T03:25:00Z,2025-12-01T23:21:10Z,corso_IoT,ESP_LEOPIZZI,Lecce,Stanza,-0.06864406779661014,0.1405084745762711,1.0644067796610177,0.08983050847457627,1.7196610169491524,-0.26644067796610166,66.10169491525417,0,0,8.94915254237288,19.9
,,0,2025-12-01T22:40:00Z,2025-12-02T03:25:00Z,2025-12-01T23:21:57.5Z,corso_IoT,ESP_LEOPIZZI,Lecce,Stanza,-0.09387096774193553,0.14580645161290326,1.0564516129032255,0.2070967741935484,0.4780645161290325,0.9838709677419357,66.11612903225804,11.290322580645162,0,6.967741935483871,19.899999999999988
,,0,2025-12-01T22:40:00Z,2025-12-02T03:25:00Z,2025-12-01T23:22:45Z,corso_IoT,ESP_LEOPIZZI,Lecce,Stanza,-0.10000000000000003,0.15037037037037032,1.0622222222222222,0.0874074074074074,1.771481481481482,-0.26999999999999996,66.11851851851851,0,0,8.074074074074074,19.89999999999999
,,0,2025-12-01T22:40:00Z,2025-12-02T03:25:00Z,2025-12-01T23:23:32.5Z,corso_IoT,ESP_LEOPIZZI,Lecce,Stanza,-0.0995454545454546,0.1500000000000001,1.0606818181818187,0.08954545454545457,1.7559090909090906,-0.2540909090909092,66.09999999999995,0,0,9.113636363636363,19.899999999999984
,,0,2025-12-01T22:40:00Z,2025-12-02T03:25:00Z,2025-12-01T23:24:20Z,corso_IoT,ESP_LEOPIZZI,Lecce,Stanza,-0.0992592592592592,0.1503703703703705,1.0627777777777783,0.10999999999999999,1.7655555555555555,-0.257037037037037,66.0722222222222,0,0,8.925925925925926,19.87222222222221
,,0,2025-12-01T22:40:00Z,2025-12-02T03:25:00Z,2025-12-01T23:25:07.5Z,corso_IoT,ESP_LEOPIZZI,Lecce,Stanza,-0.10000000000000003,0.14999999999999997,1.0626315789473686,0.09894736842105263,1.7542105263157894,-0.2357894736842105,66.01052631578946,0,0,9.473684210526315,19.815789473684212
,,0,2025-12-01T22:40:00Z,2025-12-02T03:25:00Z,2025-12-01T23:25:55Z,corso_IoT,ESP_LEOPIZZI,Lecce,Stanza,-0.10000000000000003,0.14999999999999994,1.0619230769230765,0.10423076923076925,1.6965384615384616,-0.3476923076923076,66.03076923076924,0,0,9.653846153846153,19.81153846153846
,,0,2025-12-01T22:40:00Z,2025-12-02T03:25:00Z,2025-12-01T23:26:42.5Z,corso_IoT,ESP_LEOPIZZI,Lecce,Stanza,-0.09954545454545456,0.1506818181818183,1.0627272727272732,0.14136363636363633,1.7504545454545457,-0.2597727272727273,66.0272727272727,0,0,6.045454545454546,19.811363636363623
,,0,2025-12-01T22:40:00Z,2025-12-02T03:25:00Z,2025-12-01T23:27:30Z,corso_IoT,ESP_LEOPIZZI,Lecce,Stanza,-0.09931034482758615,0.15068965517241395,1.062068965517242,0.09482758620689656,1.7413793103448274,-0.24172413793103445,66.0051724137931,0,0,3.9655172413793105,19.81034482758619
,,0,2025-12-01T22:40:00Z,2025-12-02T03:25:00Z,2025-12-01T23:28:17.5Z,corso_IoT,ESP_LEOPIZZI,Lecce,Stanza,-0.10000000000000002,0.15046511627906986,1.062558139534884,0.09883720930232553,1.7672093023255817,-0.23209302325581402,66,0,0,8.279069767441861,19.806976744186034
,,0,2025-12-01T22:40:00Z,2025-12-02T03:25:00Z,2025-12-01T23:29:05Z,corso_IoT,ESP_LEOPIZZI,Lecce,Stanza,-0.09969696969696974,0.15030303030303033,1.061212121212121,0.06909090909090909,1.7309090909090907,-0.26878787878787885,66,0,0,8.93939393939394,19.799999999999997
,,0,2025-12-01T22:40:00Z,2025-12-02T03:25:00Z,2025-12-01T23:29:52.5Z,corso_IoT,ESP_LEOPIZZI,Lecce,Stanza,-0.11199999999999999,0.16472727272727275,1.0698181818181822,0.06563636363636367,1.720909090909091,-0.33927272727272734,66,16.363636363636363,0,9.581818181818182,19.79999999999998
,,0,2025-12-01T22:40:00Z,2025-12-02T03:25:00Z,2025-12-01T23:30:40Z,corso_IoT,ESP_LEOPIZZI,Lecce,Stanza,-0.38963636363636345,0.23399999999999993,1.1374545454545453,0.6476363636363633,1.0183636363636364,-0.14181818181818187,66.39636363636366,49.09090909090909,0,6.054545454545455,19.81090909090907
,,0,2025-12-01T22:40:00Z,2025-12-02T03:25:00Z,2025-12-01T23:31:27.5Z,corso_IoT,ESP_LEOPIZZI,Lecce,Stanza,-0.612173913043478,0.25956521739130417,1.1791304347826084,0.03369565217391306,1.762173913043477,-0.18413043478260868,66.61304347826085,50,0,9.41304347826087,19.823913043478242
,,0,2025-12-01T22:40:00Z,2025-12-02T03:25:00Z,2025-12-01T23:32:15Z,corso_IoT,ESP_LEOPIZZI,Lecce,Stanza,-0.6138775510204081,0.2597959183673468,1.1779591836734693,0.06469387755102039,1.7573469387755105,-0.18591836734693876,66.40408163265313,50,0,9.183673469387756,19.799999999999983
,,0,2025-12-01T22:40:00Z,2025-12-02T03:25:00Z,2025-12-01T23:33:02.5Z,corso_IoT,ESP_LEOPIZZI,Lecce,Stanza,-0.6155319148936171,0.259787234042553,1.1804255319148933,0.045531914893617034,1.745106382978724,-0.21148936170212773,66.32978723404258,50,0,8.25531914893617,19.799999999999983
,,0,2025-12-01T22:40:00Z,2025-12-02T03:25:00Z,2025-12-01T23:33:50Z,corso_IoT,ESP_LEOPIZZI,Lecce,Stanza,-0.6187804878048782,0.2590243902439023,1.1817073170731704,0.05365853658536586,1.7156097560975607,-0.19121951219512195,66.36097560975612,50,0,9.317073170731707,19.799999999999986
,,0,2025-12-01T22:40:00Z,2025-12-02T03:25:00Z,2025-12-01T23:34:37.5Z,corso_IoT,ESP_LEOPIZZI,Lecce,Stanza,-0.6195121951219513,0.2585365853658535,1.1807317073170729,0.0719512195121951,1.6826829268292682,-0.20707317073170733,66.2707317073171,50,0,9.292682926829269,19.799999999999986
,,0,2025-12-01T22:40:00Z,2025-12-02T03:25:00Z,2025-12-01T23:35:25Z,corso_IoT,ESP_LEOPIZZI,Lecce,Stanza,-0.6199999999999997,0.25999999999999984,1.1813636363636364,-0.002727272727272728,1.7586363636363636,-0.1527272727272727,66.29090909090907,50,0,7.863636363636363,19.800000000000008
,,0,2025-12-01T22:40:00Z,2025-12-02T03:25:00Z,2025-12-01T23:36:12.5Z,corso_IoT,ESP_LEOPIZZI,Lecce,Stanza,-0.6195555555555557,0.2597777777777776,1.1808888888888887,0.06688888888888886,1.7648888888888892,-0.19555555555555557,66.27555555555561,50,0,10.088888888888889,19.799999999999986
,,0,2025-12-01T22:40:00Z,2025-12-02T03:25:00Z,2025-12-01T23:37:00Z,corso_IoT,ESP_LEOPIZZI,Lecce,Stanza,-0.6200000000000003,0.25999999999999984,1.1801960784313723,0.010392156862745094,1.7458823529411762,-0.16843137254901963,66.28823529411768,50,0,10.431372549019608,19.799999999999983
,,0,2025-12-01T22:40:00Z,2025-12-02T03:25:00Z,2025-12-01T23:37:47.5Z,corso_IoT,ESP_LEOPIZZI,Lecce,Stanza,-0.6202083333333336,0.2591666666666665,1.1804166666666664,0.09166666666666667,1.7518750000000003,-0.17083333333333336,66.30000000000005,50,0,9.104166666666666,19.799999999999983
,,0,2025-12-01T22:40:00Z,2025-12-02T03:25:00Z,2025-12-01T23:38:35Z,corso_IoT,ESP_LEOPIZZI,Lecce,Stanza,-0.6194117647058823,0.25823529411764695,1.1802941176470587,0.05911764705882351,1.7582352941176471,-0.2332352941176471,66.32647058823531,50,0,9.117647058823529,19.799999999999994
,,0,2025-12-01T22:40:00Z,2025-12-02T03:25:00Z,2025-12-01T23:39:22.5Z,corso_IoT,ESP_LEOPIZZI,Lecce,Stanza,-0.6196969696969695,0.25818181818181807,1.1790909090909092,0.01303030303030303,1.7393939393939388,-0.19424242424242422,66.29999999999998,50,0,8.93939393939394,19.799999999999997
,,0,2025-12-01T22:40:00Z,2025-12-02T03:25:00Z,2025-12-01T23:40:10Z,corso_IoT,ESP_LEOPIZZI,Lecce,Stanza,-0.6196969696969696,0.25969696969696954,1.179090909090909,0.017272727272727273,1.7509090909090914,-0.17515151515151514,66.36969696969699,50,0,8.727272727272727,19.799999999999997
,,0,2025-12-01T22:40:00Z,2025-12-02T03:25:00Z,2025-12-01T23:40:57.5Z,corso_IoT,ESP_LEOPIZZI,Lecce,Stanza,-0.6202941176470587,0.25882352941176456,1.1788235294117646,0.047647058823529424,1.7297058823529412,-0.16823529411764704,66.33235294117647,50,0,8.852941176470589,19.799999999999994
,,0,2025-12-01T22:40:00Z,2025-12-02T03:25:00Z,2025-12-01T23:41:45Z,corso_IoT,ESP_LEOPIZZI,Lecce,Stanza,-0.6195348837209305,0.2586046511627906,1.1786046511627908,0.09023255813953489,1.7472093023255817,-0.16186046511627905,66.29069767441861,50,0,3.627906976744186,19.799999999999986
,,0,2025-12-01T22:40:00Z,2025-12-02T03:25:00Z,2025-12-01T23:42:32.5Z,corso_IoT,ESP_LEOPIZZI,Lecce,Stanza,-0.62,0.2594444444444443,1.1780555555555554,0.07222222222222223,1.7013888888888886,-0.18444444444444447,66.21666666666665,50,0,9.916666666666666,19.799999999999994
,,0,2025-12-01T22:40:00Z,2025-12-02T03:25:00Z,2025-12-01T23:43:20Z,corso_IoT,ESP_LEOPIZZI,Lecce,Stanza,-0.619310344827586,0.25862068965517226,1.1765517241379313,0.04172413793103447,1.706206896551724,-0.2224137931034484,66.24137931034484,50,0,9.03448275862069,19.8
,,0,2025-12-01T22:40:00Z,2025-12-02T03:25:00Z,2025-12-01T23:44:07.5Z,corso_IoT,ESP_LEOPIZZI,Lecce,Stanza,-0.6199999999999999,0.2581249999999999,1.1775,0.056875,1.7168750000000004,-0.22781250000000003,66.20000000000002,50,0,9.0625,19.799999999999997
,,0,2025-12-01T22:40:00Z,2025-12-02T03:25:00Z,2025-12-01T23:44:55Z,corso_IoT,ESP_LEOPIZZI,Lecce,Stanza,-0.6194736842105261,0.2599999999999999,1.177894736842105,0.025789473684210525,1.6521052631578945,-0.16578947368421051,66.22631578947369,50,0,8.842105263157896,19.800000000000004
,,0,2025-12-01T22:40:00Z,2025-12-02T03:25:00Z,2025-12-01T23:45:42.5Z,corso_IoT,ESP_LEOPIZZI,Lecce,Stanza,-0.6197435897435898,0.25871794871794856,1.1787179487179487,0.06769230769230769,1.6933333333333331,-0.16435897435897434,66.29230769230769,50,0,8.974358974358974,19.79999999999999
,,0,2025-12-01T22:40:00Z,2025-12-02T03:25:00Z,2025-12-01T23:46:30Z,corso_IoT,ESP_LEOPIZZI,Lecce,Stanza,-0.6204761904761903,0.2595238095238094,1.1823809523809523,-0.0061904761904761855,1.752857142857143,-0.22857142857142856,66.22857142857144,50,0,8.904761904761905,19.800000000000004
,,0,2025-12-01T22:40:00Z,2025-12-02T03:25:00Z,2025-12-01T23:47:17.5Z,corso_IoT,ESP_LEOPIZZI,Lecce,Stanza,-0.6208510638297875,0.259787234042553,1.178085106382979,0.07510638297872341,1.7099999999999993,-0.1648936170212766,66.19999999999996,50,0,8.851063829787234,19.799999999999983
,,0,2025-12-01T22:40:00Z,2025-12-02T03:25:00Z,2025-12-01T23:48:05Z,corso_IoT,ESP_LEOPIZZI,Lecce,Stanza,-0.6199999999999998,0.2578947368421052,1.178421052631579,-0.04263157894736842,1.726842105263158,-0.23421052631578942,66.20000000000002,50,0,8.894736842105264,19.800000000000004
,,0,2025-12-01T22:40:00Z,2025-12-02T03:25:00Z,2025-12-01T23:48:52.5Z,corso_IoT,ESP_LEOPIZZI,Lecce,Stanza,-0.6215909090909091,0.2586363636363635,1.1804545454545452,0.06909090909090909,1.7618181818181824,-0.21431818181818188,66.19999999999996,50,0,9.522727272727273,19.799999999999986
,,0,2025-12-01T22:40:00Z,2025-12-02T03:25:00Z,2025-12-01T23:49:40Z,corso_IoT,ESP_LEOPIZZI,Lecce,Stanza,-0.6221739130434781,0.25913043478260855,1.178695652173913,0.011304347826086955,1.7939130434782604,-0.21347826086956517,66.20000000000003,50,0,8.304347826086957,19.800000000000008
,,0,2025-12-01T22:40:00Z,2025-12-02T03:25:00Z,2025-12-01T23:50:27.5Z,corso_IoT,ESP_LEOPIZZI,Lecce,Stanza,-0.6215624999999999,0.25874999999999987,1.1809375,0.0796875,1.7384375,-0.19687500000000002,66.30624999999998,50,0,8.75,19.85312499999999
,,0,2025-12-01T22:40:00Z,2025-12-02T03:25:00Z,2025-12-01T23:51:15Z,corso_IoT,ESP_LEOPIZZI,Lecce,Stanza,-0.5400000000000001,0.17257142857142857,1.0945714285714285,0.5102857142857142,2.3320000000000007,-0.28371428571428575,66.29714285714286,35.714285714285715,0,6.142857142857143,19.97714285714286
,,0,2025-12-01T22:40:00Z,2025-12-02T03:25:00Z,2025-12-01T23:52:02.5Z,corso_IoT,ESP_LEOPIZZI,Lecce,Stanza,-0.4582926829268296,-0.0404878048780488,0.9299999999999999,0.09414634146341462,1.7702439024390246,-0.28585365853658534,66.27560975609757,0,0,0.6585365853658537,20
,,0,2025-12-01T22:40:00Z,2025-12-02T03:25:00Z,2025-12-01T23:52:50Z,corso_IoT,ESP_LEOPIZZI,Lecce,Stanza,-0.34571428571428586,-0.09918367346938776,0.9048979591836737,-0.46448979591836737,1.7979591836734692,-0.3306122448979591,65.80204081632651,4.081632653061225,0,7.489795918367347,19.993877551020407
,,0,2025-12-01T22:40:00Z,2025-12-02T03:25:00Z,2025-12-01T23:53:37.5Z,corso_IoT,ESP_LEOPIZZI,Lecce,Stanza,-0.27120689655172375,-0.1527586206896553,0.8801724137931038,0.34413793103448265,1.8515517241379313,-0.1279310344827586,65.69999999999993,0.8620689655172413,0,9.551724137931034,19.9103448275862
,,0,2025-12-01T22:40:00Z,2025-12-02T03:25:00Z,2025-12-01T23:54:25Z,corso_IoT,ESP_LEOPIZZI,Lecce,Stanza,-0.27976190476190466,-0.15833333333333344,0.8821428571428572,0.06761904761904762,1.8252380952380955,-0.20738095238095244,65.83333333333336,0,0,9.380952380952381,19.80476190476189
,,0,2025-12-01T22:40:00Z,2025-12-02T03:25:00Z,2025-12-01T23:55:12.5Z,corso_IoT,ESP_LEOPIZZI,Lecce,Stanza,-0.2799999999999999,-0.15875000000000009,0.881,0.02225,1.71675,-0.25575000000000003,65.95250000000001,0,0,9.1,19.79999999999999
,,0,2025-12-01T22:40:00Z,2025-12-02T03:25:00Z,2025-12-01T23:56:00Z,corso_IoT,ESP_LEOPIZZI,Lecce,Stanza,-0.2808474576271185,-0.15915254237288146,0.8803389830508478,0.02915254237288135,1.7586440677966104,-0.21762711864406775,66.01016949152542,0,0,9.254237288135593,19.79999999999998
,,0,2025-12-01T22:40:00Z,2025-12-02T03:25:00Z,2025-12-01T23:56:47.5Z,corso_IoT,ESP_LEOPIZZI,Lecce,Stanza,-0.2804999999999998,-0.1598333333333334,0.8810000000000007,0.10500000000000002,1.8103333333333336,-0.18800000000000003,66.11999999999995,0,0,4.55,19.799999999999976
,,0,2025-12-01T22:40:00Z,2025-12-02T03:25:00Z,2025-12-01T23:57:35Z,corso_IoT,ESP_LEOPIZZI,Lecce,Stanza,-0.28101694915254216,-0.15983050847457636,0.8793220338983058,0.03610169491525424,1.7547457627118639,-0.22355932203389833,66.03050847457628,0,0,4.864406779661017,19.79999999999998
,,0,2025-12-01T22:40:00Z,2025-12-02T03:25:00Z,2025-12-01T23:58:22.5Z,corso_IoT,ESP_LEOPIZZI,Lecce,Stanza,-0.2812499999999997,-0.15964285714285723,0.8792857142857147,0.009464285714285706,1.7780357142857144,-0.22732142857142865,66,0,0,6,19.79999999999998
,,0,2025-12-01T22:40:00Z,2025-12-02T03:25:00Z,2025-12-01T23:59:10Z,corso_IoT,ESP_LEOPIZZI,Lecce,Stanza,-0.28037037037037016,-0.1600000000000001,0.879444444444445,0.04351851851851851,1.829074074074074,-0.20685185185185181,66,0,0,7.37037037037037,19.79999999999998
,,0,2025-12-01T22:40:00Z,2025-12-02T03:25:00Z,2025-12-01T23:59:57.5Z,corso_IoT,ESP_LEOPIZZI,Lecce,Stanza,-0.28029411764705886,-0.15970588235294125,0.8791176470588232,0.019411764705882354,1.7720588235294117,-0.19058823529411767,66.02647058823528,0,0,3.1470588235294117,19.799999999999994
,,0,2025-12-01T22:40:00Z,2025-12-02T03:25:00Z,2025-12-02T00:00:45Z,corso_IoT,ESP_LEOPIZZI,Lecce,Stanza,-0.2801923076923075,-0.1600000000000001,0.8790384615384621,0.0778846153846154,1.7667307692307697,-0.20211538461538464,66,0,0,9.538461538461538,19.79999999999998
,,0,2025-12-01T22:40:00Z,2025-12-02T03:25:00Z,2025-12-02T00:01:32.5Z,corso_IoT,ESP_LEOPIZZI,Lecce,Stanza,-0.2804166666666668,-0.16000000000000006,0.8808333333333334,0.035,1.7587500000000003,-0.14916666666666667,66.04166666666667,0,0,8.708333333333334,19.800000000000008
,,0,2025-12-01T22:40:00Z,2025-12-02T03:25:00Z,2025-12-02T00:02:20Z,corso_IoT,ESP_LEOPIZZI,Lecce,Stanza,-0.281025641025641,-0.1600000000000001,0.8792307692307693,0.04948717948717949,1.78948717948718,-0.23256410256410262,66.04871794871791,0,0,9.76923076923077,19.79999999999999
,,0,2025-12-01T22:40:00Z,2025-12-02T03:25:00Z,2025-12-02T00:03:07.5Z,corso_IoT,ESP_LEOPIZZI,Lecce,Stanza,-0.28142857142857125,-0.15979591836734702,0.8789795918367348,0.06081632653061226,1.7495918367346939,-0.21734693877551015,66.03673469387755,0,0,9.040816326530612,19.799999999999983
,,0,2025-12-01T22:40:00Z,2025-12-02T03:25:00Z,2025-12-02T00:03:55Z,corso_IoT,ESP_LEOPIZZI,Lecce,Stanza,-0.2819230769230771,-0.16000000000000003,0.8761538461538462,0.14961538461538462,1.7950000000000004,-0.18153846153846157,66,0,0,9,19.800000000000008
,,0,2025-12-01T22:40:00Z,2025-12-02T03:25:00Z,2025-12-02T00:04:42.5Z,corso_IoT,ESP_LEOPIZZI,Lecce,Stanza,-0.28101694915254216,-0.16033898305084757,0.8796610169491531,0.04983050847457627,1.7871186440677966,-0.1883050847457627,66.0050847457627,0,0,9.152542372881356,19.79491525423727
,,0,2025-12-01T22:40:00Z,2025-12-02T03:25:00Z,2025-12-02T00:05:30Z,corso_IoT,ESP_LEOPIZZI,Lecce,Stanza,-0.2820338983050845,-0.1600000000000001,0.8781355932203396,0.010508474576271205,1.809830508474577,-0.17711864406779662,66.02033898305083,0,0,7.1525423728813555,19.794915254237267
,,0,2025-12-01T22:40:00Z,2025-12-02T03:25:00Z,2025-12-02T00:06:17.5Z,corso_IoT,ESP_LEOPIZZI,Lecce,Stanza,-0.28111111111111087,-0.16037037037037047,0.8785185185185189,0.07388888888888885,1.781481481481481,-0.18055555555555555,66.03148148148148,0,0,7.944444444444445,19.79999999999998
,,0,2025-12-01T22:40:00Z,2025-12-02T03:25:00Z,2025-12-02T00:07:05Z,corso_IoT,ESP_LEOPIZZI,Lecce,Stanza,-0.28133333333333316,-0.1603333333333334,0.8785000000000005,0.04783333333333333,1.817666666666667,-0.19216666666666674,66.01,0,0,6.683333333333334,19.78999999999998
,,0,2025-12-01T22:40:00Z,2025-12-02T03:25:00Z,2025-12-02T00:07:52.5Z,corso_IoT,ESP_LEOPIZZI,Lecce,Stanza,-0.2820338983050845,-0.1600000000000001,0.8784745762711869,0.020847457627118635,1.838135593220339,-0.1857627118644068,66.03559322033895,0,0,9.135593220338983,19.76440677966102
,,0,2025-12-01T22:40:00Z,2025-12-02T03:25:00Z,2025-12-02T00:08:40Z,corso_IoT,ESP_LEOPIZZI,Lecce,Stanza,-0.28169811320754695,-0.1603773584905661,0.8796226415094344,0.023396226415094337,1.830377358490566,-0.20339622641509433,66.0584905660377,0,0,9.377358490566039,19.70000000000002
,,0,2025-12-01T22:40:00Z,2025-12-02T03:25:00Z,2025-12-02T00:09:27.5Z,corso_IoT,ESP_LEOPIZZI,Lecce,Stanza,-0.28224489795918345,-0.16020408163265315,0.878571428571429,0.03102040816326531,1.8518367346938776,-0.16979591836734695,66.09387755102036,0,0,4.020408163265306,19.706122448979603
,,0,2025-12-01T22:40:00Z,2025-12-02T03:25:00Z,2025-12-02T00:10:15Z,corso_IoT,ESP_LEOPIZZI,Lecce,Stanza,-0.282413793103448,-0.1600000000000001,0.8777586206896556,-0.018793103448275866,1.7634482758620695,-0.19862068965517238,66.05344827586204,0,0,6.051724137931035,19.70000000000002
,,0,2025-12-01T22:40:00Z,2025-12-02T03:25:00Z,2025-12-02T00:11:02.5Z,corso_IoT,ESP_LEOPIZZI,Lecce,Stanza,-0.28189189189189184,-0.16027027027027035,0.8783783783783784,0.05054054054054054,1.7967567567567564,-0.20540540540540536,66.09999999999995,0,0,6.54054054054054,19.70000000000001
,,0,2025-12-01T22:40:00Z,2025-12-02T03:25:00Z,2025-12-02T00:11:50Z,corso_IoT,ESP_LEOPIZZI,Lecce,Stanza,-0.28333333333333316,-0.1600000000000001,0.8786666666666669,0.034444444444444444,1.7975555555555558,-0.17822222222222223,66.09333333333329,0,0,4.133333333333334,19.700000000000014
,,0,2025-12-01T22:40:00Z,2025-12-02T03:25:00Z,2025-12-02T00:12:37.5Z,corso_IoT,ESP_LEOPIZZI,Lecce,Stanza,-0.282222222222222,-0.16037037037037044,0.8774074074074077,0.031666666666666655,1.8688888888888888,-0.19666666666666666,66.09999999999994,0,0,7.185185185185185,19.70000000000002
,,0,2025-12-01T22:40:00Z,2025-12-02T03:25:00Z,2025-12-02T00:13:25Z,corso_IoT,ESP_LEOPIZZI,Lecce,Stanza,-0.28404761904761894,-0.1600000000000001,0.8780952380952384,0.08309523809523808,1.8226190476190478,-0.18976190476190483,66.07619047619045,0,0,5.571428571428571,19.700000000000014
,,0,2025-12-01T22:40:00Z,2025-12-02T03:25:00Z,2025-12-02T00:14:12.5Z,corso_IoT,ESP_LEOPIZZI,Lecce,Stanza,-0.282051282051282,-0.16025641025641033,0.878205128205128,0.05615384615384613,1.8338461538461541,-0.16256410256410253,66.07692307692302,0,0,8.846153846153847,19.70000000000001
,,0,2025-12-01T22:40:00Z,2025-12-02T03:25:00Z,2025-12-02T00:15:00Z,corso_IoT,ESP_LEOPIZZI,Lecce,Stanza,-0.2820338983050845,-0.1605084745762713,0.877288135593221,0.05644067796610169,1.8161016949152544,-0.20220338983050856,66.08474576271182,0,0,8.847457627118644,19.70000000000002
,,0,2025-12-01T22:40:00Z,2025-12-02T03:25:00Z,2025-12-02T00:15:47.5Z,corso_IoT,ESP_LEOPIZZI,Lecce,Stanza,-0.2818367346938773,-0.16020408163265315,0.8791836734693883,0.043265306122448985,1.7779591836734692,-0.2016326530612245,66,0,0,8.89795918367347,19.700000000000017
,,0,2025-12-01T22:40:00Z,2025-12-02T03:25:00Z,2025-12-02T00:16:35Z,corso_IoT,ESP_LEOPIZZI,Lecce,Stanza,-0.2818965517241377,-0.16051724137931042,0.8791379310344832,0.02931034482758621,1.768793103448276,-0.17896551724137935,66.02931034482758,0,0,9.155172413793103,19.70000000000002
,,0,2025-12-01T22:40:00Z,2025-12-02T03:25:00Z,2025-12-02T00:17:22.5Z,corso_IoT,ESP_LEOPIZZI,Lecce,Stanza,-0.2828888888888887,-0.1613333333333334,0.8791111111111112,0.050888888888888886,1.7986666666666662,-0.20999999999999994,66,0,0,8.755555555555556,19.700000000000014
,,0,2025-12-01T22:40:00Z,2025-12-02T03:25:00Z,2025-12-02T00:18:10Z,corso_IoT,ESP_LEOPIZZI,Lecce,Stanza,-0.28237288135593197,-0.16033898305084757,0.876949152542373,0.014745762711864408,1.8113559322033903,-0.20915254237288142,66,0,0,9.728813559322035,19.694915254237305
,,0,2025-12-01T22:40:00Z,2025-12-02T03:25:00Z,2025-12-02T00:18:57.5Z,corso_IoT,ESP_LEOPIZZI,Lecce,Stanza,-0.28155172413793084,-0.1601724137931035,0.8779310344827591,0.04293103448275862,1.7896551724137937,-0.1774137931034483,65.9844827586207,0,0,9.413793103448276,19.70000000000002
,,0,2025-12-01T22:40:00Z,2025-12-02T03:25:00Z,2025-12-02T00:19:45Z,corso_IoT,ESP_LEOPIZZI,Lecce,Stanza,-0.2825999999999998,-0.1604000000000001,0.8778,0.06879999999999999,1.8076,-0.17500000000000004,66,0,0,9.06,19.700000000000017
,,0,2025-12-01T22:40:00Z,2025-12-02T03:25:00Z,2025-12-02T00:20:32.5Z,corso_IoT,ESP_LEOPIZZI,Lecce,Stanza,-0.2819999999999998,-0.16040000000000007,0.8774000000000004,0.035,1.8062000000000007,-0.21340000000000003,66,0,0,8.74,19.700000000000017
,,0,2025-12-01T22:40:00Z,2025-12-02T03:25:00Z,2025-12-02T00:21:20Z,corso_IoT,ESP_LEOPIZZI,Lecce,Stanza,-0.2815254237288134,-0.1600000000000001,0.8767796610169492,0.056271186440677974,1.7823728813559325,-0.19508474576271184,66,0,0,8.59322033898305,19.70000000000002
,,0,2025-12-01T22:40:00Z,2025-12-02T03:25:00Z,2025-12-02T00:22:07.5Z,corso_IoT,ESP_LEOPIZZI,Lecce,Stanza,-0.28186440677966074,-0.16101694915254247,0.8777966101694917,0.07169491525423728,1.847118644067797,-0.1850847457627119,65.9288135593221,0,0,9.423728813559322,19.689830508474596
,,0,2025-12-01T22:40:00Z,2025-12-02T03:25:00Z,2025-12-02T00:22:55Z,corso_IoT,ESP_LEOPIZZI,Lecce,Stanza,-0.28244897959183657,-0.16122448979591844,0.8763265306122453,0.048163265306122444,1.7997959183673469,-0.16653061224489796,65.92857142857146,0,0,8.89795918367347,19.64897959183675
,,0,2025-12-01T22:40:00Z,2025-12-02T03:25:00Z,2025-12-02T00:23:42.5Z,corso_IoT,ESP_LEOPIZZI,Lecce,Stanza,-0.28266666666666646,-0.1608333333333334,0.8780000000000002,0.023500000000000004,1.7786666666666668,-0.16800000000000004,65.96000000000004,0,0,8.966666666666667,19.690000000000012
,,0,2025-12-01T22:40:00Z,2025-12-02T03:25:00Z,2025-12-02T00:24:30Z,corso_IoT,ESP_LEOPIZZI,Lecce,Stanza,-0.2830508474576269,-0.16033898305084757,0.8771186440677972,0.06338983050847456,1.824915254237288,-0.17423728813559328,65.91186440677973,0,0,9.084745762711865,19.667796610169493
,,0,2025-12-01T22:40:00Z,2025-12-02T03:25:00Z,2025-12-02T00:25:17.5Z,corso_IoT,ESP_LEOPIZZI,Lecce,Stanza,-0.2823999999999998,-0.1606000000000001,0.8774,0.041400000000000006,1.8249999999999995,-0.18619999999999995,65.90400000000005,0,0,8.78,19.600000000000016
,,0,2025-12-01T22:40:00Z,2025-12-02T03:25:00Z,2025-12-02T00:26:05Z,corso_IoT,ESP_LEOPIZZI,Lecce,Stanza,-0.2823333333333331,-0.16050000000000006,0.8771666666666669,0.03500000000000001,1.7770000000000001,-0.19133333333333333,65.94833333333337,0,0,8.966666666666667,19.688333333333354
,,0,2025-12-01T22:40:00Z,2025-12-02T03:25:00Z,2025-12-02T00:26:52.5Z,corso_IoT,ESP_LEOPIZZI,Lecce,Stanza,-0.28172413793103424,-0.16051724137931045,0.8781034482758624,0.06137931034482759,1.8406896551724141,-0.1875862068965517,65.90000000000006,0,0,8.189655172413794,19.689655172413815
,,0,2025-12-01T22:40:00Z,2025-12-02T03:25:00Z,2025-12-02T00:27:40Z,corso_IoT,ESP_LEOPIZZI,Lecce,Stanza,-0.2825423728813557,-0.1601694915254238,0.8769491525423732,0.051016949152542394,1.8508474576271186,-0.22593220338983064,65.86101694915264,0,0,4.47457627118644,19.671186440677968
,,0,2025-12-01T22:40:00Z,2025-12-02T03:25:00Z,2025-12-02T00:28:27.5Z,corso_IoT,ESP_LEOPIZZI,Lecce,Stanza,-0.2834615384615382,-0.16076923076923086,0.8767307692307695,0.05596153846153847,1.8048076923076932,-0.2128846153846154,65.84615384615387,0,0,9.173076923076923,19.61923076923079
,,0,2025-12-01T22:40:00Z,2025-12-02T03:25:00Z,2025-12-02T00:29:15Z,corso_IoT,ESP_LEOPIZZI,Lecce,Stanza,-0.2835714285714284,-0.16190476190476197,0.877380952380952,0.06500000000000002,1.837619047619047,-0.2054761904761905,65.8928571428572,0,0,4.714285714285714,19.683333333333344
,,0,2025-12-01T22:40:00Z,2025-12-02T03:25:00Z,2025-12-02T00:30:02.5Z,corso_IoT,ESP_LEOPIZZI,Lecce,Stanza,-0.2824999999999998,-0.16250000000000006,0.8770833333333335,0.04562499999999999,1.8164583333333335,-0.22416666666666665,65.82500000000003,0,0,4.083333333333333,19.600000000000016
,,0,2025-12-01T22:40:00Z,2025-12-02T03:25:00Z,2025-12-02T00:30:50Z,corso_IoT,ESP_LEOPIZZI,Lecce,Stanza,-0.2832203389830506,-0.16135593220338992,0.8767796610169494,0.04644067796610169,1.817288135593221,-0.2245762711864406,65.87966101694923,0,0,7.271186440677966,19.635593220339008
,,0,2025-12-01T22:40:00Z,2025-12-02T03:25:00Z,2025-12-02T00:31:37.5Z,corso_IoT,ESP_LEOPIZZI,Lecce,Stanza,-0.2826229508196719,-0.16032786885245912,0.8778688524590168,0.007704918032786888,1.794590163934427,-0.20081967213114751,65.80000000000007,0,0,9.311475409836065,19.60983606557377
,,0,2025-12-01T22:40:00Z,2025-12-02T03:25:00Z,2025-12-02T00:32:25Z,corso_IoT,ESP_LEOPIZZI,Lecce,Stanza,-0.28416666666666646,-0.1610000000000001,0.8770000000000001,0.06449999999999999,1.793,-0.1953333333333334,65.80000000000007,0,0,6.95,19.600000000000005
,,0,2025-12-01T22:40:00Z,2025-12-02T03:25:00Z,2025-12-02T00:33:12.5Z,corso_IoT,ESP_LEOPIZZI,Lecce,Stanza,-0.2833333333333331,-0.1618518518518519,0.8770370370370371,0.016851851851851847,1.7661111111111112,-0.24925925925925932,65.80000000000005,0,0,10.092592592592593,19.600000000000016
,,0,2025-12-01T22:40:00Z,2025-12-02T03:25:00Z,2025-12-02T00:34:00Z,corso_IoT,ESP_LEOPIZZI,Lecce,Stanza,-0.2820338983050845,-0.16135593220338992,0.8766101694915253,-0.005423728813559322,1.8347457627118644,-0.20610169491525435,65.80000000000007,0,0,9.186440677966102,19.600000000000005
,,0,2025-12-01T22:40:00Z,2025-12-02T03:25:00Z,2025-12-02T00:34:47.5Z,corso_IoT,ESP_LEOPIZZI,Lecce,Stanza,-0.2823214285714283,-0.1607142857142858,0.8771428571428574,0.03625,1.7964285714285715,-0.22178571428571425,65.80000000000005,0,0,9.214285714285714,19.600000000000012
,,0,2025-12-01T22:40:00Z,2025-12-02T03:25:00Z,2025-12-02T00:35:35Z,corso_IoT,ESP_LEOPIZZI,Lecce,Stanza,-0.28320754716981106,-0.16094339622641518,0.8758490566037733,0.03169811320754717,1.788679245283019,-0.20188679245283014,65.80000000000005,0,0,9.566037735849056,19.600000000000016
,,0,2025-12-01T22:40:00Z,2025-12-02T03:25:00Z,2025-12-02T00:36:22.5Z,corso_IoT,ESP_LEOPIZZI,Lecce,Stanza,-0.2833333333333331,-0.16083333333333344,0.8760000000000001,0.05633333333333333,1.8186666666666664,-0.193,65.80000000000007,0,0,9.133333333333333,19.600000000000005
,,0,2025-12-01T22:40:00Z,2025-12-02T03:25:00Z,2025-12-02T00:37:10Z,corso_IoT,ESP_LEOPIZZI,Lecce,Stanza,-0.28213114754098345,-0.16180327868852468,0.8770491803278693,0.03934426229508196,1.8173770491803278,-0.22147540983606556,65.80000000000007,0,0,9.229508196721312,19.6
,,0,2025-12-01T22:40:00Z,2025-12-02T03:25:00Z,2025-12-02T00:37:57.5Z,corso_IoT,ESP_LEOPIZZI,Lecce,Stanza,-0.28229166666666644,-0.1608333333333334,0.8774999999999998,0.04479166666666665,1.8293750000000006,-0.22000000000000008,65.80000000000004,0,0,8.916666666666666,19.600000000000016
,,0,2025-12-01T22:40:00Z,2025-12-02T03:25:00Z,2025-12-02T00:38:45Z,corso_IoT,ESP_LEOPIZZI,Lecce,Stanza,-0.28698113207547166,-0.16433962264150945,0.8760377358490568,0.030754716981132055,1.702264150943396,-0.2009433962264151,65.79245283018871,0,0,8.90566037735849,19.600000000000016
,,0,2025-12-01T22:40:00Z,2025-12-02T03:25:00Z,2025-12-02T00:39:32.5Z,corso_IoT,ESP_LEOPIZZI,Lecce,Stanza,-0.3803333333333331,-0.17933333333333323,0.8729999999999996,0.046000000000000006,1.628666666666667,-0.17283333333333342,65.69999999999993,1.6666666666666667,0,8.066666666666666,19.600000000000005
,,0,2025-12-01T22:40:00Z,2025-12-02T03:25:00Z,2025-12-02T00:40:20Z,corso_IoT,ESP_LEOPIZZI,Lecce,Stanza,-0.3999999999999998,-0.1803773584905659,0.872075471698113,0.09849056603773587,1.7896226415094338,-0.2411320754716981,65.68867924528296,0,0,9.11320754716981,19.624528301886812
,,0,2025-12-01T22:40:00Z,2025-12-02T03:25:00Z,2025-12-02T00:41:07.5Z,corso_IoT,ESP_LEOPIZZI,Lecce,Stanza,-0.40035087719298224,-0.18070175438596478,0.8729824561403506,0.06684210526315788,1.813508771929825,-0.24052631578947373,65.64385964912277,0,0,9.43859649122807,19.69298245614037
,,0,2025-12-01T22:40:00Z,2025-12-02T03:25:00Z,2025-12-02T00:41:55Z,corso_IoT,ESP_LEOPIZZI,Lecce,Stanza,-0.40089285714285694,-0.17964285714285702,0.8742857142857139,-0.05946428571428571,1.8385714285714296,-0.22767857142857145,65.59999999999994,0.8928571428571429,0,8.232142857142858,19.70000000000002
,,0,2025-12-01T22:40:00Z,2025-12-02T03:25:00Z,2025-12-02T00:42:42.5Z,corso_IoT,ESP_LEOPIZZI,Lecce,Stanza,-0.37262295081967217,-0.1604918032786886,0.8768852459016397,0.030163934426229503,1.807213114754098,-0.21950819672131155,65.59508196721306,0,0,5.622950819672131,19.700000000000024
,,0,2025-12-01T22:40:00Z,2025-12-02T03:25:00Z,2025-12-02T00:43:30Z,corso_IoT,ESP_LEOPIZZI,Lecce,Stanza,-0.3723728813559322,-0.16016949152542384,0.8767796610169498,0.05728813559322033,1.7954237288135593,-0.2030508474576272,65.57627118644064,0,0,7.813559322033898,19.70000000000002
,,0,2025-12-01T22:40:00Z,2025-12-02T03:25:00Z,2025-12-02T00:44:17.5Z,corso_IoT,ESP_LEOPIZZI,Lecce,Stanza,-0.3728333333333334,-0.15933333333333344,0.878333333333334,0.03783333333333336,1.801666666666667,-0.17683333333333343,65.5,0,0,7.883333333333334,19.69166666666668
,,0,2025-12-01T22:40:00Z,2025-12-02T03:25:00Z,2025-12-02T00:45:05Z,corso_IoT,ESP_LEOPIZZI,Lecce,Stanza,-0.37372881355932197,-0.15932203389830518,0.8783050847457632,0.025593220338983046,1.8059322033898306,-0.2125423728813559,65.5050847457627,0,0,8.983050847457626,19.68305084745765
,,0,2025-12-01T22:40:00Z,2025-12-02T03:25:00Z,2025-12-02T00:45:52.5Z,corso_IoT,ESP_LEOPIZZI,Lecce,Stanza,-0.37249999999999994,-0.15966666666666676,0.8786666666666674,0.009166666666666663,1.8125000000000004,-0.18050000000000002,65.5,0,0,9.416666666666666,19.690000000000012
,,0,2025-12-01T22:40:00Z,2025-12-02T03:25:00Z,2025-12-02T00:46:40Z,corso_IoT,ESP_LEOPIZZI,Lecce,Stanza,-0.3738983050847458,-0.15898305084745773,0.8781355932203394,0.053728813559322026,1.8032203389830508,-0.18830508474576274,65.51864406779659,0,0,9.05084745762712,19.686440677966118
,,0,2025-12-01T22:40:00Z,2025-12-02T03:25:00Z,2025-12-02T00:47:27.5Z,corso_IoT,ESP_LEOPIZZI,Lecce,Stanza,-0.3748214285714286,-0.1592857142857144,0.878928571428572,0.0008928571428571472,1.775357142857143,-0.1960714285714285,65.5,0,0,6.660714285714286,19.69642857142859
,,0,2025-12-01T22:40:00Z,2025-12-02T03:25:00Z,2025-12-02T00:48:15Z,corso_IoT,ESP_LEOPIZZI,Lecce,Stanza,-0.3739655172413794,-0.15896551724137942,0.8767241379310349,0.06172413793103448,1.8189655172413794,-0.1787931034482759,65.49655172413793,0,0,9.758620689655173,19.70000000000002
,,0,2025-12-01T22:40:00Z,2025-12-02T03:25:00Z,2025-12-02T00:49:02.5Z,corso_IoT,ESP_LEOPIZZI,Lecce,Stanza,-0.375,-0.1581034482758622,0.8775862068965521,0.04879310344827585,1.807931034482759,-0.21000000000000002,65.46724137931037,0,0,8.155172413793103,19.70000000000002
,,0,2025-12-01T22:40:00Z,2025-12-02T03:25:00Z,2025-12-02T00:49:50Z,corso_IoT,ESP_LEOPIZZI,Lecce,Stanza,-0.3741379310344828,-0.15793103448275872,0.8775862068965522,0.0479310344827586,1.8089655172413797,-0.18224137931034487,65.40517241379317,0,0,9.189655172413794,19.70000000000002
,,0,2025-12-01T22:40:00Z,2025-12-02T03:25:00Z,2025-12-02T00:50:37.5Z,corso_IoT,ESP_LEOPIZZI,Lecce,Stanza,-0.3758620689655171,-0.15913793103448287,0.8786206896551728,0.00948275862068966,1.8141379310344832,-0.19758620689655182,65.40000000000006,0,0,9.051724137931034,19.70000000000002
,,0,2025-12-01T22:40:00Z,2025-12-02T03:25:00Z,2025-12-02T00:51:25Z,corso_IoT,ESP_LEOPIZZI,Lecce,Stanza,-0.37508771929824575,-0.15736842105263169,0.8787719298245622,0.07,1.8333333333333335,-0.2221052631578947,65.40000000000006,0,0,5.824561403508772,19.70000000000002
,,0,2025-12-01T22:40:00Z,2025-12-02T03:25:00Z,2025-12-02T00:52:12.5Z,corso_IoT,ESP_LEOPIZZI,Lecce,Stanza,-0.3774074074074074,-0.1575925925925927,0.8781481481481482,0.006851851851851855,1.8311111111111116,-0.20685185185185184,65.38148148148156,0,0,7.166666666666667,19.70000000000002
,,0,2025-12-01T22:40:00Z,2025-12-02T03:25:00Z,2025-12-02T00:53:00Z,corso_IoT,ESP_LEOPIZZI,Lecce,Stanza,-0.3770454545454547,-0.15795454545454557,0.8779545454545459,0.0036363636363636385,1.8022727272727268,-0.20636363636363636,65.30000000000003,0,0,6.431818181818182,19.700000000000014
,,0,2025-12-01T22:40:00Z,2025-12-02T03:25:00Z,2025-12-02T00:53:47.5Z,corso_IoT,ESP_LEOPIZZI,Lecce,Stanza,-0.3776086956521739,-0.15804347826086965,0.8786956521739131,0.05891304347826085,1.8060869565217395,-0.19586956521739135,65.28913043478265,0,0,3.130434782608696,19.700000000000017
,,0,2025-12-01T22:40:00Z,2025-12-02T03:25:00Z,2025-12-02T00:54:35Z,corso_IoT,ESP_LEOPIZZI,Lecce,Stanza,-0.37614035087719305,-0.1571929824561405,0.8784210526315797,0.021228070175438592,1.782280701754386,-0.20719298245614048,65.29473684210534,0,0,5.2105263157894735,19.70000000000002
,,0,2025-12-01T22:40:00Z,2025-12-02T03:25:00Z,2025-12-02T00:55:22.5Z,corso_IoT,ESP_LEOPIZZI,Lecce,Stanza,-0.37689655172413794,-0.15724137931034493,0.8781034482758628,0.06258620689655173,1.7915517241379315,-0.20275862068965508,65.25862068965509,0,0,8.96551724137931,19.70000000000002
,,0,2025-12-01T22:40:00Z,2025-12-02T03:25:00Z,2025-12-02T00:56:10Z,corso_IoT,ESP_LEOPIZZI,Lecce,Stanza,-0.3770175438596491,-0.15771929824561412,0.8792982456140357,0.05017543859649125,1.800701754385965,-0.2208771929824561,65.1947368421052,0,0,9.192982456140351,19.70000000000002
,,0,2025-12-01T22:40:00Z,2025-12-02T03:25:00Z,2025-12-02T00:56:57.5Z,corso_IoT,ESP_LEOPIZZI,Lecce,Stanza,-0.3763793103448278,-0.15896551724137942,0.8770689655172416,0.04931034482758618,1.7837931034482764,-0.18637931034482763,65.16724137931031,0,0,9.275862068965518,19.70000000000002
,,0,2025-12-01T22:40:00Z,2025-12-02T03:25:00Z,2025-12-02T00:57:45Z,corso_IoT,ESP_LEOPIZZI,Lecce,Stanza,-0.37736842105263146,-0.15771929824561412,0.8785964912280708,0.029122807017543863,1.7689473684210528,-0.1750877192982456,65.09999999999994,0,0,6.491228070175438,19.70000000000002
,,0,2025-12-01T22:40:00Z,2025-12-02T03:25:00Z,2025-12-02T00:58:32.5Z,corso_IoT,ESP_LEOPIZZI,Lecce,Stanza,-0.37728813559322055,-0.15745762711864417,0.877796610169492,0.04000000000000001,1.7805084745762714,-0.1805084745762713,65.09999999999994,0,0,6.694915254237288,19.70000000000002
,,0,2025-12-01T22:40:00Z,2025-12-02T03:25:00Z,2025-12-02T00:59:20Z,corso_IoT,ESP_LEOPIZZI,Lecce,Stanza,-0.3762068965517242,-0.15689655172413808,0.8791379310344832,0.05862068965517241,1.8482758620689657,-0.1905172413793104,65.09999999999994,0,0,6.689655172413793,19.686206896551738
,,0,2025-12-01T22:40:00Z,2025-12-02T03:25:00Z,2025-12-02T01:00:07.5Z,corso_IoT,ESP_LEOPIZZI,Lecce,Stanza,-0.3754545454545453,-0.15763636363636377,0.8781818181818184,0.03509090909090908,1.7907272727272727,-0.19963636363636358,65.09999999999994,0,0,8.818181818181818,19.692727272727293
,,0,2025-12-01T22:40:00Z,2025-12-02T03:25:00Z,2025-12-02T01:00:55Z,corso_IoT,ESP_LEOPIZZI,Lecce,Stanza,-0.37568181818181823,-0.1590909090909092,0.8779545454545452,0.08272727272727272,1.8190909090909095,-0.18977272727272732,65.09999999999995,0,0,5.4772727272727275,19.68636363636365
,,0,2025-12-01T22:40:00Z,2025-12-02T03:25:00Z,2025-12-02T01:01:42.5Z,corso_IoT,ESP_LEOPIZZI,Lecce,Stanza,-0.3765517241379309,-0.15827586206896563,0.8782758620689661,0.07051724137931034,1.8455172413793102,-0.19362068965517246,65.09999999999994,0,0,7.724137931034483,19.694827586206912
,,0,2025-12-01T22:40:00Z,2025-12-02T03:25:00Z,2025-12-02T01:02:30Z,corso_IoT,ESP_LEOPIZZI,Lecce,Stanza,-0.37596491228070184,-0.1585964912280703,0.8782456140350883,0.032280701754385965,1.8161403508771932,-0.1845614035087719,65.09999999999994,0,0,9.228070175438596,19.696491228070194
,,0,2025-12-01T22:40:00Z,2025-12-02T03:25:00Z,2025-12-02T01:03:17.5Z,corso_IoT,ESP_LEOPIZZI,Lecce,Stanza,-0.3771929824561403,-0.1585964912280703,0.8785964912280709,0.052105263157894724,1.7938596491228067,-0.20368421052631577,65.09999999999994,0,0,9.75438596491228,19.64210526315791
,,0,2025-12-01T22:40:00Z,2025-12-02T03:25:00Z,2025-12-02T01:04:05Z,corso_IoT,ESP_LEOPIZZI,Lecce,Stanza,-0.3773684210526315,-0.15789473684210537,0.8778947368421056,0.059122807017543855,1.8191228070175434,-0.19228070175438594,65.08947368421047,0,0,9.771929824561404,19.666666666666686
,,0,2025-12-01T22:40:00Z,2025-12-02T03:25:00Z,2025-12-02T01:04:52.5Z,corso_IoT,ESP_LEOPIZZI,Lecce,Stanza,-0.37758620689655165,-0.15862068965517254,0.8774137931034487,0.05741379310344827,1.7775862068965513,-0.20551724137931038,65.09482758620685,0,0,6.120689655172414,19.689655172413808
,,0,2025-12-01T22:40:00Z,2025-12-02T03:25:00Z,2025-12-02T01:05:40Z,corso_IoT,ESP_LEOPIZZI,Lecce,Stanza,-0.3774509803921569,-0.1584313725490197,0.8782352941176473,0.04627450980392157,1.7866666666666664,-0.19000000000000003,65.0490196078431,0,0,8.627450980392156,19.700000000000017
,,0,2025-12-01T22:40:00Z,2025-12-02T03:25:00Z,2025-12-02T01:06:27.5Z,corso_IoT,ESP_LEOPIZZI,Lecce,Stanza,-0.33473684210526305,-0.16070175438596504,0.8778947368421055,0.004561403508771933,1.7521052631578948,-0.14263157894736841,65,3.508771929824561,0,5.228070175438597,19.70000000000002
,,0,2025-12-01T22:40:00Z,2025-12-02T03:25:00Z,2025-12-02T01:07:15Z,corso_IoT,ESP_LEOPIZZI,Lecce,Stanza,-0.3267857142857142,-0.1567857142857144,0.8771428571428573,0.05017857142857142,1.8175000000000003,-0.17964285714285713,64.99464285714286,0,0,6.160714285714286,19.683928571428584
,,0,2025-12-01T22:40:00Z,2025-12-02T03:25:00Z,2025-12-02T01:08:02.5Z,corso_IoT,ESP_LEOPIZZI,Lecce,Stanza,-0.32777777777777783,-0.1555555555555556,0.8755555555555555,0.07666666666666669,1.8183333333333331,-0.18027777777777781,64.99166666666666,0,0,6.472222222222222,19.60833333333335
,,0,2025-12-01T22:40:00Z,2025-12-02T03:25:00Z,2025-12-02T01:08:50Z,corso_IoT,ESP_LEOPIZZI,Lecce,Stanza,-0.3269811320754716,-0.15830188679245294,0.877547169811321,0.0016981132075471687,1.8035849056603774,-0.15264150943396224,65.07924528301884,0,0,4.962264150943396,19.70000000000002
,,0,2025-12-01T22:40:00Z,2025-12-02T03:25:00Z,2025-12-02T01:09:37.5Z,corso_IoT,ESP_LEOPIZZI,Lecce,Stanza,-0.32596491228070174,-0.1566666666666668,0.875964912280702,0.04070175438596492,1.83,-0.18350877192982454,64.92807017543866,0,0,9.649122807017545,19.689473684210537
,,0,2025-12-01T22:40:00Z,2025-12-02T03:25:00Z,2025-12-02T01:10:25Z,corso_IoT,ESP_LEOPIZZI,Lecce,Stanza,-0.3247457627118645,-0.15661016949152554,0.8783050847457632,0.004576271186440675,1.7798305084745767,-0.16813559322033902,64.9254237288136,0,0,9.23728813559322,19.677966101694928
,,0,2025-12-01T22:40:00Z,2025-12-02T03:25:00Z,2025-12-02T01:11:12.5Z,corso_IoT,ESP_LEOPIZZI,Lecce,Stanza,-0.32543859649122814,-0.156842105263158,0.8780701754385966,0.01666666666666668,1.8007017543859651,-0.20403508771929826,64.90000000000006,0,0,6.157894736842105,19.696491228070197
,,0,2025-12-01T22:40:00Z,2025-12-02T03:25:00Z,2025-12-02T01:12:00Z,corso_IoT,ESP_LEOPIZZI,Lecce,Stanza,-0.32465517241379305,-0.15793103448275872,0.8770689655172416,0.012586206896551724,1.8320689655172417,-0.1855172413793103,64.90000000000006,0,0,6.068965517241379,19.64310344827587
,,0,2025-12-01T22:40:00Z,2025-12-02T03:25:00Z,2025-12-02T01:12:47.5Z,corso_IoT,ESP_LEOPIZZI,Lecce,Stanza,-0.3277966101694913,-0.1557627118644069,0.8764406779661021,0.17220338983050848,1.8532203389830517,-0.1733898305084746,64.90508474576276,0.847457627118644,0,9.322033898305085,19.68983050847459
,,0,2025-12-01T22:40:00Z,2025-12-02T03:25:00Z,2025-12-02T01:13:35Z,corso_IoT,ESP_LEOPIZZI,Lecce,Stanza,-0.32810344827586196,-0.15810344827586215,0.8765517241379314,0.058620689655172434,1.789655172413793,-0.18431034482758624,64.90000000000006,0,0,9.051724137931034,19.63448275862069
,,0,2025-12-01T22:40:00Z,2025-12-02T03:25:00Z,2025-12-02T01:14:22.5Z,corso_IoT,ESP_LEOPIZZI,Lecce,Stanza,-0.32863636363636367,-0.15750000000000008,0.8772727272727274,0.07477272727272728,1.8074999999999994,-0.19340909090909095,64.90000000000005,0,0,8.886363636363637,19.600000000000016
,,0,2025-12-01T22:40:00Z,2025-12-02T03:25:00Z,2025-12-02T01:15:10Z,corso_IoT,ESP_LEOPIZZI,Lecce,Stanza,-0.3277966101694914,-0.15898305084745773,0.876610169491526,0.03305084745762712,1.8147457627118644,-0.18474576271186435,64.90000000000006,0,0,7.288135593220339,19.600000000000005
,,0,2025-12-01T22:40:00Z,2025-12-02T03:25:00Z,2025-12-02T01:15:57.5Z,corso_IoT,ESP_LEOPIZZI,Lecce,Stanza,-0.32899999999999974,-0.15883333333333344,0.8766666666666671,0.04283333333333331,1.8206666666666673,-0.19849999999999998,64.90000000000006,0,0,8,19.600000000000005
,,0,2025-12-01T22:40:00Z,2025-12-02T03:25:00Z,2025-12-02T01:16:45Z,corso_IoT,ESP_LEOPIZZI,Lecce,Stanza,-0.32779661016949135,-0.15915254237288146,0.877966101694916,0.00016949152542373191,1.741016949152543,-0.21288135593220336,64.90000000000006,0,0,7.47457627118644,19.600000000000005
,,0,2025-12-01T22:40:00Z,2025-12-02T03:25:00Z,2025-12-02T01:17:32.5Z,corso_IoT,ESP_LEOPIZZI,Lecce,Stanza,-0.3288135593220337,-0.1576271186440679,0.8769491525423732,0.058135593220338976,1.800169491525424,-0.19016949152542376,64.8796610169492,0.847457627118644,0,6.661016949152542,19.600000000000005
,,0,2025-12-01T22:40:00Z,2025-12-02T03:25:00Z,2025-12-02T01:18:20Z,corso_IoT,ESP_LEOPIZZI,Lecce,Stanza,-0.32847457627118626,-0.158813559322034,0.8761016949152542,0.029830508474576283,1.7805084745762711,-0.17966101694915257,64.90000000000006,0,0,8.711864406779661,19.600000000000005
,,0,2025-12-01T22:40:00Z,2025-12-02T03:25:00Z,2025-12-02T01:19:07.5Z,corso_IoT,ESP_LEOPIZZI,Lecce,Stanza,-0.33766666666666684,-0.1625,0.8749999999999999,0.04149999999999999,1.7158333333333338,-0.16866666666666671,64.90000000000006,2.5,0,7.166666666666667,19.600000000000005
,,0,2025-12-01T22:40:00Z,2025-12-02T03:25:00Z,2025-12-02T01:19:55Z,corso_IoT,ESP_LEOPIZZI,Lecce,Stanza,-0.3459322033898305,-0.16999999999999996,0.8747457627118645,0.041355932203389845,1.8091525423728818,-0.15067796610169495,64.83728813559331,0,0,6.983050847457627,19.600000000000005
,,0,2025-12-01T22:40:00Z,2025-12-02T03:25:00Z,2025-12-02T01:20:42.5Z,corso_IoT,ESP_LEOPIZZI,Lecce,Stanza,-0.3477586206896552,-0.1698275862068965,0.8736206896551721,0.019310344827586205,1.8051724137931033,-0.1665517241379311,64.84655172413804,0,0,5.517241379310345,19.60000000000001
,,0,2025-12-01T22:40:00Z,2025-12-02T03:25:00Z,2025-12-02T01:21:30Z,corso_IoT,ESP_LEOPIZZI,Lecce,Stanza,-0.3472881355932204,-0.16999999999999996,0.8733898305084744,0.025423728813559324,1.8013559322033896,-0.16355932203389825,64.80000000000007,0,0,8.966101694915254,19.600000000000005
,,0,2025-12-01T22:40:00Z,2025-12-02T03:25:00Z,2025-12-02T01:22:17.5Z,corso_IoT,ESP_LEOPIZZI,Lecce,Stanza,-0.34762711864406787,-0.1696610169491525,0.8730508474576268,0.020508474576271175,1.828983050847457,-0.17067796610169492,64.80508474576277,0,0,9.338983050847459,19.600000000000005
,,0,2025-12-01T22:40:00Z,2025-12-02T03:25:00Z,2025-12-02T01:23:05Z,corso_IoT,ESP_LEOPIZZI,Lecce,Stanza,-0.34342857142857136,-0.15942857142857148,0.8771428571428571,0.24542857142857152,1.898857142857143,-0.22399999999999998,64.84285714285711,4.285714285714286,0,5.9714285714285715,19.600000000000012
,,0,2025-12-01T22:40:00Z,2025-12-02T03:25:00Z,2025-12-02T01:23:52.5Z,corso_IoT,ESP_LEOPIZZI,Lecce,Stanza,-0.33866666666666656,-0.1598333333333334,0.8776666666666672,0.06450000000000002,1.822666666666667,-0.1936666666666667,64.91000000000005,0,0,9.316666666666666,19.600000000000005
,,0,2025-12-01T22:40:00Z,2025-12-02T03:25:00Z,2025-12-02T01:24:40Z,corso_IoT,ESP_LEOPIZZI,Lecce,Stanza,-0.33777777777777773,-0.15977777777777785,0.8748888888888887,0.008666666666666656,1.7733333333333337,-0.15822222222222224,64.90000000000005,0,0,6.288888888888889,19.600000000000016
,,0,2025-12-01T22:40:00Z,2025-12-02T03:25:00Z,2025-12-02T01:25:27.5Z,corso_IoT,ESP_LEOPIZZI,Lecce,Stanza,-0.33520833333333333,-0.16020833333333342,0.875625,0.10625000000000001,1.8608333333333336,-0.16083333333333333,64.81458333333337,1.0416666666666667,0,8.333333333333334,19.637500000000006
,,0,2025-12-01T22:40:00Z,2025-12-02T03:25:00Z,2025-12-02T01:26:15Z,corso_IoT,ESP_LEOPIZZI,Lecce,Stanza,-0.3362711864406778,-0.16033898305084757,0.876101694915254,0.025423728813559317,1.8135593220338988,-0.20067796610169494,64.7355932203389,0,0,9.23728813559322,19.600000000000005
,,0,2025-12-01T22:40:00Z,2025-12-02T03:25:00Z,2025-12-02T01:27:02.5Z,corso_IoT,ESP_LEOPIZZI,Lecce,Stanza,-0.3405714285714284,-0.1622857142857143,0.8745714285714288,0.28428571428571425,1.8977142857142861,-0.1922857142857143,64.78857142857142,4.285714285714286,0,6.942857142857143,19.600000000000012
,,0,2025-12-01T22:40:00Z,2025-12-02T03:25:00Z,2025-12-02T01:27:50Z,corso_IoT,ESP_LEOPIZZI,Lecce,Stanza,-0.3466666666666665,-0.16955555555555551,0.8706666666666665,0.2206666666666667,1.9288888888888889,-0.1593333333333333,64.80000000000003,3.3333333333333335,0,6.488888888888889,19.600000000000016
,,0,2025-12-01T22:40:00Z,2025-12-02T03:25:00Z,2025-12-02T01:28:37.5Z,corso_IoT,ESP_LEOPIZZI,Lecce,Stanza,-0.3432727272727272,-0.17418181818181805,0.8725454545454542,0.011636363636363639,1.7640000000000005,-0.19909090909090912,64.80000000000005,0,0,8.709090909090909,19.600000000000012
,,0,2025-12-01T22:40:00Z,2025-12-02T03:25:00Z,2025-12-02T01:29:25Z,corso_IoT,ESP_LEOPIZZI,Lecce,Stanza,-0.34482758620689646,-0.174655172413793,0.8724137931034481,0.0018965517241379298,1.7496551724137934,-0.17327586206896545,64.79482758620694,0,0,5.931034482758621,19.60000000000001
,,0,2025-12-01T22:40:00Z,2025-12-02T03:25:00Z,2025-12-02T01:30:12.5Z,corso_IoT,ESP_LEOPIZZI,Lecce,Stanza,-0.344,-0.17381818181818173,0.8721818181818176,0.0792727272727273,1.854363636363636,-0.16763636363636364,64.71636363636357,0,0,7.872727272727273,19.600000000000012
,,0,2025-12-01T22:40:00Z,2025-12-02T03:25:00Z,2025-12-02T01:31:00Z,corso_IoT,ESP_LEOPIZZI,Lecce,Stanza,-0.3215517241379311,-0.15431034482758613,0.8796551724137928,-0.17706896551724138,1.9198275862068963,-0.18965517241379304,64.75344827586216,6.896551724137931,0,2.9655172413793105,19.60000000000001
,,0,2025-12-01T22:40:00Z,2025-12-02T03:25:00Z,2025-12-02T01:31:47.5Z,corso_IoT,ESP_LEOPIZZI,Lecce,Stanza,-0.2761363636363635,-0.11340909090909096,0.8900000000000005,0.056136363636363644,1.7988636363636354,-0.3556818181818183,64.81590909090912,0,0,4.2727272727272725,19.600000000000016
,,0,2025-12-01T22:40:00Z,2025-12-02T03:25:00Z,2025-12-02T01:32:35Z,corso_IoT,ESP_LEOPIZZI,Lecce,Stanza,-0.27068965517241367,-0.11068965517241378,0.8906896551724139,0.15655172413793103,1.7917241379310345,-0.296896551724138,64.79310344827583,0,0,2.6551724137931036,19.600000000000012
,,0,2025-12-01T22:40:00Z,2025-12-02T03:25:00Z,2025-12-02T01:33:22.5Z,corso_IoT,ESP_LEOPIZZI,Lecce,Stanza,-0.2694827586206894,-0.11017241379310355,0.8920689655172416,0.08051724137931032,1.8205172413793107,-0.2755172413793104,64.76379310344831,0,0,5.5344827586206895,19.5948275862069
,,0,2025-12-01T22:40:00Z,2025-12-02T03:25:00Z,2025-12-02T01:34:10Z,corso_IoT,ESP_LEOPIZZI,Lecce,Stanza,-0.2686666666666664,-0.10966666666666676,0.8928333333333335,0.06016666666666665,1.8016666666666663,-0.2985,64.75500000000005,0,0,9.116666666666667,19.575
,,0,2025-12-01T22:40:00Z,2025-12-02T03:25:00Z,2025-12-02T01:34:57.5Z,corso_IoT,ESP_LEOPIZZI,Lecce,Stanza,-0.26779661016949124,-0.10966101694915262,0.8933898305084744,0.06508474576271187,1.7827118644067799,-0.3238983050847458,64.76101694915246,0,0,9.23728813559322,19.600000000000005
,,0,2025-12-01T22:40:00Z,2025-12-02T03:25:00Z,2025-12-02T01:35:45Z,corso_IoT,ESP_LEOPIZZI,Lecce,Stanza,-0.2670491803278686,-0.1106557377049181,0.8918032786885248,0.19245901639344262,1.724262295081967,-0.28786885245901644,64.7655737704919,2.459016393442623,0,8.901639344262295,19.5344262295082
,,0,2025-12-01T22:40:00Z,2025-12-02T03:25:00Z,2025-12-02T01:36:32.5Z,corso_IoT,ESP_LEOPIZZI,Lecce,Stanza,-0.2698360655737702,-0.11147540983606567,0.8911475409836067,0.026721311475409848,1.8213114754098367,-0.28262295081967215,64.85409836065581,0,0,8.901639344262295,19.5
,,0,2025-12-01T22:40:00Z,2025-12-02T03:25:00Z,2025-12-02T01:37:20Z,corso_IoT,ESP_LEOPIZZI,Lecce,Stanza,-0.269259259259259,-0.11000000000000006,0.891851851851852,0.10018518518518518,1.9411111111111115,-0.2901851851851852,64.80000000000005,1.8518518518518519,0,8.981481481481481,19.5
,,0,2025-12-01T22:40:00Z,2025-12-02T03:25:00Z,2025-12-02T01:38:07.5Z,corso_IoT,ESP_LEOPIZZI,Lecce,Stanza,-0.2688524590163932,-0.1100000000000001,0.8916393442622953,0.06672131147540981,1.807377049180327,-0.3039344262295082,64.80000000000007,0,0,9,19.5
,,0,2025-12-01T22:40:00Z,2025-12-02T03:25:00Z,2025-12-02T01:38:55Z,corso_IoT,ESP_LEOPIZZI,Lecce,Stanza,-0.2685185185185182,-0.11037037037037045,0.8912962962962964,-0.006111111111111102,1.7846296296296298,-0.28611111111111115,64.80000000000005,0.9259259259259259,0,9.074074074074074,19.5
,,0,2025-12-01T22:40:00Z,2025-12-02T03:25:00Z,2025-12-02T01:39:42.5Z,corso_IoT,ESP_LEOPIZZI,Lecce,Stanza,-0.2688888888888887,-0.11027777777777774,0.8933333333333336,0.05416666666666667,1.7911111111111113,-0.25972222222222224,64.8,0,0,7.722222222222222,19.5
,,0,2025-12-01T22:40:00Z,2025-12-02T03:25:00Z,2025-12-02T01:40:30Z,corso_IoT,ESP_LEOPIZZI,Lecce,Stanza,-0.26624999999999976,-0.11041666666666672,0.8920833333333335,0.059166666666666666,1.78875,-0.2654166666666667,64.80000000000004,0,0,9.541666666666666,19.5
,,0,2025-12-01T22:40:00Z,2025-12-02T03:25:00Z,2025-12-02T01:41:17.5Z,corso_IoT,ESP_LEOPIZZI,Lecce,Stanza,-0.26584905660377334,-0.10981132075471706,0.8924528301886795,0.049056603773584916,1.8671698113207549,-0.27754716981132077,64.80000000000005,0,0,9.18867924528302,19.5
,,0,2025-12-01T22:40:00Z,2025-12-02T03:25:00Z,2025-12-02T01:42:05Z,corso_IoT,ESP_LEOPIZZI,Lecce,Stanza,-0.2664999999999999,-0.10950000000000004,0.8915000000000003,0.015999999999999993,1.7819999999999994,-0.31050000000000005,64.79999999999998,0,0,8.5,19.5
,,0,2025-12-01T22:40:00Z,2025-12-02T03:25:00Z,2025-12-02T01:42:52.5Z,corso_IoT,ESP_LEOPIZZI,Lecce,Stanza,-0.20729729729729726,-0.059729729729729744,0.9191891891891896,0.5667567567567569,-0.18567567567567556,-0.6516216216216218,64.8,13.513513513513514,0,7.756756756756757,19.5
,,0,2025-12-01T22:40:00Z,2025-12-02T03:25:00Z,2025-12-02T01:43:40Z,corso_IoT,ESP_LEOPIZZI,Lecce,Stanza,-0.15886792452830198,-0.07641509433962267,0.9249056603773588,-0.0009433962264150902,1.7611320754716981,-0.18698113207547173,64.80566037735854,0,0,8.679245283018869,19.5
,,0,2025-12-01T22:40:00Z,2025-12-02T03:25:00Z,2025-12-02T01:44:27.5Z,corso_IoT,ESP_LEOPIZZI,Lecce,Stanza,-0.1590909090909092,-0.07618181818181818,0.9276363636363638,0.07163636363636362,1.710545454545454,-0.22945454545454544,64.75818181818177,0,0,6.363636363636363,19.541818181818186
,,0,2025-12-01T22:40:00Z,2025-12-02T03:25:00Z,2025-12-02T01:45:15Z,corso_IoT,ESP_LEOPIZZI,Lecce,Stanza,-0.1600000000000001,-0.07693877551020409,0.9283673469387754,0.06877551020408162,1.645714285714286,-0.20979591836734707,64.69999999999996,0,0,9.040816326530612,19.600000000000016
,,0,2025-12-01T22:40:00Z,2025-12-02T03:25:00Z,2025-12-02T01:46:02.5Z,corso_IoT,ESP_LEOPIZZI,Lecce,Stanza,-0.15977272727272734,-0.07522727272727271,0.9290909090909092,0.04045454545454546,1.673409090909091,-0.24386363636363634,64.64999999999996,0,0,8.636363636363637,19.600000000000016
,,0,2025-12-01T22:40:00Z,2025-12-02T03:25:00Z,2025-12-02T01:46:50Z,corso_IoT,ESP_LEOPIZZI,Lecce,Stanza,-0.16018518518518526,-0.07555555555555557,0.9298148148148146,0.09092592592592595,1.5720370370370365,-0.2355555555555555,64.59999999999994,0,0,7.518518518518518,19.600000000000016
,,0,2025-12-01T22:40:00Z,2025-12-02T03:25:00Z,2025-12-02T01:47:37.5Z,corso_IoT,ESP_LEOPIZZI,Lecce,Stanza,-0.16027777777777785,-0.07500000000000001,0.9297222222222222,0.11694444444444446,1.5749999999999997,-0.28861111111111115,64.59999999999997,0,0,2.0277777777777777,19.600000000000012
,,0,2025-12-01T22:40:00Z,2025-12-02T03:25:00Z,2025-12-02T01:48:25Z,corso_IoT,ESP_LEOPIZZI,Lecce,Stanza,-0.1602941176470589,-0.07529411764705884,0.9302941176470587,0.05235294117647057,1.5452941176470585,-0.2391176470588235,64.59999999999997,0,0,1.8823529411764706,19.62058823529413
,,0,2025-12-01T22:40:00Z,2025-12-02T03:25:00Z,2025-12-02T01:49:12.5Z,corso_IoT,ESP_LEOPIZZI,Lecce,Stanza,-0.1600000000000001,-0.07428571428571429,0.9279591836734694,0.09448979591836734,1.5157142857142853,-0.309795918367347,64.58571428571423,0,0,4.673469387755102,19.64285714285716
,,0,2025-12-01T22:40:00Z,2025-12-02T03:25:00Z,2025-12-02T01:50:00Z,corso_IoT,ESP_LEOPIZZI,Lecce,Stanza,-0.160701754385965,-0.073859649122807,0.9284210526315791,0.08719298245614038,1.545438596491228,-0.32192982456140345,64.5315789473684,0,0,7.649122807017544,19.678947368421074
,,0,2025-12-01T22:40:00Z,2025-12-02T03:25:00Z,2025-12-02T01:50:47.5Z,corso_IoT,ESP_LEOPIZZI,Lecce,Stanza,-0.16080000000000008,-0.07379999999999998,0.9286,0.06780000000000001,1.5335999999999996,-0.3368,64.51599999999999,0,0,8.36,19.69000000000002
,,0,2025-12-01T22:40:00Z,2025-12-02T03:25:00Z,2025-12-02T01:51:35Z,corso_IoT,ESP_LEOPIZZI,Lecce,Stanza,-0.16049180327868862,-0.07377049180327869,0.9286885245901638,0.06606557377049181,1.4654098360655736,-0.3668852459016394,64.54590163934425,0,0,7.950819672131147,19.700000000000024
,,0,2025-12-01T22:40:00Z,2025-12-02T03:25:00Z,2025-12-02T01:52:22.5Z,corso_IoT,ESP_LEOPIZZI,Lecce,Stanza,-0.16117647058823537,-0.07274509803921567,0.9268627450980395,0.07745098039215684,1.4537254901960786,-0.34294117647058836,64.55686274509799,0,0,9.03921568627451,19.700000000000017
,,0,2025-12-01T22:40:00Z,2025-12-02T03:25:00Z,2025-12-02T01:53:10Z,corso_IoT,ESP_LEOPIZZI,Lecce,Stanza,-0.1621153846153847,-0.07307692307692305,0.9275000000000001,0.045000000000000005,1.5188461538461537,-0.33269230769230773,64.51346153846154,0,0,9.153846153846153,19.70000000000002
,,0,2025-12-01T22:40:00Z,2025-12-02T03:25:00Z,2025-12-02T01:53:57.5Z,corso_IoT,ESP_LEOPIZZI,Lecce,Stanza,-0.2023636363636365,-0.18018181818181822,0.9047272727272727,0.9307272727272725,2.7680000000000002,-0.4614545454545454,64.50545454545454,9.090909090909092,0,6.7272727272727275,19.70000000000002
,,0,2025-12-01T22:40:00Z,2025-12-02T03:25:00Z,2025-12-02T01:54:45Z,corso_IoT,ESP_LEOPIZZI,Lecce,Stanza,-0.21764705882352936,-0.32029411764705895,0.8576470588235292,0.06058823529411762,1.4008823529411767,-0.4538235294117648,64.47647058823532,0,0,8.970588235294118,19.688235294117653
,,0,2025-12-01T22:40:00Z,2025-12-02T03:25:00Z,2025-12-02T01:55:32.5Z,corso_IoT,ESP_LEOPIZZI,Lecce,Stanza,-0.21441176470588233,-0.32029411764705895,0.8564705882352941,0.12735294117647059,1.4332352941176472,-0.42558823529411766,64.42352941176475,0,0,3.735294117647059,19.632352941176478
,,0,2025-12-01T22:40:00Z,2025-12-02T03:25:00Z,2025-12-02T01:56:20Z,corso_IoT,ESP_LEOPIZZI,Lecce,Stanza,-0.21345454545454567,-0.319818181818182,0.8543636363636365,0.10345454545454548,1.5663636363636362,-0.4103636363636363,64.4327272727273,0,0,7.2727272727272725,19.600000000000012
,,0,2025-12-01T22:40:00Z,2025-12-02T03:25:00Z,2025-12-02T01:57:07.5Z,corso_IoT,ESP_LEOPIZZI,Lecce,Stanza,-0.2129032258064519,-0.3200000000000002,0.8535483870967746,0.09403225806451605,1.5285483870967747,-0.42983870967741933,64.5,0,0,9.241935483870968,19.6
,,0,2025-12-01T22:40:00Z,2025-12-02T03:25:00Z,2025-12-02T01:57:55Z,corso_IoT,ESP_LEOPIZZI,Lecce,Stanza,-0.2112962962962965,-0.3200000000000002,0.8514814814814822,0.11703703703703701,1.5809259259259258,-0.4122222222222223,64.46851851851855,0,0,8.981481481481481,19.600000000000016
,,0,2025-12-01T22:40:00Z,2025-12-02T03:25:00Z,2025-12-02T01:58:42.5Z,corso_IoT,ESP_LEOPIZZI,Lecce,Stanza,-0.21166666666666695,-0.3198333333333335,0.8523333333333339,0.11099999999999996,1.5816666666666668,-0.42283333333333334,64.40500000000006,0,0,8.766666666666667,19.595000000000002
,,0,2025-12-01T22:40:00Z,2025-12-02T03:25:00Z,2025-12-02T01:59:30Z,corso_IoT,ESP_LEOPIZZI,Lecce,Stanza,-0.21083333333333362,-0.3200000000000002,0.851333333333334,0.08149999999999999,1.5964999999999996,-0.38799999999999996,64.42833333333337,0,0,6.466666666666667,19.591666666666672
,,0,2025-12-01T22:40:00Z,2025-12-02T03:25:00Z,2025-12-02T02:00:17.5Z,corso_IoT,ESP_LEOPIZZI,Lecce,Stanza,-0.21000000000000027,-0.3200000000000002,0.8523728813559328,0.08559322033898303,1.601186440677966,-0.4183050847457626,64.406779661017,0,0,8.745762711864407,19.593220338983055
,,0,2025-12-01T22:40:00Z,2025-12-02T03:25:00Z,2025-12-02T02:01:05Z,corso_IoT,ESP_LEOPIZZI,Lecce,Stanza,-0.21000000000000027,-0.31983333333333347,0.8501666666666675,0.039000000000000014,1.6244999999999998,-0.39266666666666666,64.41500000000005,0,0,9.483333333333333,19.584999999999997
,,0,2025-12-01T22:40:00Z,2025-12-02T03:25:00Z,2025-12-02T02:01:52.5Z,corso_IoT,ESP_LEOPIZZI,Lecce,Stanza,-0.21020408163265322,-0.31959183673469405,0.8502040816326537,0.052448979591836725,1.6010204081632649,-0.3693877551020407,64.42857142857146,0,0,9.122448979591837,19.57142857142858
,,0,2025-12-01T22:40:00Z,2025-12-02T03:25:00Z,2025-12-02T02:02:40Z,corso_IoT,ESP_LEOPIZZI,Lecce,Stanza,-0.21000000000000024,-0.31982142857142876,0.8489285714285723,0.04803571428571429,1.6719642857142856,-0.4183928571428572,64.48928571428571,0,0,5.964285714285714,19.510714285714283
,,0,2025-12-01T22:40:00Z,2025-12-02T03:25:00Z,2025-12-02T02:03:27.5Z,corso_IoT,ESP_LEOPIZZI,Lecce,Stanza,-0.209137931034483,-0.31689655172413805,0.8506896551724145,-0.034655172413793116,1.8144827586206898,-0.3972413793103447,64.5,2.586206896551724,0,5.689655172413793,19.5
,,0,2025-12-01T22:40:00Z,2025-12-02T03:25:00Z,2025-12-02T02:04:15Z,corso_IoT,ESP_LEOPIZZI,Lecce,Stanza,-0.4192307692307694,-0.1553846153846154,0.915769230769231,2.109615384615385,1.5903846153846157,-1.4969230769230775,64.65769230769232,13.461538461538462,0,5.461538461538462,19.530769230769238
,,0,2025-12-01T22:40:00Z,2025-12-02T03:25:00Z,2025-12-02T02:05:02.5Z,corso_IoT,ESP_LEOPIZZI,Lecce,Stanza,-0.38704545454545475,-0.038636363636363656,0.914090909090909,0.020454545454545454,1.6922727272727272,-0.3772727272727272,64.58863636363633,0,0,5.2272727272727275,19.600000000000016
,,0,2025-12-01T22:40:00Z,2025-12-02T03:25:00Z,2025-12-02T02:05:50Z,corso_IoT,ESP_LEOPIZZI,Lecce,Stanza,-0.3878947368421055,-0.03929824561403511,0.914736842105263,0.07912280701754386,1.6880701754385965,-0.4175438596491229,64.53684210526315,0,0,7,19.594736842105277
,,0,2025-12-01T22:40:00Z,2025-12-02T03:25:00Z,2025-12-02T02:06:37.5Z,corso_IoT,ESP_LEOPIZZI,Lecce,Stanza,-0.3884482758620692,-0.03827586206896553,0.9148275862068967,0.08948275862068966,1.7227586206896548,-0.45000000000000007,64.44827586206901,0,0,4.086206896551724,19.60000000000001
,,0,2025-12-01T22:40:00Z,2025-12-02T03:25:00Z,2025-12-02T02:07:25Z,corso_IoT,ESP_LEOPIZZI,Lecce,Stanza,-0.38833333333333364,-0.039074074074074094,0.9155555555555559,0.019999999999999997,1.7355555555555555,-0.3961111111111111,64.40000000000006,0,0,5.5,19.600000000000016
,,0,2025-12-01T22:40:00Z,2025-12-02T03:25:00Z,2025-12-02T02:08:12.5Z,corso_IoT,ESP_LEOPIZZI,Lecce,Stanza,-0.38783333333333364,-0.03833333333333335,0.9144999999999996,0.06466666666666664,1.675166666666666,-0.39683333333333337,64.40000000000006,0,0,8.8,19.600000000000005
,,0,2025-12-01T22:40:00Z,2025-12-02T03:25:00Z,2025-12-02T02:09:00Z,corso_IoT,ESP_LEOPIZZI,Lecce,Stanza,-0.3875438596491231,-0.03842105263157896,0.9143859649122805,0.05052631578947369,1.7391228070175446,-0.4043859649122806,64.33508771929833,0,0,5.631578947368421,19.60000000000001
,,0,2025-12-01T22:40:00Z,2025-12-02T03:25:00Z,2025-12-02T02:09:47.5Z,corso_IoT,ESP_LEOPIZZI,Lecce,Stanza,-0.38795918367346965,-0.03775510204081635,0.9146938775510202,0.05448979591836735,1.7044897959183676,-0.38571428571428573,64.30000000000004,0,0,7.775510204081633,19.600000000000016
,,0,2025-12-01T22:40:00Z,2025-12-02T03:25:00Z,2025-12-02T02:10:35Z,corso_IoT,ESP_LEOPIZZI,Lecce,Stanza,-0.3881132075471701,-0.03716981132075474,0.9152830188679247,0.06415094339622643,1.69245283018868,-0.39207547169811324,64.3094339622642,0,0,9.20754716981132,19.59056603773586
,,0,2025-12-01T22:40:00Z,2025-12-02T03:25:00Z,2025-12-02T02:11:22.5Z,corso_IoT,ESP_LEOPIZZI,Lecce,Stanza,-0.38795918367346965,-0.0369387755102041,0.9138775510204079,0.06591836734693879,1.7263265306122442,-0.4124489795918367,64.3510204081633,0,0,9.204081632653061,19.54897959183674
,,0,2025-12-01T22:40:00Z,2025-12-02T03:25:00Z,2025-12-02T02:12:10Z,corso_IoT,ESP_LEOPIZZI,Lecce,Stanza,-0.38781818181818206,-0.03836363636363638,0.913636363636363,0.057454545454545446,1.7421818181818183,-0.38818181818181813,64.38363636363643,0,0,7.2727272727272725,19.51636363636364
,,0,2025-12-01T22:40:00Z,2025-12-02T03:25:00Z,2025-12-02T02:12:57.5Z,corso_IoT,ESP_LEOPIZZI,Lecce,Stanza,-0.3884745762711867,-0.03644067796610171,0.9138983050847456,0.01677966101694915,1.7383050847457633,-0.3922033898305084,64.40000000000006,0,0,5.864406779661017,19.5
,,0,2025-12-01T22:40:00Z,2025-12-02T03:25:00Z,2025-12-02T02:13:45Z,corso_IoT,ESP_LEOPIZZI,Lecce,Stanza,-0.3883636363636365,-0.03636363636363638,0.9134545454545452,0.03181818181818183,1.7152727272727273,-0.38781818181818184,64.40000000000006,0,0,9.2,19.5
,,0,2025-12-01T22:40:00Z,2025-12-02T03:25:00Z,2025-12-02T02:14:32.5Z,corso_IoT,ESP_LEOPIZZI,Lecce,Stanza,-0.3871186440677969,-0.035593220338983066,0.9142372881355927,0.06627118644067795,1.7525423728813558,-0.39118644067796626,64.40000000000006,0,0,9,19.5
,,0,2025-12-01T22:40:00Z,2025-12-02T03:25:00Z,2025-12-02T02:15:20Z,corso_IoT,ESP_LEOPIZZI,Lecce,Stanza,-0.38728813559322056,-0.03711864406779663,0.9152542372881356,0.023389830508474565,1.7467796610169493,-0.3923728813559321,64.40000000000006,0,0,9.677966101694915,19.5
,,0,2025-12-01T22:40:00Z,2025-12-02T03:25:00Z,2025-12-02T02:16:07.5Z,corso_IoT,ESP_LEOPIZZI,Lecce,Stanza,-0.3864406779661019,-0.03779661016949153,0.9127118644067792,0.022372881355932194,1.785762711864407,-0.41525423728813565,64.40000000000006,0,0,7.745762711864407,19.5
,,0,2025-12-01T22:40:00Z,2025-12-02T03:25:00Z,2025-12-02T02:16:55Z,corso_IoT,ESP_LEOPIZZI,Lecce,Stanza,-0.3865000000000002,-0.03716666666666668,0.9138333333333333,0.06966666666666668,1.7623333333333333,-0.39866666666666656,64.40000000000006,0,0,5.166666666666667,19.5
,,0,2025-12-01T22:40:00Z,2025-12-02T03:25:00Z,2025-12-02T02:17:42.5Z,corso_IoT,ESP_LEOPIZZI,Lecce,Stanza,-0.3868518518518521,-0.03722222222222224,0.9138888888888885,0.045370370370370366,1.7750000000000001,-0.39092592592592595,64.3944444444445,0,0,4.574074074074074,19.5
,,0,2025-12-01T22:40:00Z,2025-12-02T03:25:00Z,2025-12-02T02:18:30Z,corso_IoT,ESP_LEOPIZZI,Lecce,Stanza,-0.38704918032786906,-0.036393442622950835,0.9129508196721304,0.05901639344262294,1.7806557377049184,-0.3896721311475409,64.40000000000006,0,0,9.426229508196721,19.5
,,0,2025-12-01T22:40:00Z,2025-12-02T03:25:00Z,2025-12-02T02:19:17.5Z,corso_IoT,ESP_LEOPIZZI,Lecce,Stanza,-0.3861666666666669,-0.03666666666666669,0.913166666666666,0.037666666666666675,1.8051666666666673,-0.38650000000000007,64.39500000000005,0,0,9.166666666666666,19.5
,,0,2025-12-01T22:40:00Z,2025-12-02T03:25:00Z,2025-12-02T02:20:05Z,corso_IoT,ESP_LEOPIZZI,Lecce,Stanza,-0.3871186440677968,-0.0369491525423729,0.914237288135593,0.061864406779661006,1.7852542372881353,-0.39728813559322024,64.39491525423735,0,0,9.59322033898305,19.5
,,0,2025-12-01T22:40:00Z,2025-12-02T03:25:00Z,2025-12-02T02:20:52.5Z,corso_IoT,ESP_LEOPIZZI,Lecce,Stanza,-0.38721311475409864,-0.03672131147540986,0.9144262295081965,0.06344262295081968,1.7762295081967214,-0.3893442622950819,64.3622950819673,0,0,9.344262295081966,19.5
,,0,2025-12-01T22:40:00Z,2025-12-02T03:25:00Z,2025-12-02T02:21:40Z,corso_IoT,ESP_LEOPIZZI,Lecce,Stanza,-0.3874074074074076,-0.03685185185185188,0.9127777777777772,0.04833333333333331,1.7933333333333337,-0.3612962962962964,64.39259259259266,0,0,8.61111111111111,19.5
,,0,2025-12-01T22:40:00Z,2025-12-02T03:25:00Z,2025-12-02T02:22:27.5Z,corso_IoT,ESP_LEOPIZZI,Lecce,Stanza,-0.38706896551724157,-0.0370689655172414,0.9132758620689652,0.06275862068965517,1.7736206896551727,-0.4079310344827586,64.36379310344836,0,0,8.5,19.5
,,0,2025-12-01T22:40:00Z,2025-12-02T03:25:00Z,2025-12-02T02:23:15Z,corso_IoT,ESP_LEOPIZZI,Lecce,Stanza,-0.3867796610169494,-0.03610169491525425,0.9137288135593219,0.029661016949152547,1.8089830508474583,-0.4,64.26271186440673,0,0,8.847457627118644,19.5
,,0,2025-12-01T22:40:00Z,2025-12-02T03:25:00Z,2025-12-02T02:24:02.5Z,corso_IoT,ESP_LEOPIZZI,Lecce,Stanza,-0.3858490566037738,-0.03566037735849059,0.9158490566037737,0.017924528301886795,1.7784905660377357,-0.36396226415094346,64.26603773584914,0,0,9.056603773584905,19.5
,,0,2025-12-01T22:40:00Z,2025-12-02T03:25:00Z,2025-12-02T02:24:50Z,corso_IoT,ESP_LEOPIZZI,Lecce,Stanza,-0.3863333333333335,-0.03733333333333335,0.9128333333333328,0.048499999999999995,1.8071666666666673,-0.3950000000000001,64.30500000000008,0,0,8.866666666666667,19.5
,,0,2025-12-01T22:40:00Z,2025-12-02T03:25:00Z,2025-12-02T02:25:37.5Z,corso_IoT,ESP_LEOPIZZI,Lecce,Stanza,-0.38633333333333353,-0.036500000000000005,0.912166666666666,0.06466666666666666,1.7965000000000009,-0.36883333333333324,64.30000000000007,0,0,9.55,19.5
,,0,2025-12-01T22:40:00Z,2025-12-02T03:25:00Z,2025-12-02T02:26:25Z,corso_IoT,ESP_LEOPIZZI,Lecce,Stanza,-0.3866101694915256,-0.03661016949152544,0.9132203389830507,0.07050847457627121,1.7659322033898304,-0.3806779661016949,64.20508474576265,0,0,9.271186440677965,19.5
,,0,2025-12-01T22:40:00Z,2025-12-02T03:25:00Z,2025-12-02T02:27:12.5Z,corso_IoT,ESP_LEOPIZZI,Lecce,Stanza,-0.38604651162790715,-0.03697674418604653,0.9132558139534883,0.05093023255813953,1.7913953488372094,-0.3972093023255814,64.24418604651156,0,0,8.837209302325581,19.5
,,0,2025-12-01T22:40:00Z,2025-12-02T03:25:00Z,2025-12-02T02:28:00Z,corso_IoT,ESP_LEOPIZZI,Lecce,Stanza,-0.3859459459459462,-0.03594594594594597,0.9116216216216217,0.01567567567567568,1.7613513513513515,-0.4005405405405404,64.2,0,0,8.675675675675675,19.5
,,0,2025-12-01T22:40:00Z,2025-12-02T03:25:00Z,2025-12-02T02:28:47.5Z,corso_IoT,ESP_LEOPIZZI,Lecce,Stanza,-0.38592592592592606,-0.03518518518518521,0.9135185185185182,0.05722222222222221,1.784444444444445,-0.3962962962962964,64.19999999999995,0,0,9.018518518518519,19.5
,,0,2025-12-01T22:40:00Z,2025-12-02T03:25:00Z,2025-12-02T02:29:35Z,corso_IoT,ESP_LEOPIZZI,Lecce,Stanza,-0.38642857142857157,-0.03535714285714287,0.9157142857142863,-0.009999999999999997,1.8328571428571425,-0.3810714285714285,64.20000000000003,0,0,8.714285714285714,19.5
,,0,2025-12-01T22:40:00Z,2025-12-02T03:25:00Z,2025-12-02T02:30:22.5Z,corso_IoT,ESP_LEOPIZZI,Lecce,Stanza,-0.3870689655172417,-0.03603448275862071,0.9137931034482754,0.05896551724137931,1.7868965517241377,-0.3800000000000001,64.19999999999993,0,0,8.758620689655173,19.5
,,0,2025-12-01T22:40:00Z,2025-12-02T03:25:00Z,2025-12-02T02:31:10Z,corso_IoT,ESP_LEOPIZZI,Lecce,Stanza,-0.3864406779661018,-0.035932203389830525,0.912711864406779,0.017966101694915252,1.793559322033899,-0.36559322033898306,64.19999999999993,0,0,9.101694915254237,19.5
,,0,2025-12-01T22:40:00Z,2025-12-02T03:25:00Z,2025-12-02T02:31:57.5Z,corso_IoT,ESP_LEOPIZZI,Lecce,Stanza,-0.3863157894736844,-0.03508771929824564,0.9136842105263155,0.06508771929824561,1.7610526315789476,-0.3654385964912279,64.19999999999993,0,0,8.894736842105264,19.49473684210526
,,0,2025-12-01T22:40:00Z,2025-12-02T03:25:00Z,2025-12-02T02:32:45Z,corso_IoT,ESP_LEOPIZZI,Lecce,Stanza,-0.3860000000000001,-0.03600000000000002,0.9138333333333327,0.034499999999999996,1.765333333333334,-0.3638333333333333,64.19999999999993,0,0,7.683333333333334,19.494999999999997
,,0,2025-12-01T22:40:00Z,2025-12-02T03:25:00Z,2025-12-02T02:33:32.5Z,corso_IoT,ESP_LEOPIZZI,Lecce,Stanza,-0.3870000000000002,-0.03600000000000002,0.9129999999999997,0.028500000000000008,1.8056666666666668,-0.36366666666666664,64.19999999999993,0,0,8.783333333333333,19.494999999999997
,,0,2025-12-01T22:40:00Z,2025-12-02T03:25:00Z,2025-12-02T02:34:20Z,corso_IoT,ESP_LEOPIZZI,Lecce,Stanza,-0.38542372881355946,-0.035593220338983066,0.9140677966101693,0.041864406779660995,1.8038983050847461,-0.39796610169491536,64.19999999999993,0,0,9.186440677966102,19.472881355932206
,,0,2025-12-01T22:40:00Z,2025-12-02T03:25:00Z,2025-12-02T02:35:07.5Z,corso_IoT,ESP_LEOPIZZI,Lecce,Stanza,-0.3862962962962964,-0.03722222222222224,0.9131481481481477,0.013888888888888902,1.7903703703703708,-0.36722222222222217,64.19999999999995,0,0,8.88888888888889,19.399999999999984
,,0,2025-12-01T22:40:00Z,2025-12-02T03:25:00Z,2025-12-02T02:35:55Z,corso_IoT,ESP_LEOPIZZI,Lecce,Stanza,-0.38509433962264156,-0.035660377358490584,0.9137735849056605,0.05339622641509434,1.8466037735849063,-0.36188679245283023,64.19999999999995,0,0,5.754716981132075,19.399999999999984
,,0,2025-12-01T22:40:00Z,2025-12-02T03:25:00Z,2025-12-02T02:36:42.5Z,corso_IoT,ESP_LEOPIZZI,Lecce,Stanza,-0.3866101694915256,-0.03661016949152545,0.9132203389830504,0.004915254237288134,1.8006779661016956,-0.3861016949152543,64.19999999999993,0,0,4.576271186440678,19.399999999999995
,,0,2025-12-01T22:40:00Z,2025-12-02T03:25:00Z,2025-12-02T02:37:30Z,corso_IoT,ESP_LEOPIZZI,Lecce,Stanza,-0.3864406779661019,-0.03661016949152544,0.9138983050847456,0.03847457627118644,1.813728813559322,-0.37542372881355923,64.19999999999993,0,0,8.084745762711865,19.399999999999995
,,0,2025-12-01T22:40:00Z,2025-12-02T03:25:00Z,2025-12-02T02:38:17.5Z,corso_IoT,ESP_LEOPIZZI,Lecce,Stanza,-0.3861016949152543,-0.03711864406779662,0.9128813559322027,0.051694915254237285,1.806440677966102,-0.39830508474576276,64.19999999999993,0,0,9.254237288135593,19.399999999999995
,,0,2025-12-01T22:40:00Z,2025-12-02T03:25:00Z,2025-12-02T02:39:05Z,corso_IoT,ESP_LEOPIZZI,Lecce,Stanza,-0.38550000000000023,-0.03600000000000002,0.9124999999999992,0.07316666666666667,1.8040000000000005,-0.35933333333333345,64.19999999999993,0,0,5.783333333333333,19.399999999999995
,,0,2025-12-01T22:40:00Z,2025-12-02T03:25:00Z,2025-12-02T02:39:52.5Z,corso_IoT,ESP_LEOPIZZI,Lecce,Stanza,-0.38533333333333347,-0.03533333333333334,0.9129999999999991,0.061166666666666675,1.8063333333333342,-0.3888333333333334,64.19999999999993,0,0,8.716666666666667,19.399999999999995
,,0,2025-12-01T22:40:00Z,2025-12-02T03:25:00Z,2025-12-02T02:40:40Z,corso_IoT,ESP_LEOPIZZI,Lecce,Stanza,-0.3855172413793106,-0.03465517241379312,0.9143103448275861,0.02344827586206897,1.8146551724137931,-0.3855172413793103,64.19999999999993,0,0,9.362068965517242,19.39999999999999
,,0,2025-12-01T22:40:00Z,2025-12-02T03:25:00Z,2025-12-02T02:41:27.5Z,corso_IoT,ESP_LEOPIZZI,Lecce,Stanza,-0.3849152542372883,-0.03661016949152544,0.9135593220338979,0.029661016949152533,1.8022033898305092,-0.3647457627118643,64.19999999999993,0,0,9.288135593220339,19.399999999999995
,,0,2025-12-01T22:40:00Z,2025-12-02T03:25:00Z,2025-12-02T02:42:15Z,corso_IoT,ESP_LEOPIZZI,Lecce,Stanza,-0.38500000000000023,-0.0352777777777778,0.9130555555555557,0.03666666666666666,1.845277777777778,-0.3963888888888889,64.2,0,0,9.333333333333334,19.399999999999988
,,0,2025-12-01T22:40:00Z,2025-12-02T03:25:00Z,2025-12-02T02:43:02.5Z,corso_IoT,ESP_LEOPIZZI,Lecce,Stanza,-0.3862222222222224,-0.035333333333333355,0.914666666666667,0.05088888888888888,1.8435555555555563,-0.37177777777777776,64.19999999999997,0,0,8.533333333333333,19.399999999999984
,,0,2025-12-01T22:40:00Z,2025-12-02T03:25:00Z,2025-12-02T02:43:50Z,corso_IoT,ESP_LEOPIZZI,Lecce,Stanza,-0.3854098360655739,-0.035737704918032805,0.9131147540983597,0.034590163934426224,1.7872131147540986,-0.38426229508196735,64.19999999999993,0,0,6.524590163934426,19.4
,,0,2025-12-01T22:40:00Z,2025-12-02T03:25:00Z,2025-12-02T02:44:37.5Z,corso_IoT,ESP_LEOPIZZI,Lecce,Stanza,-0.3858490566037738,-0.035660377358490584,0.9139622641509431,0.03377358490566038,1.8058490566037744,-0.3705660377358491,64.19999999999995,0,0,5.245283018867925,19.399999999999984
,,0,2025-12-01T22:40:00Z,2025-12-02T03:25:00Z,2025-12-02T02:45:25Z,corso_IoT,ESP_LEOPIZZI,Lecce,Stanza,-0.38650000000000023,-0.03433333333333335,0.9134999999999995,0.053166666666666654,1.8135000000000008,-0.3871666666666667,64.19999999999993,0,0,8.65,19.399999999999995
,,0,2025-12-01T22:40:00Z,2025-12-02T03:25:00Z,2025-12-02T02:46:12.5Z,corso_IoT,ESP_LEOPIZZI,Lecce,Stanza,-0.386065573770492,-0.03524590163934427,0.912786885245901,0.054098360655737705,1.8209836065573766,-0.37524590163934424,64.19999999999993,0,0,9.180327868852459,19.4
,,0,2025-12-01T22:40:00Z,2025-12-02T03:25:00Z,2025-12-02T02:47:00Z,corso_IoT,ESP_LEOPIZZI,Lecce,Stanza,-0.3857627118644069,-0.034915254237288154,0.9135593220338977,0.05728813559322032,1.8052542372881362,-0.34406779661016945,64.19999999999993,0,0,5.254237288135593,19.399999999999995
,,0,2025-12-01T22:40:00Z,2025-12-02T03:25:00Z,2025-12-02T02:47:47.5Z,corso_IoT,ESP_LEOPIZZI,Lecce,Stanza,-0.3867924528301889,-0.0347169811320755,0.9132075471698108,0.04886792452830188,1.7543396226415093,-0.39886792452830183,64.19999999999995,0,0,6.7924528301886795,19.399999999999984
,,0,2025-12-01T22:40:00Z,2025-12-02T03:25:00Z,2025-12-02T02:48:35Z,corso_IoT,ESP_LEOPIZZI,Lecce,Stanza,-0.38466666666666677,-0.03433333333333335,0.9141666666666666,0.0010000000000000085,1.8206666666666675,-0.3711666666666667,64.19999999999993,0,0,8.9,19.399999999999995
,,0,2025-12-01T22:40:00Z,2025-12-02T03:25:00Z,2025-12-02T02:49:22.5Z,corso_IoT,ESP_LEOPIZZI,Lecce,Stanza,-0.3854237288135594,-0.0357627118644068,0.9138983050847455,0.03271186440677967,1.8111864406779663,-0.3732203389830508,64.19999999999993,0,0,4.830508474576271,19.399999999999995
,,0,2025-12-01T22:40:00Z,2025-12-02T03:25:00Z,2025-12-02T02:50:10Z,corso_IoT,ESP_LEOPIZZI,Lecce,Stanza,-0.38466666666666677,-0.03600000000000002,0.9143333333333333,0.060500000000000005,1.7905000000000004,-0.39166666666666666,64.19999999999993,0,0,4.2,19.399999999999995
,,0,2025-12-01T22:40:00Z,2025-12-02T03:25:00Z,2025-12-02T02:50:57.5Z,corso_IoT,ESP_LEOPIZZI,Lecce,Stanza,-0.3849152542372883,-0.03474576271186443,0.9132203389830504,0.049830508474576256,1.8220338983050852,-0.334406779661017,64.19999999999993,0,0,8.983050847457626,19.399999999999995
,,0,2025-12-01T22:40:00Z,2025-12-02T03:25:00Z,2025-12-02T02:51:45Z,corso_IoT,ESP_LEOPIZZI,Lecce,Stanza,-0.3862295081967216,-0.034590163934426245,0.9140983606557376,0.05278688524590163,1.8100000000000005,-0.36065573770491816,64.19999999999993,0,0,9.163934426229508,19.4
,,0,2025-12-01T22:40:00Z,2025-12-02T03:25:00Z,2025-12-02T02:52:32.5Z,corso_IoT,ESP_LEOPIZZI,Lecce,Stanza,-0.3846296296296299,-0.036111111111111135,0.9135185185185182,0.03333333333333334,1.7742592592592592,-0.3857407407407407,64.19999999999995,0,0,8.981481481481481,19.399999999999984
,,0,2025-12-01T22:40:00Z,2025-12-02T03:25:00Z,2025-12-02T02:53:20Z,corso_IoT,ESP_LEOPIZZI,Lecce,Stanza,-0.3853191489361704,-0.0370212765957447,0.9144680851063832,-0.0027659574468085154,1.7923404255319153,-0.4225531914893617,64.19999999999996,0,0,9.170212765957446,19.399999999999984
,,0,2025-12-01T22:40:00Z,2025-12-02T03:25:00Z,2025-12-02T02:54:07.5Z,corso_IoT,ESP_LEOPIZZI,Lecce,Stanza,-0.38471698113207575,-0.03471698113207549,0.9143396226415094,0.06433962264150944,1.7984905660377357,-0.37754716981132064,64.19999999999995,0,0,8.716981132075471,19.399999999999984
,,0,2025-12-01T22:40:00Z,2025-12-02T03:25:00Z,2025-12-02T02:54:55Z,corso_IoT,ESP_LEOPIZZI,Lecce,Stanza,-0.3015517241379306,-0.28810344827586226,0.8553448275862071,0.31896551724137934,2.8884482758620686,-0.29568965517241375,64.42241379310343,10.344827586206897,0,6.5,19.39999999999999
,,0,2025-12-01T22:40:00Z,2025-12-02T03:25:00Z,2025-12-02T02:55:42.5Z,corso_IoT,ESP_LEOPIZZI,Lecce,Stanza,-0.2899999999999996,-0.38508771929824587,0.8335087719298243,0.05789473684210526,1.779824561403509,-0.3277192982456141,64.39122807017552,0,0,9.192982456140351,19.39999999999999
,,0,2025-12-01T22:40:00Z,2025-12-02T03:25:00Z,2025-12-02T02:56:30Z,corso_IoT,ESP_LEOPIZZI,Lecce,Stanza,-0.28999999999999965,-0.3840425531914896,0.83531914893617,0.06617021276595743,1.8170212765957447,-0.3417021276595744,64.2170212765957,0,0,3.3191489361702127,19.399999999999984
,,0,2025-12-01T22:40:00Z,2025-12-02T03:25:00Z,2025-12-02T02:57:17.5Z,corso_IoT,ESP_LEOPIZZI,Lecce,Stanza,-0.2898076923076919,-0.3863461538461541,0.8330769230769228,0.04923076923076923,1.817692307692308,-0.31942307692307703,64.19999999999995,0,0,5.576923076923077,19.399999999999984
,,0,2025-12-01T22:40:00Z,2025-12-02T03:25:00Z,2025-12-02T02:58:05Z,corso_IoT,ESP_LEOPIZZI,Lecce,Stanza,-0.2899999999999996,-0.38586206896551745,0.8343103448275863,0.04465517241379312,1.8260344827586208,-0.36241379310344823,64.19999999999993,0,0,8.948275862068966,19.39999999999999
,,0,2025-12-01T22:40:00Z,2025-12-02T03:25:00Z,2025-12-02T02:58:52.5Z,corso_IoT,ESP_LEOPIZZI,Lecce,Stanza,-0.28949152542372836,-0.3869491525423731,0.8337288135593218,0.05966101694915255,1.7803389830508478,-0.3559322033898305,64.21694915254234,0,0,8.610169491525424,19.399999999999995
,,0,2025-12-01T22:40:00Z,2025-12-02T03:25:00Z,2025-12-02T02:59:40Z,corso_IoT,ESP_LEOPIZZI,Lecce,Stanza,-0.28999999999999954,-0.3856666666666669,0.835166666666667,0.0755,1.8176666666666668,-0.3295000000000001,64.20333333333326,0,0,6.65,19.399999999999995
,,0,2025-12-01T22:40:00Z,2025-12-02T03:25:00Z,2025-12-02T03:00:27.5Z,corso_IoT,ESP_LEOPIZZI,Lecce,Stanza,-0.2901666666666662,-0.38616666666666694,0.834333333333333,0.04500000000000001,1.8576666666666668,-0.3478333333333333,64.19999999999993,0,0,8.866666666666667,19.399999999999995
,,0,2025-12-01T22:40:00Z,2025-12-02T03:25:00Z,2025-12-02T03:01:15Z,corso_IoT,ESP_LEOPIZZI,Lecce,Stanza,-0.2898148148148144,-0.3864814814814817,0.8357407407407408,0.05759259259259259,1.8177777777777777,-0.35370370370370374,64.19999999999995,0,0,9.444444444444445,19.399999999999984
,,0,2025-12-01T22:40:00Z,2025-12-02T03:25:00Z,2025-12-02T03:02:02.5Z,corso_IoT,ESP_LEOPIZZI,Lecce,Stanza,-0.2902325581395346,-0.3862790697674421,0.8341860465116273,0.0430232558139535,1.8295348837209309,-0.3325581395348838,64.21627906976748,0,0,9.116279069767442,19.399999999999984
,,0,2025-12-01T22:40:00Z,2025-12-02T03:25:00Z,2025-12-02T03:02:50Z,corso_IoT,ESP_LEOPIZZI,Lecce,Stanza,-0.28999999999999987,-0.3880645161290324,0.8341935483870964,0.0467741935483871,1.8135483870967737,-0.3277419354838709,64.35483870967745,0,0,8.548387096774194,19.399999999999988
,,0,2025-12-01T22:40:00Z,2025-12-02T03:25:00Z,2025-12-02T03:03:37.5Z,corso_IoT,ESP_LEOPIZZI,Lecce,Stanza,-0.2897916666666663,-0.3870833333333336,0.8349999999999999,0.06729166666666665,1.7672916666666667,-0.34874999999999995,64.33333333333339,0,0,3.1041666666666665,19.399999999999984
,,0,2025-12-01T22:40:00Z,2025-12-02T03:25:00Z,2025-12-02T03:04:25Z,corso_IoT,ESP_LEOPIZZI,Lecce,Stanza,-0.28999999999999954,-0.38688524590163953,0.8337704918032784,0.07508196721311475,1.8240983606557375,-0.361967213114754,64.28524590163936,0,0,6.655737704918033,19.4
,,0,2025-12-01T22:40:00Z,2025-12-02T03:25:00Z,2025-12-02T03:05:12.5Z,corso_IoT,ESP_LEOPIZZI,Lecce,Stanza,-0.28999999999999976,-0.38648648648648676,0.835405405405405,0.04513513513513513,1.777567567567567,-0.38297297297297295,64.22162162162167,0,0,3.2432432432432434,19.399999999999988
,,0,2025-12-01T22:40:00Z,2025-12-02T03:25:00Z,2025-12-02T03:06:00Z,corso_IoT,ESP_LEOPIZZI,Lecce,Stanza,-0.2899999999999997,-0.3864285714285717,0.8359523809523809,0.13166666666666674,1.762857142857143,-0.33880952380952384,64.22380952380949,0,0,4.738095238095238,19.399999999999984
,,0,2025-12-01T22:40:00Z,2025-12-02T03:25:00Z,2025-12-02T03:06:47.5Z,corso_IoT,ESP_LEOPIZZI,Lecce,Stanza,-0.28981132075471655,-0.38716981132075495,0.8350943396226415,0.04924528301886792,1.808301886792453,-0.35320754716981134,64.19999999999995,0,0,4.547169811320755,19.399999999999984
,,0,2025-12-01T22:40:00Z,2025-12-02T03:25:00Z,2025-12-02T03:07:35Z,corso_IoT,ESP_LEOPIZZI,Lecce,Stanza,-0.22818181818181815,-0.25704545454545474,0.8536363636363634,0.17409090909090913,2.021818181818182,-1.0359090909090911,64.34772727272734,5.681818181818182,0,8.613636363636363,19.399999999999984
,,0,2025-12-01T22:40:00Z,2025-12-02T03:25:00Z,2025-12-02T03:08:22.5Z,corso_IoT,ESP_LEOPIZZI,Lecce,Stanza,-0.24983333333333332,-0.21600000000000025,0.8583333333333331,0.035333333333333335,1.7975000000000003,-0.32433333333333353,64.36833333333342,0,0,9.283333333333333,19.399999999999995
,,0,2025-12-01T22:40:00Z,2025-12-02T03:25:00Z,2025-12-02T03:09:10Z,corso_IoT,ESP_LEOPIZZI,Lecce,Stanza,-0.2468518518518519,-0.21314814814814836,0.8585185185185182,0.04000000000000001,1.7807407407407412,-0.31888888888888894,64.30000000000005,0,0,9.37037037037037,19.399999999999984
,,0,2025-12-01T22:40:00Z,2025-12-02T03:25:00Z,2025-12-02T03:09:57.5Z,corso_IoT,ESP_LEOPIZZI,Lecce,Stanza,-0.24111111111111128,-0.21037037037037057,0.8598148148148146,0.0787037037037037,1.7612962962962972,-0.3157407407407407,64.21111111111105,0,0,5.407407407407407,19.399999999999984
,,0,2025-12-01T22:40:00Z,2025-12-02T03:25:00Z,2025-12-02T03:10:45Z,corso_IoT,ESP_LEOPIZZI,Lecce,Stanza,-0.24050847457627136,-0.21000000000000027,0.8596610169491523,0.05237288135593221,1.7993220338983054,-0.3420338983050846,64.1796610169491,0,0,7.966101694915254,19.399999999999995
,,0,2025-12-01T22:40:00Z,2025-12-02T03:25:00Z,2025-12-02T03:11:32.5Z,corso_IoT,ESP_LEOPIZZI,Lecce,Stanza,-0.2402272727272729,-0.20977272727272736,0.8599999999999995,0.036818181818181805,1.7443181818181812,-0.3138636363636363,64.19999999999997,0,0,8.954545454545455,19.399999999999984
,,0,2025-12-01T22:40:00Z,2025-12-02T03:25:00Z,2025-12-02T03:12:20Z,corso_IoT,ESP_LEOPIZZI,Lecce,Stanza,-0.23879310344827603,-0.20844827586206915,0.8603448275862063,0.0560344827586207,1.7498275862068964,-0.3544827586206896,64.19999999999993,0,0,6.0344827586206895,19.39999999999999
,,0,2025-12-01T22:40:00Z,2025-12-02T03:25:00Z,2025-12-02T03:13:07.5Z,corso_IoT,ESP_LEOPIZZI,Lecce,Stanza,-0.23927272727272744,-0.2081818181818183,0.8609090909090905,0.08272727272727275,1.7874545454545463,-0.33890909090909094,64.21454545454544,0,0,9.072727272727272,19.390909090909073
,,0,2025-12-01T22:40:00Z,2025-12-02T03:25:00Z,2025-12-02T03:13:55Z,corso_IoT,ESP_LEOPIZZI,Lecce,Stanza,-0.1759183673469387,-0.23346938775510218,0.8718367346938773,0.006530612244897955,1.6938775510204083,-0.2944897959183673,64.30000000000004,3.061224489795918,0,5.428571428571429,19.39183673469386
,,0,2025-12-01T22:40:00Z,2025-12-02T03:25:00Z,2025-12-02T03:14:42.5Z,corso_IoT,ESP_LEOPIZZI,Lecce,Stanza,-0.040508474576271186,-0.23677966101694936,0.8944067796610169,-0.024915254237288124,1.706779661016949,-0.2755932203389831,64.27288135593217,1.694915254237288,0,8.64406779661017,19.399999999999995
,,0,2025-12-01T22:40:00Z,2025-12-02T03:25:00Z,2025-12-02T03:15:30Z,corso_IoT,ESP_LEOPIZZI,Lecce,Stanza,-0.04945454545454543,-0.23927272727272744,0.8941818181818182,0.04581818181818179,1.7365454545454548,-0.34072727272727277,64.22181818181811,0,0,7,19.399999999999988
,,0,2025-12-01T22:40:00Z,2025-12-02T03:25:00Z,2025-12-02T03:16:17.5Z,corso_IoT,ESP_LEOPIZZI,Lecce,Stanza,-0.049642857142857114,-0.23946428571428588,0.8925000000000001,0.007500000000000001,1.7726785714285715,-0.316607142857143,64.19999999999995,0,0,9.017857142857142,19.399999999999988
,,0,2025-12-01T22:40:00Z,2025-12-02T03:25:00Z,2025-12-02T03:17:05Z,corso_IoT,ESP_LEOPIZZI,Lecce,Stanza,-0.04980769230769229,-0.23942307692307707,0.8921153846153848,0.061346153846153835,1.7790384615384616,-0.35423076923076924,64.19999999999995,0,0,9.865384615384615,19.399999999999984
,,0,2025-12-01T22:40:00Z,2025-12-02T03:25:00Z,2025-12-02T03:17:52.5Z,corso_IoT,ESP_LEOPIZZI,Lecce,Stanza,-0.049200000000000015,-0.23840000000000014,0.894,0.03919999999999999,1.7084000000000006,-0.3796,64.18400000000001,0,0,8.4,19.39999999999999
,,0,2025-12-01T22:40:00Z,2025-12-02T03:25:00Z,2025-12-02T03:18:40Z,corso_IoT,ESP_LEOPIZZI,Lecce,Stanza,-0.04999999999999997,-0.23962962962962983,0.8924074074074076,0.026111111111111113,1.7307407407407407,-0.35462962962962946,64.09999999999994,0,0,9.12962962962963,19.399999999999984
,,0,2025-12-01T22:40:00Z,2025-12-02T03:25:00Z,2025-12-02T03:19:27.5Z,corso_IoT,ESP_LEOPIZZI,Lecce,Stanza,-0.04999999999999999,-0.2402083333333335,0.8916666666666669,0.018958333333333337,1.762083333333334,-0.34333333333333327,64.09999999999995,0,0,8.895833333333334,19.399999999999984
,,0,2025-12-01T22:40:00Z,2025-12-02T03:25:00Z,2025-12-02T03:20:15Z,corso_IoT,ESP_LEOPIZZI,Lecce,Stanza,-0.04981818181818179,-0.24036363636363653,0.8923636363636365,0.030909090909090914,1.7969090909090906,-0.3309090909090909,64.09999999999994,0,0,9.545454545454545,19.399999999999988
,,0,2025-12-01T22:40:00Z,2025-12-02T03:25:00Z,2025-12-02T03:21:02.5Z,corso_IoT,ESP_LEOPIZZI,Lecce,Stanza,-0.051250000000000004,-0.24357142857142863,0.8921428571428572,-0.0024999999999999988,1.7328571428571427,-0.3644642857142859,64.09999999999994,1.7857142857142858,0,7.214285714285714,19.399999999999988
,,0,2025-12-01T22:40:00Z,2025-12-02T03:25:00Z,2025-12-02T03:21:50Z,corso_IoT,ESP_LEOPIZZI,Lecce,Stanza,-0.3505454545454545,-0.3805454545454545,0.8445454545454554,0.26618181818181824,0.8936363636363635,0.15581818181818183,64.31818181818187,2.727272727272727,0,5.545454545454546,19.399999999999988
,,0,2025-12-01T22:40:00Z,2025-12-02T03:25:00Z,2025-12-02T03:22:37.5Z,corso_IoT,ESP_LEOPIZZI,Lecce,Stanza,-0.4096666666666668,-0.399833333333333,0.8463333333333343,0.0008333333333333322,1.5891666666666664,-0.17066666666666663,64.40000000000006,0,0,8.383333333333333,19.399999999999995
,,0,2025-12-01T22:40:00Z,2025-12-02T03:25:00Z,2025-12-02T03:23:25Z,corso_IoT,ESP_LEOPIZZI,Lecce,Stanza,-0.41278688524590196,-0.40016393442622916,0.8477049180327879,-0.003442622950819673,1.5988524590163933,-0.20409836065573772,64.40000000000006,0,0,9.19672131147541,19.4
,,0,2025-12-01T22:40:00Z,2025-12-02T03:25:00Z,2025-12-02T03:24:12.5Z,corso_IoT,ESP_LEOPIZZI,Lecce,Stanza,-0.4177777777777782,-0.4020370370370369,0.8485185185185192,0.03185185185185185,1.587407407407407,-0.20629629629629634,64.37777777777785,0,0,9.555555555555555,19.399999999999984
,,0,2025-12-01T22:40:00Z,2025-12-02T03:25:00Z,2025-12-02T03:25:00Z,corso_IoT,ESP_LEOPIZZI,Lecce,Stanza,-0.4183333333333334,-0.4025,0.8508333333333331,0.0016666666666666646,1.7,-0.1991666666666667,64.32499999999999,0,0,8.75,19.400000000000002

