#group,false,false,true,true,false,true,true,true,true,false,false,false,false,false,false,false,false,false,false,false
#datatype,string,long,dateTime:RFC3339,dateTime:RFC3339,dateTime:RFC3339,string,string,string,string,double,double,double,double,double,double,double,double,double,double,double
#default,mean,,,,,,,,,,,,,,,,,,,
,result,table,_start,_stop,_time,_measurement,host,location,room,accel_x,accel_y,accel_z,gyro_x,gyro_y,gyro_z,humidity,is_moving,light,mic,temperature
,,0,2025-11-07T00:20:00Z,2025-11-07T06:05:00Z,2025-11-07T00:20:20Z,corso_IoT,ESP_LEOPIZZI,Lecce,Stanza,0.13387096774193546,0.02225806451612904,1.0325806451612907,0.22451612903225804,0.27161290322580645,0.0012903225806451628,59.79999999999997,0,0,13.258064516129032,21
,,0,2025-11-07T00:20:00Z,2025-11-07T06:05:00Z,2025-11-07T00:21:17.5Z,corso_IoT,ESP_LEOPIZZI,Lecce,Stanza,0.13388235294117662,0.022235294117647072,1.033529411764707,0.28211764705882364,0.2907058823529412,0.007411764705882357,59.683529411764724,0,0,13.070588235294117,21.037647058823506
,,0,2025-11-07T00:20:00Z,2025-11-07T06:05:00Z,2025-11-07T00:22:15Z,corso_IoT,ESP_LEOPIZZI,Lecce,Stanza,0.13383720930232573,0.02232558139534885,1.0325581395348846,0.2846511627906976,0.33651162790697664,-0.006395348837209304,59.50813953488372,0,0,13.930232558139535,21.09999999999997
,,0,2025-11-07T00:20:00Z,2025-11-07T06:05:00Z,2025-11-07T00:23:12.5Z,corso_IoT,ESP_LEOPIZZI,Lecce,Stanza,0.13356321839080476,0.022528735632183924,1.033103448275863,0.297471264367816,0.29103448275862065,-0.03678160919540229,59.41609195402297,0,0,11.413793103448276,21.11609195402298
,,0,2025-11-07T00:20:00Z,2025-11-07T06:05:00Z,2025-11-07T00:24:10Z,corso_IoT,ESP_LEOPIZZI,Lecce,Stanza,0.13244186046511644,0.022093023255813967,1.0336046511627917,0.31011627906976735,0.3446511627906975,0.004069767441860465,59.32906976744197,0,0,12.790697674418604,21.20000000000003
,,0,2025-11-07T00:20:00Z,2025-11-07T06:05:00Z,2025-11-07T00:25:07.5Z,corso_IoT,ESP_LEOPIZZI,Lecce,Stanza,0.13247191011235973,0.022808988764044958,1.0341573033707878,0.2729213483146067,0.3259550561797752,-0.010561797752808988,59.22696629213472,0,0,11.640449438202246,21.20000000000003
,,0,2025-11-07T00:20:00Z,2025-11-07T06:05:00Z,2025-11-07T00:26:05Z,corso_IoT,ESP_LEOPIZZI,Lecce,Stanza,0.13168674698795194,0.02168674698795182,1.033734939759037,0.30457831325301205,0.2853012048192772,-0.009759036144578315,59.149397590361474,0,0,14.301204819277109,21.200000000000028
,,0,2025-11-07T00:20:00Z,2025-11-07T06:05:00Z,2025-11-07T00:27:02.5Z,corso_IoT,ESP_LEOPIZZI,Lecce,Stanza,0.1328048780487806,0.022682926829268306,1.0339024390243914,0.2853658536585365,0.29865853658536584,-0.04487804878048781,59.04390243902437,0,0,12.292682926829269,21.25609756097559
,,0,2025-11-07T00:20:00Z,2025-11-07T06:05:00Z,2025-11-07T00:28:00Z,corso_IoT,ESP_LEOPIZZI,Lecce,Stanza,0.13229729729729736,0.022432432432432446,1.033243243243244,0.2983783783783785,0.2887837837837837,-0.00972972972972973,58.91756756756761,0,0,15.27027027027027,21.299999999999972
,,0,2025-11-07T00:20:00Z,2025-11-07T06:05:00Z,2025-11-07T00:28:57.5Z,corso_IoT,ESP_LEOPIZZI,Lecce,Stanza,0.13170454545454563,0.02102272727272729,1.0317045454545462,0.29715909090909093,0.3019318181818182,-0.02625000000000001,58.83863636363649,0,0,12.5,21.29999999999997
,,0,2025-11-07T00:20:00Z,2025-11-07T06:05:00Z,2025-11-07T00:29:55Z,corso_IoT,ESP_LEOPIZZI,Lecce,Stanza,0.13202380952380968,0.02202380952380954,1.0328571428571438,0.2848809523809524,0.30726190476190485,-0.03523809523809524,58.8000000000001,0,0,13.416666666666666,21.36190476190479
,,0,2025-11-07T00:20:00Z,2025-11-07T06:05:00Z,2025-11-07T00:30:52.5Z,corso_IoT,ESP_LEOPIZZI,Lecce,Stanza,0.13186046511627925,0.020697674418604664,1.0341860465116286,0.29697674418604664,0.2886046511627907,-0.022325581395348848,58.65930232558142,0,0,11.174418604651162,21.395348837209333
,,0,2025-11-07T00:20:00Z,2025-11-07T06:05:00Z,2025-11-07T00:31:50Z,corso_IoT,ESP_LEOPIZZI,Lecce,Stanza,0.1317948717948719,0.02089743589743591,1.0339743589743595,0.29333333333333333,0.26166666666666655,-0.04474358974358973,58.59487179487176,0,0,14.794871794871796,21.400000000000027
,,0,2025-11-07T00:20:00Z,2025-11-07T06:05:00Z,2025-11-07T00:32:47.5Z,corso_IoT,ESP_LEOPIZZI,Lecce,Stanza,0.131609195402299,0.021494252873563234,1.034712643678162,0.30965517241379326,0.2714942528735631,-0.023793103448275853,58.5,0,0,11.632183908045977,21.400000000000034
,,0,2025-11-07T00:20:00Z,2025-11-07T06:05:00Z,2025-11-07T00:33:45Z,corso_IoT,ESP_LEOPIZZI,Lecce,Stanza,0.13179775280898892,0.020898876404494397,1.0332584269662934,0.2786516853932586,0.26505617977528084,-0.036629213483146066,58.5,0,0,11.707865168539326,21.400000000000034
,,0,2025-11-07T00:20:00Z,2025-11-07T06:05:00Z,2025-11-07T00:34:42.5Z,corso_IoT,ESP_LEOPIZZI,Lecce,Stanza,0.13202247191011252,0.02179775280898878,1.0338202247191022,0.26483146067415725,0.28269662921348304,-0.029438202247191004,58.45730337078646,0,0,13.51685393258427,21.400000000000034
,,0,2025-11-07T00:20:00Z,2025-11-07T06:05:00Z,2025-11-07T00:35:40Z,corso_IoT,ESP_LEOPIZZI,Lecce,Stanza,0.13125000000000017,0.022159090909090927,1.033750000000001,0.2946590909090909,0.25852272727272735,-0.05318181818181819,58.39090909090912,0,0,12.011363636363637,21.432954545454553
,,0,2025-11-07T00:20:00Z,2025-11-07T06:05:00Z,2025-11-07T00:36:37.5Z,corso_IoT,ESP_LEOPIZZI,Lecce,Stanza,0.13068965517241396,0.0213793103448276,1.0339080459770122,0.2683908045977012,0.2332183908045977,-0.039885057471264376,58.30574712643688,0,0,11.67816091954023,21.49195402298851
,,0,2025-11-07T00:20:00Z,2025-11-07T06:05:00Z,2025-11-07T00:37:35Z,corso_IoT,ESP_LEOPIZZI,Lecce,Stanza,0.13130952380952396,0.021547619047619065,1.0339285714285722,0.2885714285714286,0.26571428571428574,-0.04464285714285713,58.30000000000008,0,0,10.547619047619047,21.5
,,0,2025-11-07T00:20:00Z,2025-11-07T06:05:00Z,2025-11-07T00:38:32.5Z,corso_IoT,ESP_LEOPIZZI,Lecce,Stanza,0.13117647058823542,0.021529411764705898,1.0350588235294125,0.32188235294117645,0.2709411764705882,-0.035529411764705886,58.26588235294115,0,0,12.070588235294117,21.5
,,0,2025-11-07T00:20:00Z,2025-11-07T06:05:00Z,2025-11-07T00:39:30Z,corso_IoT,ESP_LEOPIZZI,Lecce,Stanza,0.13081395348837227,0.020813953488372106,1.0336046511627917,0.33686046511627904,0.2376744186046512,-0.04186046511627906,58.19999999999991,0,0,12.709302325581396,21.5
,,0,2025-11-07T00:20:00Z,2025-11-07T06:05:00Z,2025-11-07T00:40:27.5Z,corso_IoT,ESP_LEOPIZZI,Lecce,Stanza,0.1305128205128206,0.021410256410256425,1.034615384615385,0.3346153846153845,0.2511538461538461,-0.03217948717948717,58.17179487179486,0,0,14.35897435897436,21.5
,,0,2025-11-07T00:20:00Z,2025-11-07T06:05:00Z,2025-11-07T00:41:25Z,corso_IoT,ESP_LEOPIZZI,Lecce,Stanza,0.13087500000000013,0.021375000000000012,1.034250000000001,0.2815,0.2768750000000001,-0.047124999999999986,58.09999999999999,0,0,14.5875,21.5
,,0,2025-11-07T00:20:00Z,2025-11-07T06:05:00Z,2025-11-07T00:42:22.5Z,corso_IoT,ESP_LEOPIZZI,Lecce,Stanza,0.13082352941176484,0.02070588235294119,1.0348235294117656,0.2901176470588235,0.262235294117647,-0.04388235294117645,58.10000000000001,0,0,12.717647058823529,21.5
,,0,2025-11-07T00:20:00Z,2025-11-07T06:05:00Z,2025-11-07T00:43:20Z,corso_IoT,ESP_LEOPIZZI,Lecce,Stanza,0.1310000000000002,0.021444444444444457,1.0337777777777788,0.32388888888888867,0.24277777777777787,-0.04366666666666664,57.96555555555549,0,0,11.9,21.576666666666636
,,0,2025-11-07T00:20:00Z,2025-11-07T06:05:00Z,2025-11-07T00:44:17.5Z,corso_IoT,ESP_LEOPIZZI,Lecce,Stanza,0.13070588235294134,0.021411764705882366,1.0331764705882365,0.2825882352941177,0.20647058823529407,-0.06752941176470588,57.90470588235293,0,0,13.670588235294117,21.595294117647025
,,0,2025-11-07T00:20:00Z,2025-11-07T06:05:00Z,2025-11-07T00:45:15Z,corso_IoT,ESP_LEOPIZZI,Lecce,Stanza,0.06285714285714274,-0.06584415584415589,0.9946753246753247,0.16999999999999998,0.32623376623376615,-0.08363636363636363,57.90000000000003,0.6493506493506493,0,15.714285714285714,21.599999999999973
,,0,2025-11-07T00:20:00Z,2025-11-07T06:05:00Z,2025-11-07T00:46:12.5Z,corso_IoT,ESP_LEOPIZZI,Lecce,Stanza,0.0498888888888888,-0.08122222222222225,0.9891111111111103,0.3229999999999999,0.25677777777777777,-0.06277777777777782,57.838888888889,0,0,12.266666666666667,21.599999999999966
,,0,2025-11-07T00:20:00Z,2025-11-07T06:05:00Z,2025-11-07T00:47:10Z,corso_IoT,ESP_LEOPIZZI,Lecce,Stanza,0.049876543209876466,-0.08358024691358025,0.987901234567901,0.28950617283950614,0.23345679012345688,-0.06802469135802468,57.80000000000008,0,0,12.851851851851851,21.59999999999997
,,0,2025-11-07T00:20:00Z,2025-11-07T06:05:00Z,2025-11-07T00:48:07.5Z,corso_IoT,ESP_LEOPIZZI,Lecce,Stanza,0.05049382716049376,-0.08271604938271605,0.9876543209876542,0.29925925925925945,0.23000000000000007,-0.09358024691358026,57.79629629629636,0,0,12.839506172839506,21.59999999999997
,,0,2025-11-07T00:20:00Z,2025-11-07T06:05:00Z,2025-11-07T00:49:05Z,corso_IoT,ESP_LEOPIZZI,Lecce,Stanza,0.050117647058823454,-0.08494117647058821,0.9869411764705879,0.3362352941176469,0.2043529411764706,-0.10458823529411769,57.80000000000008,0,0,12.023529411764706,21.59999999999997
,,0,2025-11-07T00:20:00Z,2025-11-07T06:05:00Z,2025-11-07T00:50:02.5Z,corso_IoT,ESP_LEOPIZZI,Lecce,Stanza,0.05034482758620682,-0.08413793103448276,0.9878160919540223,0.32252873563218376,0.2552873563218391,-0.07689655172413795,57.7080459770114,0,0,12.218390804597702,21.599999999999966
,,0,2025-11-07T00:20:00Z,2025-11-07T06:05:00Z,2025-11-07T00:51:00Z,corso_IoT,ESP_LEOPIZZI,Lecce,Stanza,0.05023809523809516,-0.08428571428571427,0.9880952380952376,0.3215476190476191,0.2232142857142858,-0.08142857142857149,57.69999999999992,0,0,11.285714285714286,21.59999999999997
,,0,2025-11-07T00:20:00Z,2025-11-07T06:05:00Z,2025-11-07T00:51:57.5Z,corso_IoT,ESP_LEOPIZZI,Lecce,Stanza,0.05022988505747118,-0.08563218390804594,0.9866666666666659,0.3280459770114943,0.2247126436781608,-0.10724137931034483,57.69999999999991,0,0,12.35632183908046,21.599999999999966
,,0,2025-11-07T00:20:00Z,2025-11-07T06:05:00Z,2025-11-07T00:52:55Z,corso_IoT,ESP_LEOPIZZI,Lecce,Stanza,0.049999999999999926,-0.08571428571428569,0.987532467532467,0.3397402597402596,0.23857142857142857,-0.10636363636363631,57.699999999999925,0,0,10.805194805194805,21.599999999999973
,,0,2025-11-07T00:20:00Z,2025-11-07T06:05:00Z,2025-11-07T00:53:52.5Z,corso_IoT,ESP_LEOPIZZI,Lecce,Stanza,0.04985294117647053,-0.08647058823529409,0.9867647058823533,0.3223529411764705,0.2514705882352941,-0.14147058823529413,57.69999999999993,0,0,13.411764705882353,21.599999999999984
,,0,2025-11-07T00:20:00Z,2025-11-07T06:05:00Z,2025-11-07T00:54:50Z,corso_IoT,ESP_LEOPIZZI,Lecce,Stanza,0.05020408163265305,-0.08653061224489793,0.9877551020408164,0.2975510204081633,0.2538775510204082,-0.08734693877551021,57.699999999999974,0,0,17.591836734693878,21.600000000000012
,,0,2025-11-07T00:20:00Z,2025-11-07T06:05:00Z,2025-11-07T00:55:47.5Z,corso_IoT,ESP_LEOPIZZI,Lecce,Stanza,0.04999999999999999,-0.08647058823529409,0.9880392156862743,0.3045098039215687,0.20921568627450973,-0.0949019607843137,57.69999999999997,0,0,9.294117647058824,21.664705882352965
,,0,2025-11-07T00:20:00Z,2025-11-07T06:05:00Z,2025-11-07T00:56:45Z,corso_IoT,ESP_LEOPIZZI,Lecce,Stanza,0.050153846153846104,-0.0872307692307692,0.9863076923076926,0.2690769230769231,0.21369230769230774,-0.08061538461538463,57.696923076923014,0,0,10.846153846153847,21.69230769230772
,,0,2025-11-07T00:20:00Z,2025-11-07T06:05:00Z,2025-11-07T00:57:42.5Z,corso_IoT,ESP_LEOPIZZI,Lecce,Stanza,0.04972602739726022,-0.08767123287671227,0.986986301369863,0.32438356164383564,0.1984931506849316,-0.10465753424657535,57.606849315068445,0,0,13.95890410958904,21.69589041095893
,,0,2025-11-07T00:20:00Z,2025-11-07T06:05:00Z,2025-11-07T00:58:40Z,corso_IoT,ESP_LEOPIZZI,Lecce,Stanza,0.0661797752808988,-0.077752808988764,0.9912359550561792,0.4401123595505617,-0.0013483146067415394,-0.07258426966292138,57.600000000000016,2.808988764044944,0,12.842696629213483,21.70000000000003
,,0,2025-11-07T00:20:00Z,2025-11-07T06:05:00Z,2025-11-07T00:59:37.5Z,corso_IoT,ESP_LEOPIZZI,Lecce,Stanza,0.2409302325581397,0.02802325581395349,1.0389534883720941,0.27372093023255806,0.21627906976744182,0.003139534883720933,57.6,0,0,11.744186046511627,21.70000000000003
,,0,2025-11-07T00:20:00Z,2025-11-07T06:05:00Z,2025-11-07T01:00:35Z,corso_IoT,ESP_LEOPIZZI,Lecce,Stanza,0.22989010989011022,0.02274725274725276,1.0386813186813202,0.27153846153846156,0.19714285714285715,0.015714285714285712,57.541758241758245,0,0,11.923076923076923,21.70000000000003
,,0,2025-11-07T00:20:00Z,2025-11-07T06:05:00Z,2025-11-07T01:01:32.5Z,corso_IoT,ESP_LEOPIZZI,Lecce,Stanza,0.22819277108433758,0.02192771084337351,1.037710843373495,0.2654216867469881,0.24397590361445787,-0.006867469879518073,57.45421686746985,0,0,13.180722891566266,21.69759036144581
,,0,2025-11-07T00:20:00Z,2025-11-07T06:05:00Z,2025-11-07T01:02:30Z,corso_IoT,ESP_LEOPIZZI,Lecce,Stanza,0.22787500000000022,0.021500000000000012,1.0382500000000008,0.2898749999999999,0.19275,0.006500000000000001,56.81375000000005,0,0,14.0875,21.599999999999973
,,0,2025-11-07T00:20:00Z,2025-11-07T06:05:00Z,2025-11-07T01:03:27.5Z,corso_IoT,ESP_LEOPIZZI,Lecce,Stanza,0.22645569620253184,0.021392405063291153,1.0389873417721527,0.29873417721518997,0.159873417721519,-0.003924050632911393,56.59999999999997,0,0,13.91139240506329,21.599999999999973
,,0,2025-11-07T00:20:00Z,2025-11-07T06:05:00Z,2025-11-07T01:04:25Z,corso_IoT,ESP_LEOPIZZI,Lecce,Stanza,0.2249425287356323,0.021724137931034497,1.0378160919540242,0.27045977011494254,0.19183908045977013,-0.02195402298850575,56.616091954022906,0,0,11.632183908045977,21.599999999999966
,,0,2025-11-07T00:20:00Z,2025-11-07T06:05:00Z,2025-11-07T01:05:22.5Z,corso_IoT,ESP_LEOPIZZI,Lecce,Stanza,0.22586206896551747,0.0213793103448276,1.0383908045977024,0.2508045977011495,0.20712643678160916,-0.01666666666666667,56.84367816091954,0,0,14.67816091954023,21.599999999999966
,,0,2025-11-07T00:20:00Z,2025-11-07T06:05:00Z,2025-11-07T01:06:20Z,corso_IoT,ESP_LEOPIZZI,Lecce,Stanza,0.22362637362637375,0.020989010989011004,1.0385714285714298,0.2685714285714287,0.20604395604395598,-0.04945054945054944,57.071428571428605,0,0,12.813186813186814,21.599999999999962
,,0,2025-11-07T00:20:00Z,2025-11-07T06:05:00Z,2025-11-07T01:07:17.5Z,corso_IoT,ESP_LEOPIZZI,Lecce,Stanza,0.23139784946236577,0.023978494623655918,1.0378494623655925,0.31720430107526876,0.06666666666666672,-0.20344086021505378,57.10000000000003,5.376344086021505,0,13.118279569892474,21.632258064516137
,,0,2025-11-07T00:20:00Z,2025-11-07T06:05:00Z,2025-11-07T01:08:15Z,corso_IoT,ESP_LEOPIZZI,Lecce,Stanza,0.36750000000000016,-0.048970588235294155,1.0011764705882356,0.2622058823529412,-0.34176470588235297,-0.11132352941176468,57.19411764705878,4.411764705882353,0,18.470588235294116,21.636764705882364
,,0,2025-11-07T00:20:00Z,2025-11-07T06:05:00Z,2025-11-07T01:09:12.5Z,corso_IoT,ESP_LEOPIZZI,Lecce,Stanza,0.38645161290322616,-0.059892473118279485,0.9954838709677416,0.28913978494623666,0.16494623655913976,-0.08903225806451615,57.42365591397855,0,0,12.989247311827956,21.691397849462398
,,0,2025-11-07T00:20:00Z,2025-11-07T06:05:00Z,2025-11-07T01:10:10Z,corso_IoT,ESP_LEOPIZZI,Lecce,Stanza,0.3873170731707319,-0.06012195121951215,0.995243902439024,0.29475609756097554,0.196829268292683,-0.06682926829268296,57.68658536585363,0,0.1925609756097561,14.75609756097561,21.69146341463418
,,0,2025-11-07T00:20:00Z,2025-11-07T06:05:00Z,2025-11-07T01:11:07.5Z,corso_IoT,ESP_LEOPIZZI,Lecce,Stanza,0.38817073170731736,-0.06036585365853654,0.994634146341463,0.30195121951219495,0.1529268292682927,-0.09658536585365861,57.66829268292684,0,0,12.28048780487805,21.696341463414665
,,0,2025-11-07T00:20:00Z,2025-11-07T06:05:00Z,2025-11-07T01:12:05Z,corso_IoT,ESP_LEOPIZZI,Lecce,Stanza,0.3883146067415733,-0.05988764044943813,0.9943820224719094,0.3039325842696628,0.21370786516853937,-0.07573033707865169,57.49550561797746,0,0,11.707865168539326,21.70000000000003
,,0,2025-11-07T00:20:00Z,2025-11-07T06:05:00Z,2025-11-07T01:13:02.5Z,corso_IoT,ESP_LEOPIZZI,Lecce,Stanza,0.3887640449438205,-0.05955056179775275,0.9943820224719098,0.3039325842696629,0.20505617977528093,-0.10179775280898876,57.3325842696629,0,0,11.651685393258427,21.70000000000003
,,0,2025-11-07T00:20:00Z,2025-11-07T06:05:00Z,2025-11-07T01:14:00Z,corso_IoT,ESP_LEOPIZZI,Lecce,Stanza,0.3892045454545458,-0.05999999999999994,0.993636363636363,0.2985227272727272,0.18045454545454548,-0.06454545454545456,57.127272727272754,0,0,12.136363636363637,21.69545454545457
,,0,2025-11-07T00:20:00Z,2025-11-07T06:05:00Z,2025-11-07T01:14:57.5Z,corso_IoT,ESP_LEOPIZZI,Lecce,Stanza,0.3891954022988509,-0.05999999999999995,0.9940229885057466,0.3064367816091953,0.2252873563218391,-0.06091954022988506,57.10000000000001,0,0,13.367816091954023,21.69425287356324
,,0,2025-11-07T00:20:00Z,2025-11-07T06:05:00Z,2025-11-07T01:15:55Z,corso_IoT,ESP_LEOPIZZI,Lecce,Stanza,0.38930555555555585,-0.05986111111111113,0.9941666666666666,0.28680555555555554,0.22486111111111112,-0.08833333333333332,57.09999999999994,0,0,16.27777777777778,21.619444444444433
,,0,2025-11-07T00:20:00Z,2025-11-07T06:05:00Z,2025-11-07T01:16:52.5Z,corso_IoT,ESP_LEOPIZZI,Lecce,Stanza,0.3895000000000003,-0.059374999999999976,0.9942499999999997,0.25712499999999994,0.17350000000000002,-0.07512500000000003,57.09999999999998,0,0,11.3,21.683750000000032
,,0,2025-11-07T00:20:00Z,2025-11-07T06:05:00Z,2025-11-07T01:17:50Z,corso_IoT,ESP_LEOPIZZI,Lecce,Stanza,0.38940476190476214,-0.05976190476190472,0.9930952380952376,0.3083333333333334,0.21321428571428575,-0.06416666666666666,57.099999999999994,0,0,12.583333333333334,21.700000000000028
,,0,2025-11-07T00:20:00Z,2025-11-07T06:05:00Z,2025-11-07T01:18:47.5Z,corso_IoT,ESP_LEOPIZZI,Lecce,Stanza,0.38951807228915697,-0.05963855421686743,0.993614457831325,0.2579518072289158,0.19903614457831326,-0.057349397590361444,57.099999999999994,0,0,13.939759036144578,21.700000000000028
,,0,2025-11-07T00:20:00Z,2025-11-07T06:05:00Z,2025-11-07T01:19:45Z,corso_IoT,ESP_LEOPIZZI,Lecce,Stanza,0.38955056179775316,-0.05921348314606734,0.9934831460674151,0.2759550561797752,0.15707865168539323,-0.07528089887640449,57.100000000000016,0,0,12.584269662921349,21.70000000000003
,,0,2025-11-07T00:20:00Z,2025-11-07T06:05:00Z,2025-11-07T01:20:42.5Z,corso_IoT,ESP_LEOPIZZI,Lecce,Stanza,0.389886363636364,-0.05965909090909085,0.993863636363636,0.2632954545454545,0.15374999999999997,-0.06056818181818183,57.08750000000003,0,0,11.965909090909092,21.70000000000003
,,0,2025-11-07T00:20:00Z,2025-11-07T06:05:00Z,2025-11-07T01:21:40Z,corso_IoT,ESP_LEOPIZZI,Lecce,Stanza,0.39000000000000035,-0.05955555555555549,0.9939999999999993,0.2804444444444445,0.18999999999999997,-0.06811111111111112,57.03666666666665,0,0,11.5,21.70000000000003
,,0,2025-11-07T00:20:00Z,2025-11-07T06:05:00Z,2025-11-07T01:22:37.5Z,corso_IoT,ESP_LEOPIZZI,Lecce,Stanza,0.3894186046511631,-0.05965116279069761,0.9926744186046504,0.3108139534883721,0.16976744186046508,-0.06546511627906976,57.09534883720931,0,0,11.162790697674419,21.70000000000003
,,0,2025-11-07T00:20:00Z,2025-11-07T06:05:00Z,2025-11-07T01:23:35Z,corso_IoT,ESP_LEOPIZZI,Lecce,Stanza,0.38977777777777817,-0.05966666666666659,0.993555555555555,0.27611111111111114,0.1855555555555555,-0.06999999999999999,57.10000000000002,0,0,12.077777777777778,21.70000000000003
,,0,2025-11-07T00:20:00Z,2025-11-07T06:05:00Z,2025-11-07T01:24:32.5Z,corso_IoT,ESP_LEOPIZZI,Lecce,Stanza,0.389886363636364,-0.05965909090909085,0.9938636363636356,0.25909090909090904,0.2052272727272727,-0.07454545454545453,57.08636363636362,0,0,12.170454545454545,21.70000000000003
,,0,2025-11-07T00:20:00Z,2025-11-07T06:05:00Z,2025-11-07T01:25:30Z,corso_IoT,ESP_LEOPIZZI,Lecce,Stanza,0.39022988505747164,-0.059425287356321785,0.9927586206896546,0.3245977011494252,0.20344827586206893,-0.08000000000000002,57.021839080459785,0,0,11.160919540229886,21.752873563218376
,,0,2025-11-07T00:20:00Z,2025-11-07T06:05:00Z,2025-11-07T01:26:27.5Z,corso_IoT,ESP_LEOPIZZI,Lecce,Stanza,0.3902500000000003,-0.05899999999999998,0.9944999999999997,0.28325000000000006,0.14450000000000002,-0.08475000000000003,56.99375,0,0,13.3,21.71000000000003
,,0,2025-11-07T00:20:00Z,2025-11-07T06:05:00Z,2025-11-07T01:27:25Z,corso_IoT,ESP_LEOPIZZI,Lecce,Stanza,0.39011235955056217,-0.05887640449438195,0.9941573033707859,0.25921348314606746,0.142247191011236,-0.07146067415730341,57.00112359550564,0,0,11.629213483146067,21.703370786516885
,,0,2025-11-07T00:20:00Z,2025-11-07T06:05:00Z,2025-11-07T01:28:22.5Z,corso_IoT,ESP_LEOPIZZI,Lecce,Stanza,0.3904545454545458,-0.05920454545454539,0.9922727272727269,0.2952272727272727,0.1804545454545454,-0.08522727272727272,56.99545454545453,0,0,11.511363636363637,21.70454545454548
,,0,2025-11-07T00:20:00Z,2025-11-07T06:05:00Z,2025-11-07T01:29:20Z,corso_IoT,ESP_LEOPIZZI,Lecce,Stanza,0.389662921348315,-0.05943820224719095,0.9928089887640443,0.30382022471910103,0.18078651685393257,-0.0891011235955056,56.98089887640451,0,0,12.280898876404494,21.719101123595518
,,0,2025-11-07T00:20:00Z,2025-11-07T06:05:00Z,2025-11-07T01:30:17.5Z,corso_IoT,ESP_LEOPIZZI,Lecce,Stanza,0.3898876404494386,-0.058651685393258365,0.9925842696629206,0.30269662921348306,0.20011235955056175,-0.06977528089887643,56.939325842696626,0,0,12.303370786516854,21.72808988764047
,,0,2025-11-07T00:20:00Z,2025-11-07T06:05:00Z,2025-11-07T01:31:15Z,corso_IoT,ESP_LEOPIZZI,Lecce,Stanza,0.39000000000000035,-0.058651685393258365,0.9930337078651676,0.28640449438202237,0.1607865168539326,-0.08022471910112361,56.8887640449439,0,0,11.0561797752809,21.759550561797735
,,0,2025-11-07T00:20:00Z,2025-11-07T06:05:00Z,2025-11-07T01:32:12.5Z,corso_IoT,ESP_LEOPIZZI,Lecce,Stanza,0.39000000000000035,-0.05897727272727267,0.992613636363636,0.30443181818181836,0.22579545454545438,-0.0976136363636363,56.82954545454554,0,0,11.988636363636363,21.790909090909064
,,0,2025-11-07T00:20:00Z,2025-11-07T06:05:00Z,2025-11-07T01:33:10Z,corso_IoT,ESP_LEOPIZZI,Lecce,Stanza,0.3900000000000004,-0.05873563218390799,0.99367816091954,0.2751724137931035,0.1726436781609195,-0.09505747126436784,56.81494252873567,0,0,12.724137931034482,21.78505747126435
,,0,2025-11-07T00:20:00Z,2025-11-07T06:05:00Z,2025-11-07T01:34:07.5Z,corso_IoT,ESP_LEOPIZZI,Lecce,Stanza,0.39022988505747164,-0.05873563218390799,0.9929885057471259,0.2793103448275862,0.20310344827586205,-0.08528735632183909,56.831034482758625,0,0,11.264367816091953,21.768965517241377
,,0,2025-11-07T00:20:00Z,2025-11-07T06:05:00Z,2025-11-07T01:35:05Z,corso_IoT,ESP_LEOPIZZI,Lecce,Stanza,0.3901162790697678,-0.05872093023255809,0.9932558139534879,0.278372093023256,0.2458139534883721,-0.06941860465116277,56.85813953488377,0,0,11.534883720930232,21.738372093023266
,,0,2025-11-07T00:20:00Z,2025-11-07T06:05:00Z,2025-11-07T01:36:02.5Z,corso_IoT,ESP_LEOPIZZI,Lecce,Stanza,0.39057471264367855,-0.05862068965517237,0.9929885057471259,0.3048275862068964,0.18620689655172412,-0.0847126436781609,56.75977011494253,0,0,11.068965517241379,21.763218390804592
,,0,2025-11-07T00:20:00Z,2025-11-07T06:05:00Z,2025-11-07T01:37:00Z,corso_IoT,ESP_LEOPIZZI,Lecce,Stanza,0.39044444444444476,-0.05877777777777771,0.992888888888888,0.2894444444444444,0.149,-0.06711111111111111,56.79555555555561,0,0,12.833333333333334,21.720000000000017
,,0,2025-11-07T00:20:00Z,2025-11-07T06:05:00Z,2025-11-07T01:37:57.5Z,corso_IoT,ESP_LEOPIZZI,Lecce,Stanza,0.39062500000000033,-0.058999999999999976,0.9919999999999997,0.30199999999999994,0.153625,-0.08349999999999999,56.85375000000003,0,0,12.425,21.710000000000022
,,0,2025-11-07T00:20:00Z,2025-11-07T06:05:00Z,2025-11-07T01:38:55Z,corso_IoT,ESP_LEOPIZZI,Lecce,Stanza,0.3911363636363639,-0.057727272727272655,0.9927272727272722,0.3195454545454546,0.14568181818181816,-0.08522727272727272,56.77386363636367,0,0,11.727272727272727,21.76136363636364
,,0,2025-11-07T00:20:00Z,2025-11-07T06:05:00Z,2025-11-07T01:39:52.5Z,corso_IoT,ESP_LEOPIZZI,Lecce,Stanza,0.29785714285714304,-0.04749999999999998,0.9998809523809529,0.15023809523809528,0.5451190476190477,-0.2489285714285714,56.87142857142857,2.380952380952381,0,12.571428571428571,21.728571428571453
,,0,2025-11-07T00:20:00Z,2025-11-07T06:05:00Z,2025-11-07T01:40:50Z,corso_IoT,ESP_LEOPIZZI,Lecce,Stanza,0.10047619047619032,-0.029642857142857124,1.0133333333333339,0.2909523809523809,0.1866666666666667,-0.10202380952380957,56.800000000000054,0,0,12.821428571428571,21.707142857142887
,,0,2025-11-07T00:20:00Z,2025-11-07T06:05:00Z,2025-11-07T01:41:47.5Z,corso_IoT,ESP_LEOPIZZI,Lecce,Stanza,0.09632183908045966,-0.029080459770114926,1.0136781609195409,0.3044827586206896,0.18494252873563222,-0.0852873563218391,56.89999999999999,0,0,10.597701149425287,21.70000000000003
,,0,2025-11-07T00:20:00Z,2025-11-07T06:05:00Z,2025-11-07T01:42:45Z,corso_IoT,ESP_LEOPIZZI,Lecce,Stanza,0.28455555555555556,-0.0037777777777777788,1.0152222222222227,0.1973333333333333,-0.17333333333333337,-0.041999999999999996,56.860000000000106,2.2222222222222223,0,12.71111111111111,21.70000000000003
,,0,2025-11-07T00:20:00Z,2025-11-07T06:05:00Z,2025-11-07T01:43:42.5Z,corso_IoT,ESP_LEOPIZZI,Lecce,Stanza,0.386630434782609,0.010434782608695658,1.0161956521739135,0.27467391304347827,0.20271739130434782,-0.06641304347826091,56.85978260869574,0,0,11.228260869565217,21.70000000000003
,,0,2025-11-07T00:20:00Z,2025-11-07T06:05:00Z,2025-11-07T01:44:40Z,corso_IoT,ESP_LEOPIZZI,Lecce,Stanza,0.3883908045977015,0.013563218390804608,1.0163218390804596,0.2542528735632183,0.20954022988505738,-0.05103448275862069,56.80459770114952,0.5747126436781609,0,11.494252873563218,21.70000000000003
,,0,2025-11-07T00:20:00Z,2025-11-07T06:05:00Z,2025-11-07T01:45:37.5Z,corso_IoT,ESP_LEOPIZZI,Lecce,Stanza,0.3894186046511631,0.012674418604651171,1.017790697674419,0.30255813953488386,0.206860465116279,-0.10302325581395354,56.83488372093022,0,0,11.290697674418604,21.70000000000003
,,0,2025-11-07T00:20:00Z,2025-11-07T06:05:00Z,2025-11-07T01:46:35Z,corso_IoT,ESP_LEOPIZZI,Lecce,Stanza,0.39054347826086916,0.016521739130434792,1.01554347826087,0.3706521739130435,0.1497826086956521,-0.035217391304347825,56.84347826086966,2.717391304347826,0,13.065217391304348,21.756521739130417
,,0,2025-11-07T00:20:00Z,2025-11-07T06:05:00Z,2025-11-07T01:47:32.5Z,corso_IoT,ESP_LEOPIZZI,Lecce,Stanza,0.3960439560439558,0.029780219780219774,1.01912087912088,0.35120879120879117,0.17351648351648352,-0.09054945054945059,56.79560439560444,10.989010989010989,0,12.472527472527473,21.784615384615357
,,0,2025-11-07T00:20:00Z,2025-11-07T06:05:00Z,2025-11-07T01:48:30Z,corso_IoT,ESP_LEOPIZZI,Lecce,Stanza,0.39593406593406555,0.06967032967032975,1.02912087912088,0.29263736263736273,0.1947252747252746,-0.08879120879120879,56.79560439560448,46.7032967032967,0,13.87912087912088,21.704395604395632
,,0,2025-11-07T00:20:00Z,2025-11-07T06:05:00Z,2025-11-07T01:49:27.5Z,corso_IoT,ESP_LEOPIZZI,Lecce,Stanza,0.39818181818181775,0.06988636363636369,1.0290909090909097,0.2935227272727274,0.18977272727272732,-0.10704545454545462,56.74318181818182,47.72727272727273,0,13.318181818181818,21.756818181818176
,,0,2025-11-07T00:20:00Z,2025-11-07T06:05:00Z,2025-11-07T01:50:25Z,corso_IoT,ESP_LEOPIZZI,Lecce,Stanza,0.3988764044943814,0.08426966292134824,1.0313483146067426,0.28696629213483155,0.23101123595505624,-0.1215730337078652,56.80000000000009,48.31460674157304,0,12.52808988764045,21.70000000000003
,,0,2025-11-07T00:20:00Z,2025-11-07T06:05:00Z,2025-11-07T01:51:22.5Z,corso_IoT,ESP_LEOPIZZI,Lecce,Stanza,0.39919540229885003,0.08804597701149419,1.032528735632185,0.2989655172413793,0.2420689655172414,-0.1510344827586207,56.7793103448276,49.42528735632184,0,13.89655172413793,21.717241379310362
,,0,2025-11-07T00:20:00Z,2025-11-07T06:05:00Z,2025-11-07T01:52:20Z,corso_IoT,ESP_LEOPIZZI,Lecce,Stanza,0.3976190476190474,0.08499999999999999,1.0310714285714295,0.2855952380952382,0.21619047619047618,-0.13833333333333336,56.7107142857142,49.404761904761905,0,13.583333333333334,21.708333333333364
,,0,2025-11-07T00:20:00Z,2025-11-07T06:05:00Z,2025-11-07T01:53:17.5Z,corso_IoT,ESP_LEOPIZZI,Lecce,Stanza,0.3973863636363632,0.08193181818181822,1.030681818181819,0.30045454545454536,0.19920454545454538,-0.10590909090909087,56.67159090909085,49.43181818181818,0,13.568181818181818,21.728409090909096
,,0,2025-11-07T00:20:00Z,2025-11-07T06:05:00Z,2025-11-07T01:54:15Z,corso_IoT,ESP_LEOPIZZI,Lecce,Stanza,0.3984883720930229,0.08325581395348837,1.030581395348838,0.3070930232558139,0.19523255813953488,-0.09848837209302326,56.69534883720925,48.25581395348837,0,15.046511627906977,21.71279069767444
,,0,2025-11-07T00:20:00Z,2025-11-07T06:05:00Z,2025-11-07T01:55:12.5Z,corso_IoT,ESP_LEOPIZZI,Lecce,Stanza,0.39741176470588196,0.08505882352941174,1.0314117647058834,0.2974117647058823,0.19941176470588243,-0.13199999999999998,56.68823529411756,50,0,13.376470588235295,21.711764705882384
,,0,2025-11-07T00:20:00Z,2025-11-07T06:05:00Z,2025-11-07T01:56:10Z,corso_IoT,ESP_LEOPIZZI,Lecce,Stanza,0.39833333333333293,0.08488888888888887,1.0316666666666676,0.2809999999999999,0.21266666666666664,-0.11522222222222216,56.69999999999991,50,0,12.755555555555556,21.70000000000003
,,0,2025-11-07T00:20:00Z,2025-11-07T06:05:00Z,2025-11-07T01:57:07.5Z,corso_IoT,ESP_LEOPIZZI,Lecce,Stanza,0.3979999999999995,0.08577777777777776,1.0305555555555566,0.28044444444444444,0.2195555555555555,-0.10855555555555561,56.69111111111103,50,0,12.5,21.708888888888914
,,0,2025-11-07T00:20:00Z,2025-11-07T06:05:00Z,2025-11-07T01:58:05Z,corso_IoT,ESP_LEOPIZZI,Lecce,Stanza,0.39824324324324284,0.08472972972972971,1.0314864864864872,0.2947297297297298,0.19027027027027024,-0.11445945945945947,56.69999999999993,50,0,14.797297297297296,21.700000000000028
,,0,2025-11-07T00:20:00Z,2025-11-07T06:05:00Z,2025-11-07T01:59:02.5Z,corso_IoT,ESP_LEOPIZZI,Lecce,Stanza,0.36238636363636395,0.06670454545454534,1.0315909090909103,0.24500000000000002,0.23420454545454544,-0.11386363636363638,56.64886363636365,14.772727272727273,0,11.829545454545455,21.70000000000003
,,0,2025-11-07T00:20:00Z,2025-11-07T06:05:00Z,2025-11-07T02:00:00Z,corso_IoT,ESP_LEOPIZZI,Lecce,Stanza,0.3441111111111112,0.059777777777777714,1.0336666666666678,0.29599999999999993,0.17166666666666666,-0.12222222222222218,56.6888888888888,0.5555555555555556,0,13.033333333333333,21.70000000000003
,,0,2025-11-07T00:20:00Z,2025-11-07T06:05:00Z,2025-11-07T02:00:57.5Z,corso_IoT,ESP_LEOPIZZI,Lecce,Stanza,0.3511111111111115,0.05567901234567898,1.0312345679012354,0.2946913580246912,0.21469135802469136,-0.12061728395061729,56.688888888888826,2.4691358024691357,0,12.395061728395062,21.700000000000028
,,0,2025-11-07T00:20:00Z,2025-11-07T06:05:00Z,2025-11-07T02:01:55Z,corso_IoT,ESP_LEOPIZZI,Lecce,Stanza,0.3500000000000005,0.05476190476190471,1.0322619047619055,0.2971428571428571,0.20619047619047623,-0.10630952380952374,56.696428571428484,0,0,11.714285714285714,21.700000000000028
,,0,2025-11-07T00:20:00Z,2025-11-07T06:05:00Z,2025-11-07T02:02:52.5Z,corso_IoT,ESP_LEOPIZZI,Lecce,Stanza,0.3504494382022478,0.05382022471910106,1.0322471910112372,0.2904494382022473,0.1828089887640449,-0.1333707865168539,56.71573033707862,0,0,11.415730337078651,21.70000000000003
,,0,2025-11-07T00:20:00Z,2025-11-07T06:05:00Z,2025-11-07T02:03:50Z,corso_IoT,ESP_LEOPIZZI,Lecce,Stanza,0.35011363636363685,0.053181818181818115,1.0314772727272736,0.31,0.17477272727272727,-0.10443181818181824,56.80000000000009,0,0,12.477272727272727,21.70000000000003
,,0,2025-11-07T00:20:00Z,2025-11-07T06:05:00Z,2025-11-07T02:04:47.5Z,corso_IoT,ESP_LEOPIZZI,Lecce,Stanza,0.357191011235955,0.05707865168539327,1.0306741573033715,0.34370786516853946,0.3229213483146068,-0.11269662921348318,56.80000000000009,8.426966292134832,0,13.764044943820224,21.70000000000003
,,0,2025-11-07T00:20:00Z,2025-11-07T06:05:00Z,2025-11-07T02:05:45Z,corso_IoT,ESP_LEOPIZZI,Lecce,Stanza,0.37966292134831436,0.06831460674157307,1.0301123595505626,0.2569662921348315,0.18876404494382024,-0.09157303370786521,56.80000000000009,20.786516853932586,0,12.853932584269662,21.70000000000003
,,0,2025-11-07T00:20:00Z,2025-11-07T06:05:00Z,2025-11-07T02:06:42.5Z,corso_IoT,ESP_LEOPIZZI,Lecce,Stanza,0.379772727272727,0.06818181818181822,1.0304545454545464,0.2810227272727273,0.19727272727272727,-0.12806818181818183,56.78181818181822,19.886363636363637,0,11.363636363636363,21.70000000000003
,,0,2025-11-07T00:20:00Z,2025-11-07T06:05:00Z,2025-11-07T02:07:40Z,corso_IoT,ESP_LEOPIZZI,Lecce,Stanza,0.37988372093023226,0.0684883720930233,1.0296511627906983,0.3013953488372093,0.1937209302325581,-0.11581395348837206,56.69999999999991,21.511627906976745,0,11.837209302325581,21.70000000000003
,,0,2025-11-07T00:20:00Z,2025-11-07T06:05:00Z,2025-11-07T02:08:37.5Z,corso_IoT,ESP_LEOPIZZI,Lecce,Stanza,0.37999999999999984,0.06772727272727276,1.0295454545454552,0.27568181818181814,0.20659090909090908,-0.09124999999999997,56.69999999999991,22.15909090909091,0,13.125,21.70000000000003
,,0,2025-11-07T00:20:00Z,2025-11-07T06:05:00Z,2025-11-07T02:09:35Z,corso_IoT,ESP_LEOPIZZI,Lecce,Stanza,0.38045454545454527,0.06795454545454549,1.0302272727272734,0.26886363636363625,0.21715909090909094,-0.12000000000000002,56.63068181818175,23.295454545454547,0,12.454545454545455,21.69545454545457
,,0,2025-11-07T00:20:00Z,2025-11-07T06:05:00Z,2025-11-07T02:10:32.5Z,corso_IoT,ESP_LEOPIZZI,Lecce,Stanza,0.3799999999999999,0.06791208791208796,1.0296703296703302,0.2662637362637363,0.23098901098901103,-0.11967032967032967,56.69999999999991,23.076923076923077,0,12.263736263736265,21.70000000000003
,,0,2025-11-07T00:20:00Z,2025-11-07T06:05:00Z,2025-11-07T02:11:30Z,corso_IoT,ESP_LEOPIZZI,Lecce,Stanza,0.3801123595505616,0.06730337078651688,1.028876404494383,0.25337078651685396,0.19943820224719105,-0.10988764044943818,56.69999999999991,23.59550561797753,0,11.662921348314606,21.70000000000003
,,0,2025-11-07T00:20:00Z,2025-11-07T06:05:00Z,2025-11-07T02:12:27.5Z,corso_IoT,ESP_LEOPIZZI,Lecce,Stanza,0.3803448275862067,0.06747126436781613,1.0297701149425296,0.28344827586206905,0.22724137931034485,-0.09000000000000004,56.69999999999991,20.689655172413794,0,12.39080459770115,21.696551724137954
,,0,2025-11-07T00:20:00Z,2025-11-07T06:05:00Z,2025-11-07T02:13:25Z,corso_IoT,ESP_LEOPIZZI,Lecce,Stanza,0.3799999999999997,0.06755813953488371,1.0296511627906981,0.26209302325581396,0.19011627906976739,-0.12104651162790697,56.67674418604651,19.186046511627907,0,12.965116279069768,21.690697674418626
,,0,2025-11-07T00:20:00Z,2025-11-07T06:05:00Z,2025-11-07T02:14:22.5Z,corso_IoT,ESP_LEOPIZZI,Lecce,Stanza,0.3802272727272726,0.06784090909090912,1.030000000000001,0.2709090909090908,0.17613636363636367,-0.11250000000000004,56.600000000000016,23.863636363636363,0,12.602272727272727,21.692045454545482
,,0,2025-11-07T00:20:00Z,2025-11-07T06:05:00Z,2025-11-07T02:15:20Z,corso_IoT,ESP_LEOPIZZI,Lecce,Stanza,0.37999999999999984,0.06750000000000003,1.0296590909090921,0.24215909090909096,0.18840909090909094,-0.12136363636363635,56.600000000000016,18.75,0,13.079545454545455,21.690909090909116
,,0,2025-11-07T00:20:00Z,2025-11-07T06:05:00Z,2025-11-07T02:16:17.5Z,corso_IoT,ESP_LEOPIZZI,Lecce,Stanza,0.38078651685393244,0.06831460674157305,1.0296629213483155,0.2631460674157304,0.21932584269662928,-0.11932584269662919,56.600000000000016,24.15730337078652,0,12.775280898876405,21.69101123595508
,,0,2025-11-07T00:20:00Z,2025-11-07T06:05:00Z,2025-11-07T02:17:15Z,corso_IoT,ESP_LEOPIZZI,Lecce,Stanza,0.3799999999999999,0.06846153846153849,1.02934065934066,0.29032967032967044,0.2229670329670329,-0.12615384615384614,56.60000000000002,24.175824175824175,0,12.021978021978022,21.62417582417579
,,0,2025-11-07T00:20:00Z,2025-11-07T06:05:00Z,2025-11-07T02:18:12.5Z,corso_IoT,ESP_LEOPIZZI,Lecce,Stanza,0.38043956043956034,0.06879120879120883,1.0289010989010996,0.2935164835164836,0.21857142857142853,-0.1243956043956044,56.60000000000002,23.076923076923077,0,13.054945054945055,21.63296703296704
,,0,2025-11-07T00:20:00Z,2025-11-07T06:05:00Z,2025-11-07T02:19:10Z,corso_IoT,ESP_LEOPIZZI,Lecce,Stanza,0.38089887640449427,0.06786516853932585,1.0294382022471917,0.2639325842696629,0.17820224719101124,-0.12292134831460676,56.600000000000016,24.719101123595507,0,13.786516853932584,21.671910112359555
,,0,2025-11-07T00:20:00Z,2025-11-07T06:05:00Z,2025-11-07T02:20:07.5Z,corso_IoT,ESP_LEOPIZZI,Lecce,Stanza,0.3802247191011235,0.06820224719101128,1.0285393258426976,0.24539325842696624,0.2357303370786516,-0.10730337078651682,56.600000000000016,19.662921348314608,0,12.887640449438202,21.67752808988767
,,0,2025-11-07T00:20:00Z,2025-11-07T06:05:00Z,2025-11-07T02:21:05Z,corso_IoT,ESP_LEOPIZZI,Lecce,Stanza,0.3804444444444443,0.0678888888888889,1.0288888888888894,0.24811111111111117,0.22066666666666662,-0.12177777777777773,56.60000000000002,22.22222222222222,0,13.322222222222223,21.668888888888883
,,0,2025-11-07T00:20:00Z,2025-11-07T06:05:00Z,2025-11-07T02:22:02.5Z,corso_IoT,ESP_LEOPIZZI,Lecce,Stanza,0.38011904761904747,0.07023809523809525,1.02904761904762,0.36190476190476195,0.19666666666666657,-0.10333333333333333,56.599999999999994,27.976190476190474,0,14.226190476190476,21.61904761904759
,,0,2025-11-07T00:20:00Z,2025-11-07T06:05:00Z,2025-11-07T02:23:00Z,corso_IoT,ESP_LEOPIZZI,Lecce,Stanza,0.3801249999999997,0.06975000000000003,1.0296250000000007,0.244125,0.21062499999999998,-0.09537499999999997,56.59999999999998,20.625,0,12.25,21.611249999999973
,,0,2025-11-07T00:20:00Z,2025-11-07T06:05:00Z,2025-11-07T02:23:57.5Z,corso_IoT,ESP_LEOPIZZI,Lecce,Stanza,0.37977272727272704,0.06931818181818186,1.0296590909090915,0.2645454545454546,0.22318181818181818,-0.11693181818181814,56.600000000000016,23.863636363636363,0,13.363636363636363,21.599999999999966
,,0,2025-11-07T00:20:00Z,2025-11-07T06:05:00Z,2025-11-07T02:24:55Z,corso_IoT,ESP_LEOPIZZI,Lecce,Stanza,0.37944444444444436,0.06933333333333339,1.029222222222223,0.2594444444444444,0.20188888888888878,-0.1295555555555556,56.60000000000002,19.444444444444443,0,14.222222222222221,21.61777777777776
,,0,2025-11-07T00:20:00Z,2025-11-07T06:05:00Z,2025-11-07T02:25:52.5Z,corso_IoT,ESP_LEOPIZZI,Lecce,Stanza,0.37966292134831436,0.06921348314606747,1.028651685393259,0.2451685393258427,0.22505617977528086,-0.09808988764044944,56.60898876404493,15.168539325842696,0,12.48314606741573,21.635955056179768
,,0,2025-11-07T00:20:00Z,2025-11-07T06:05:00Z,2025-11-07T02:26:50Z,corso_IoT,ESP_LEOPIZZI,Lecce,Stanza,0.37966666666666654,0.06944444444444452,1.0287777777777785,0.25677777777777777,0.2338888888888889,-0.13011111111111115,56.60000000000002,16.666666666666668,0,11.833333333333334,21.616666666666642
,,0,2025-11-07T00:20:00Z,2025-11-07T06:05:00Z,2025-11-07T02:27:47.5Z,corso_IoT,ESP_LEOPIZZI,Lecce,Stanza,0.37942528735632164,0.06954022988505754,1.0290804597701158,0.23977011494252878,0.24609195402298842,-0.11781609195402294,56.60000000000001,13.218390804597702,0,14.28735632183908,21.60344827586204
,,0,2025-11-07T00:20:00Z,2025-11-07T06:05:00Z,2025-11-07T02:28:45Z,corso_IoT,ESP_LEOPIZZI,Lecce,Stanza,0.37978021978021975,0.06901098901098907,1.028461538461539,0.24802197802197806,0.20813186813186818,-0.0743956043956044,56.60000000000002,15.934065934065934,0,13.725274725274724,21.604395604395574
,,0,2025-11-07T00:20:00Z,2025-11-07T06:05:00Z,2025-11-07T02:29:42.5Z,corso_IoT,ESP_LEOPIZZI,Lecce,Stanza,0.38011111111111096,0.06911111111111115,1.0281111111111119,0.2526666666666667,0.23366666666666674,-0.0921111111111111,56.60000000000002,15.555555555555555,0,12.777777777777779,21.599999999999966
,,0,2025-11-07T00:20:00Z,2025-11-07T06:05:00Z,2025-11-07T02:30:40Z,corso_IoT,ESP_LEOPIZZI,Lecce,Stanza,0.37966666666666654,0.06922222222222228,1.0290000000000004,0.24022222222222228,0.21699999999999997,-0.10744444444444438,56.50666666666667,20.555555555555557,0,13.877777777777778,21.599999999999966
,,0,2025-11-07T00:20:00Z,2025-11-07T06:05:00Z,2025-11-07T02:31:37.5Z,corso_IoT,ESP_LEOPIZZI,Lecce,Stanza,0.3798837209302323,0.06941860465116281,1.0290697674418612,0.24755813953488368,0.20697674418604647,-0.12465116279069764,56.5,12.790697674418604,0,12.418604651162791,21.599999999999966
,,0,2025-11-07T00:20:00Z,2025-11-07T06:05:00Z,2025-11-07T02:32:35Z,corso_IoT,ESP_LEOPIZZI,Lecce,Stanza,0.37954022988505737,0.06942528735632188,1.0278160919540236,0.23701149425287354,0.2578160919540229,-0.09379310344827586,56.46666666666666,13.218390804597702,0,12.517241379310345,21.599999999999966
,,0,2025-11-07T00:20:00Z,2025-11-07T06:05:00Z,2025-11-07T02:33:32.5Z,corso_IoT,ESP_LEOPIZZI,Lecce,Stanza,0.3798888888888888,0.06966666666666674,1.0286666666666673,0.2727777777777778,0.20911111111111108,-0.09511111111111113,56.49555555555556,13.88888888888889,0,12.6,21.599999999999966
,,0,2025-11-07T00:20:00Z,2025-11-07T06:05:00Z,2025-11-07T02:34:30Z,corso_IoT,ESP_LEOPIZZI,Lecce,Stanza,0.37988764044943807,0.06977528089887647,1.02808988764045,0.2640449438202247,0.18831460674157302,-0.09505617977528089,56.5,14.606741573033707,0,12.98876404494382,21.599999999999966
,,0,2025-11-07T00:20:00Z,2025-11-07T06:05:00Z,2025-11-07T02:35:27.5Z,corso_IoT,ESP_LEOPIZZI,Lecce,Stanza,0.3798901098901098,0.0695604395604396,1.0285714285714291,0.24505494505494507,0.21439560439560446,-0.11890109890109889,56.5,14.835164835164836,0,12.868131868131869,21.599999999999962
,,0,2025-11-07T00:20:00Z,2025-11-07T06:05:00Z,2025-11-07T02:36:25Z,corso_IoT,ESP_LEOPIZZI,Lecce,Stanza,0.37978260869565206,0.0695652173913044,1.028369565217392,0.23771739130434788,0.22282608695652178,-0.11358695652173914,56.5,12.5,0,13.173913043478262,21.599999999999962
,,0,2025-11-07T00:20:00Z,2025-11-07T06:05:00Z,2025-11-07T02:37:22.5Z,corso_IoT,ESP_LEOPIZZI,Lecce,Stanza,0.3798863636363634,0.0695454545454546,1.0273863636363638,0.2595454545454545,0.2638636363636364,-0.11545454545454549,56.527272727272766,9.659090909090908,0,13.988636363636363,21.599999999999966
,,0,2025-11-07T00:20:00Z,2025-11-07T06:05:00Z,2025-11-07T02:38:20Z,corso_IoT,ESP_LEOPIZZI,Lecce,Stanza,0.3798850574712643,0.0697701149425288,1.0283908045977017,0.24632183908045982,0.22379310344827588,-0.0941379310344828,56.50919540229885,12.068965517241379,0,12.022988505747126,21.599999999999966
,,0,2025-11-07T00:20:00Z,2025-11-07T06:05:00Z,2025-11-07T02:39:17.5Z,corso_IoT,ESP_LEOPIZZI,Lecce,Stanza,0.37976190476190447,0.06892857142857148,1.0277380952380957,0.27071428571428563,0.2099999999999999,-0.11797619047619042,56.5,14.880952380952381,0,14.738095238095237,21.59999999999997
,,0,2025-11-07T00:20:00Z,2025-11-07T06:05:00Z,2025-11-07T02:40:15Z,corso_IoT,ESP_LEOPIZZI,Lecce,Stanza,0.37974999999999975,0.06925000000000003,1.0287500000000007,0.25037499999999996,0.23237500000000008,-0.11125000000000003,56.55749999999999,11.875,0,12.175,21.599999999999973
,,0,2025-11-07T00:20:00Z,2025-11-07T06:05:00Z,2025-11-07T02:41:12.5Z,corso_IoT,ESP_LEOPIZZI,Lecce,Stanza,0.3798888888888887,0.06900000000000003,1.0277777777777783,0.26377777777777767,0.23233333333333334,-0.11166666666666668,56.60000000000002,8.88888888888889,0,11.955555555555556,21.599999999999966
,,0,2025-11-07T00:20:00Z,2025-11-07T06:05:00Z,2025-11-07T02:42:10Z,corso_IoT,ESP_LEOPIZZI,Lecce,Stanza,0.3799999999999998,0.06896551724137935,1.0275862068965522,0.24068965517241372,0.2304597701149426,-0.12448275862068969,56.60000000000001,10.919540229885058,0,12.74712643678161,21.599999999999966
,,0,2025-11-07T00:20:00Z,2025-11-07T06:05:00Z,2025-11-07T02:43:07.5Z,corso_IoT,ESP_LEOPIZZI,Lecce,Stanza,0.3801123595505616,0.06932584269662927,1.0292134831460682,0.2665168539325843,0.26157303370786517,-0.10314606741573033,56.600000000000016,16.853932584269664,0,12.865168539325843,21.599999999999966
,,0,2025-11-07T00:20:00Z,2025-11-07T06:05:00Z,2025-11-07T02:44:05Z,corso_IoT,ESP_LEOPIZZI,Lecce,Stanza,0.3799999999999999,0.06978021978021985,1.0280219780219784,0.26571428571428574,0.23219780219780214,-0.1270329670329671,56.60000000000002,10.989010989010989,0,11.87912087912088,21.599999999999962
,,0,2025-11-07T00:20:00Z,2025-11-07T06:05:00Z,2025-11-07T02:45:02.5Z,corso_IoT,ESP_LEOPIZZI,Lecce,Stanza,0.3797777777777776,0.06977777777777783,1.0281111111111119,0.23933333333333323,0.19988888888888887,-0.0937777777777778,56.60000000000002,13.333333333333334,0,13.244444444444444,21.599999999999966
,,0,2025-11-07T00:20:00Z,2025-11-07T06:05:00Z,2025-11-07T02:46:00Z,corso_IoT,ESP_LEOPIZZI,Lecce,Stanza,0.38011363636363615,0.06920454545454548,1.0284090909090915,0.2523863636363637,0.22602272727272732,-0.09659090909090913,56.600000000000016,13.636363636363637,0,12.534090909090908,21.599999999999966
,,0,2025-11-07T00:20:00Z,2025-11-07T06:05:00Z,2025-11-07T02:46:57.5Z,corso_IoT,ESP_LEOPIZZI,Lecce,Stanza,0.37988764044943807,0.06932584269662927,1.02808988764045,0.24,0.2460674157303371,-0.09651685393258423,56.600000000000016,14.044943820224718,0,13.325842696629213,21.599999999999966
,,0,2025-11-07T00:20:00Z,2025-11-07T06:05:00Z,2025-11-07T02:47:55Z,corso_IoT,ESP_LEOPIZZI,Lecce,Stanza,0.3799999999999998,0.06954022988505754,1.0278160919540236,0.25229885057471274,0.2445977011494254,-0.12793103448275858,56.60000000000001,7.471264367816092,0,13.10344827586207,21.599999999999966
,,0,2025-11-07T00:20:00Z,2025-11-07T06:05:00Z,2025-11-07T02:48:52.5Z,corso_IoT,ESP_LEOPIZZI,Lecce,Stanza,0.3797752808988763,0.06898876404494386,1.0285393258426974,0.2659550561797754,0.2187640449438203,-0.12426966292134832,56.6224719101123,12.92134831460674,0,12.9438202247191,21.599999999999966
,,0,2025-11-07T00:20:00Z,2025-11-07T06:05:00Z,2025-11-07T02:49:50Z,corso_IoT,ESP_LEOPIZZI,Lecce,Stanza,0.37966666666666654,0.06966666666666672,1.0277777777777783,0.2426666666666667,0.22366666666666662,-0.11733333333333332,56.69999999999991,8.333333333333334,0,13.177777777777777,21.599999999999966
,,0,2025-11-07T00:20:00Z,2025-11-07T06:05:00Z,2025-11-07T02:50:47.5Z,corso_IoT,ESP_LEOPIZZI,Lecce,Stanza,0.37966666666666654,0.06900000000000003,1.0284444444444452,0.25688888888888883,0.20855555555555552,-0.10844444444444447,56.69999999999991,11.11111111111111,0,12.655555555555555,21.599999999999966
,,0,2025-11-07T00:20:00Z,2025-11-07T06:05:00Z,2025-11-07T02:51:45Z,corso_IoT,ESP_LEOPIZZI,Lecce,Stanza,0.3798888888888888,0.06911111111111115,1.0286666666666675,0.2700000000000002,0.24566666666666662,-0.1108888888888889,56.69999999999991,11.11111111111111,0,12.222222222222221,21.599999999999966
,,0,2025-11-07T00:20:00Z,2025-11-07T06:05:00Z,2025-11-07T02:52:42.5Z,corso_IoT,ESP_LEOPIZZI,Lecce,Stanza,0.37966292134831453,0.06921348314606747,1.0285393258426974,0.23415730337078638,0.24258426966292143,-0.09101123595505621,56.69999999999991,15.730337078651685,0,12.955056179775282,21.599999999999966
,,0,2025-11-07T00:20:00Z,2025-11-07T06:05:00Z,2025-11-07T02:53:40Z,corso_IoT,ESP_LEOPIZZI,Lecce,Stanza,0.37988764044943807,0.06865168539325844,1.0275280898876409,0.2638202247191011,0.2517977528089886,-0.09617977528089892,56.69999999999991,10.674157303370787,0,13.842696629213483,21.599999999999966
,,0,2025-11-07T00:20:00Z,2025-11-07T06:05:00Z,2025-11-07T02:54:37.5Z,corso_IoT,ESP_LEOPIZZI,Lecce,Stanza,0.3799999999999997,0.06914634146341465,1.0278048780487812,0.25280487804878055,0.25219512195121946,-0.12695121951219507,56.69999999999992,8.536585365853659,0,11.24390243902439,21.59999999999997
,,0,2025-11-07T00:20:00Z,2025-11-07T06:05:00Z,2025-11-07T02:55:35Z,corso_IoT,ESP_LEOPIZZI,Lecce,Stanza,0.3801190476190473,0.06892857142857146,1.0279761904761913,0.24440476190476193,0.2463095238095237,-0.10119047619047616,56.69999999999992,8.928571428571429,0,12.130952380952381,21.59999999999997
,,0,2025-11-07T00:20:00Z,2025-11-07T06:05:00Z,2025-11-07T02:56:32.5Z,corso_IoT,ESP_LEOPIZZI,Lecce,Stanza,0.39038461538461494,0.07538461538461541,1.027307692307693,0.19551282051282054,0.2884615384615385,-0.06474358974358975,56.699999999999925,25,0,12.115384615384615,21.599999999999973
,,0,2025-11-07T00:20:00Z,2025-11-07T06:05:00Z,2025-11-07T02:57:30Z,corso_IoT,ESP_LEOPIZZI,Lecce,Stanza,0.4197590361445791,0.09722891566265048,1.0242168674698797,0.35819277108433734,0.13277108433734938,-0.06518072289156626,56.74578313253017,48.795180722891565,0,13.710843373493976,21.59999999999997
,,0,2025-11-07T00:20:00Z,2025-11-07T06:05:00Z,2025-11-07T02:58:27.5Z,corso_IoT,ESP_LEOPIZZI,Lecce,Stanza,0.42282352941176515,0.09894117647058816,1.0275294117647062,0.38800000000000007,-0.256235294117647,-0.13470588235294115,56.72941176470577,50,0,13.48235294117647,21.59999999999997
,,0,2025-11-07T00:20:00Z,2025-11-07T06:05:00Z,2025-11-07T02:59:25Z,corso_IoT,ESP_LEOPIZZI,Lecce,Stanza,0.29651162790697627,0.050930232558139464,1.035000000000001,0.21313953488372092,0.30965116279069776,-0.08279069767441864,56.76744186046522,6.395348837209302,0,11.453488372093023,21.599999999999966
,,0,2025-11-07T00:20:00Z,2025-11-07T06:05:00Z,2025-11-07T03:00:22.5Z,corso_IoT,ESP_LEOPIZZI,Lecce,Stanza,0.2883908045977007,0.0480459770114942,1.0336781609195413,0.28482758620689647,0.25229885057471263,-0.0524137931034483,56.80000000000009,0,0,13.022988505747126,21.599999999999966
,,0,2025-11-07T00:20:00Z,2025-11-07T06:05:00Z,2025-11-07T03:01:20Z,corso_IoT,ESP_LEOPIZZI,Lecce,Stanza,0.4204597701149425,0.09333333333333318,1.0214942528735633,0.3317241379310345,-0.2251724137931036,-0.0485057471264368,56.80000000000009,45.97701149425287,0,13.35632183908046,21.599999999999966
,,0,2025-11-07T00:20:00Z,2025-11-07T06:05:00Z,2025-11-07T03:02:17.5Z,corso_IoT,ESP_LEOPIZZI,Lecce,Stanza,0.4291666666666665,0.09976190476190461,1.023214285714286,0.2635714285714285,0.18595238095238087,-0.10023809523809524,56.86666666666666,50,0,14.321428571428571,21.59999999999997
,,0,2025-11-07T00:20:00Z,2025-11-07T06:05:00Z,2025-11-07T03:03:15Z,corso_IoT,ESP_LEOPIZZI,Lecce,Stanza,0.4295061728395061,0.09999999999999987,1.0240740740740744,0.2692592592592593,0.2524691358024691,-0.13518518518518516,56.91111111111117,50,0,14.17283950617284,21.59999999999997
,,0,2025-11-07T00:20:00Z,2025-11-07T06:05:00Z,2025-11-07T03:04:12.5Z,corso_IoT,ESP_LEOPIZZI,Lecce,Stanza,0.4297619047619045,0.09976190476190462,1.0227380952380951,0.3064285714285713,0.20678571428571418,-0.09488095238095237,56.99404761904762,50,0,14.345238095238095,21.59999999999997
,,0,2025-11-07T00:20:00Z,2025-11-07T06:05:00Z,2025-11-07T03:05:10Z,corso_IoT,ESP_LEOPIZZI,Lecce,Stanza,0.4299999999999998,0.10036144578313239,1.0228915662650606,0.2730120481927711,0.24722891566265068,-0.09674698795180724,57,50,0,13.783132530120483,21.59999999999997
,,0,2025-11-07T00:20:00Z,2025-11-07T06:05:00Z,2025-11-07T03:06:07.5Z,corso_IoT,ESP_LEOPIZZI,Lecce,Stanza,0.42977272727272714,0.10011363636363621,1.0220454545454547,0.22136363636363637,0.19636363636363638,-0.10022727272727275,57,50,0,14.727272727272727,21.599999999999966
,,0,2025-11-07T00:20:00Z,2025-11-07T06:05:00Z,2025-11-07T03:07:05Z,corso_IoT,ESP_LEOPIZZI,Lecce,Stanza,0.42999999999999977,0.0996666666666665,1.0223333333333333,0.23644444444444443,0.22444444444444445,-0.08411111111111115,56.99222222222223,50,0,13.933333333333334,21.599999999999966
,,0,2025-11-07T00:20:00Z,2025-11-07T06:05:00Z,2025-11-07T03:08:02.5Z,corso_IoT,ESP_LEOPIZZI,Lecce,Stanza,0.4301149425287354,0.09942528735632168,1.0222988505747128,0.256551724137931,0.20793103448275857,-0.08701149425287355,57,50,0,14.160919540229886,21.599999999999966
,,0,2025-11-07T00:20:00Z,2025-11-07T06:05:00Z,2025-11-07T03:09:00Z,corso_IoT,ESP_LEOPIZZI,Lecce,Stanza,0.43022727272727257,0.09988636363636348,1.0222727272727274,0.2662500000000001,0.21181818181818188,-0.09715909090909092,57,50,0,14.045454545454545,21.599999999999966
,,0,2025-11-07T00:20:00Z,2025-11-07T06:05:00Z,2025-11-07T03:09:57.5Z,corso_IoT,ESP_LEOPIZZI,Lecce,Stanza,0.4301149425287354,0.09954022988505731,1.0226436781609196,0.25413793103448273,0.22804597701149418,-0.11977011494252868,56.98735632183906,50,0,13.885057471264368,21.599999999999966
,,0,2025-11-07T00:20:00Z,2025-11-07T06:05:00Z,2025-11-07T03:10:55Z,corso_IoT,ESP_LEOPIZZI,Lecce,Stanza,0.4303448275862067,0.10011494252873548,1.0237931034482761,0.2754022988505747,0.2086206896551724,-0.1110344827586207,56.95287356321835,50,0,13.908045977011493,21.599999999999966
,,0,2025-11-07T00:20:00Z,2025-11-07T06:05:00Z,2025-11-07T03:11:52.5Z,corso_IoT,ESP_LEOPIZZI,Lecce,Stanza,0.4306741573033706,0.10011235955056164,1.023258426966292,0.27303370786516856,0.2378651685393259,-0.11707865168539323,56.919101123595496,50,0,14.044943820224718,21.599999999999966
,,0,2025-11-07T00:20:00Z,2025-11-07T06:05:00Z,2025-11-07T03:12:50Z,corso_IoT,ESP_LEOPIZZI,Lecce,Stanza,0.385287356321839,0.08574712643678149,1.0218390804597706,-0.008275862068965441,0.6095402298850575,-0.1785057471264368,56.9333333333333,43.67816091954023,0,13.724137931034482,21.599999999999966
,,0,2025-11-07T00:20:00Z,2025-11-07T06:05:00Z,2025-11-07T03:13:47.5Z,corso_IoT,ESP_LEOPIZZI,Lecce,Stanza,0.1395555555555557,0.008444444444444449,1.0241111111111116,0.2958888888888888,0.22566666666666665,-0.1688888888888889,56.89999999999998,0,0,11.488888888888889,21.599999999999966
,,0,2025-11-07T00:20:00Z,2025-11-07T06:05:00Z,2025-11-07T03:14:45Z,corso_IoT,ESP_LEOPIZZI,Lecce,Stanza,0.13538461538461555,0.007692307692307697,1.0232967032967035,0.2869230769230768,0.23725274725274728,-0.17593406593406596,56.89999999999998,0,0,11.648351648351648,21.599999999999962
,,0,2025-11-07T00:20:00Z,2025-11-07T06:05:00Z,2025-11-07T03:15:42.5Z,corso_IoT,ESP_LEOPIZZI,Lecce,Stanza,0.1332222222222224,0.003666666666666668,1.0227777777777778,0.28099999999999986,0.22155555555555545,-0.15255555555555553,56.89999999999998,0,0,12.822222222222223,21.599999999999966
,,0,2025-11-07T00:20:00Z,2025-11-07T06:05:00Z,2025-11-07T03:16:40Z,corso_IoT,ESP_LEOPIZZI,Lecce,Stanza,0.13079545454545471,0.00011363636363636364,1.0217045454545455,0.3143181818181817,0.25931818181818167,-0.1593181818181818,56.899999999999984,0,0,12.829545454545455,21.599999999999966
,,0,2025-11-07T00:20:00Z,2025-11-07T06:05:00Z,2025-11-07T03:17:37.5Z,corso_IoT,ESP_LEOPIZZI,Lecce,Stanza,0.13034090909090926,0.00011363636363636364,1.0213636363636367,0.2819318181818182,0.22818181818181815,-0.17318181818181816,56.899999999999984,0,0,11.522727272727273,21.599999999999966
,,0,2025-11-07T00:20:00Z,2025-11-07T06:05:00Z,2025-11-07T03:18:35Z,corso_IoT,ESP_LEOPIZZI,Lecce,Stanza,0.13000000000000017,0.00022727272727272727,1.0207954545454543,0.28011363636363645,0.2171590909090909,-0.1460227272727272,56.899999999999984,0,0,13.181818181818182,21.599999999999966
,,0,2025-11-07T00:20:00Z,2025-11-07T06:05:00Z,2025-11-07T03:19:32.5Z,corso_IoT,ESP_LEOPIZZI,Lecce,Stanza,0.13000000000000017,0.00011235955056179776,1.0211235955056182,0.26988764044943814,0.22213483146067414,-0.1653932584269663,56.899999999999984,0,0,12.561797752808989,21.599999999999966
,,0,2025-11-07T00:20:00Z,2025-11-07T06:05:00Z,2025-11-07T03:20:30Z,corso_IoT,ESP_LEOPIZZI,Lecce,Stanza,0.13055555555555576,-0.00011111111111111112,1.0209999999999997,0.28722222222222227,0.2194444444444445,-0.1679999999999999,56.89999999999998,0,0,11.666666666666666,21.599999999999966
,,0,2025-11-07T00:20:00Z,2025-11-07T06:05:00Z,2025-11-07T03:21:27.5Z,corso_IoT,ESP_LEOPIZZI,Lecce,Stanza,0.35111111111111093,0.07814814814814808,1.0303703703703713,0.44617283950617287,-0.28444444444444444,-0.19246913580246908,56.90000000000002,38.27160493827161,0,13.580246913580247,21.59999999999997
,,0,2025-11-07T00:20:00Z,2025-11-07T06:05:00Z,2025-11-07T03:22:25Z,corso_IoT,ESP_LEOPIZZI,Lecce,Stanza,0.38265060240963855,0.09879518072289141,1.0322891566265069,0.2953012048192772,0.16421686746987949,-0.1375903614457831,56.900000000000006,47.59036144578313,0,14.44578313253012,21.59999999999997
,,0,2025-11-07T00:20:00Z,2025-11-07T06:05:00Z,2025-11-07T03:23:22.5Z,corso_IoT,ESP_LEOPIZZI,Lecce,Stanza,0.3844186046511629,0.098720930232558,1.0322093023255823,0.2951162790697675,0.20360465116279067,-0.13011627906976742,56.9,48.25581395348837,0,13.616279069767442,21.599999999999966
,,0,2025-11-07T00:20:00Z,2025-11-07T06:05:00Z,2025-11-07T03:24:20Z,corso_IoT,ESP_LEOPIZZI,Lecce,Stanza,0.38569767441860475,0.09930232558139519,1.0323255813953496,0.30686046511627907,0.21360465116279068,-0.14034883720930236,56.9,48.83720930232558,0,15.813953488372093,21.599999999999966
,,0,2025-11-07T00:20:00Z,2025-11-07T06:05:00Z,2025-11-07T03:25:17.5Z,corso_IoT,ESP_LEOPIZZI,Lecce,Stanza,0.3869318181818183,0.09897727272727258,1.0326136363636371,0.2844318181818182,0.18579545454545449,-0.1417045454545455,56.899999999999984,49.43181818181818,0,14.931818181818182,21.599999999999966
,,0,2025-11-07T00:20:00Z,2025-11-07T06:05:00Z,2025-11-07T03:26:15Z,corso_IoT,ESP_LEOPIZZI,Lecce,Stanza,0.38738636363636386,0.09886363636363621,1.0321590909090916,0.2819318181818182,0.2438636363636365,-0.14545454545454542,56.87613636363645,49.43181818181818,0,13.420454545454545,21.599999999999966
,,0,2025-11-07T00:20:00Z,2025-11-07T06:05:00Z,2025-11-07T03:27:12.5Z,corso_IoT,ESP_LEOPIZZI,Lecce,Stanza,0.3883908045977015,0.09908045977011479,1.0326436781609205,0.30873563218390804,0.19011494252873562,-0.12390804597701147,56.80000000000009,50,0,15.574712643678161,21.599999999999966
,,0,2025-11-07T00:20:00Z,2025-11-07T06:05:00Z,2025-11-07T03:28:10Z,corso_IoT,ESP_LEOPIZZI,Lecce,Stanza,0.3889411764705885,0.09952941176470573,1.0315294117647067,0.2830588235294117,0.20823529411764705,-0.12623529411764708,56.80000000000008,48.8235294117647,0,14.494117647058824,21.59999999999997
,,0,2025-11-07T00:20:00Z,2025-11-07T06:05:00Z,2025-11-07T03:29:07.5Z,corso_IoT,ESP_LEOPIZZI,Lecce,Stanza,0.3888636363636367,0.09897727272727255,1.0312500000000009,0.2877272727272727,0.17124999999999993,-0.1578409090909091,56.8522727272727,48.29545454545455,0,14.988636363636363,21.599999999999966
,,0,2025-11-07T00:20:00Z,2025-11-07T06:05:00Z,2025-11-07T03:30:05Z,corso_IoT,ESP_LEOPIZZI,Lecce,Stanza,0.3885882352941179,0.09882352941176456,1.0316470588235305,0.2697647058823529,0.20752941176470593,-0.13458823529411765,56.887058823529394,50,0,14.105882352941176,21.59999999999997
,,0,2025-11-07T00:20:00Z,2025-11-07T06:05:00Z,2025-11-07T03:31:02.5Z,corso_IoT,ESP_LEOPIZZI,Lecce,Stanza,0.3894117647058827,0.09905882352941162,1.0323529411764714,0.30423529411764716,0.19764705882352937,-0.14317647058823532,56.9,49.411764705882355,0,14.447058823529412,21.59999999999997
,,0,2025-11-07T00:20:00Z,2025-11-07T06:05:00Z,2025-11-07T03:32:00Z,corso_IoT,ESP_LEOPIZZI,Lecce,Stanza,0.388674698795181,0.09891566265060227,1.0318072289156635,0.2401204819277107,0.21759036144578325,-0.1646987951807229,56.82891566265066,47.59036144578313,0,13.156626506024097,21.59999999999997
,,0,2025-11-07T00:20:00Z,2025-11-07T06:05:00Z,2025-11-07T03:32:57.5Z,corso_IoT,ESP_LEOPIZZI,Lecce,Stanza,0.2977906976744186,0.12104651162790693,1.047093023255814,0.3160465116279074,0.5975581395348838,-0.2272093023255814,56.9,21.511627906976745,0,11.732558139534884,21.599999999999966
,,0,2025-11-07T00:20:00Z,2025-11-07T06:05:00Z,2025-11-07T03:33:55Z,corso_IoT,ESP_LEOPIZZI,Lecce,Stanza,0.3473255813953489,0.09069767441860456,1.037325581395349,0.25,0.14034883720930233,-0.05534883720930232,56.9,22.674418604651162,0,13.13953488372093,21.599999999999966
,,0,2025-11-07T00:20:00Z,2025-11-07T06:05:00Z,2025-11-07T03:34:52.5Z,corso_IoT,ESP_LEOPIZZI,Lecce,Stanza,0.29467532467532465,0.10896103896103901,1.0449350649350655,0.2254545454545455,0.398051948051948,-0.3615584415584415,56.95584415584415,19.48051948051948,0,12.363636363636363,21.599999999999973
,,0,2025-11-07T00:20:00Z,2025-11-07T06:05:00Z,2025-11-07T03:35:50Z,corso_IoT,ESP_LEOPIZZI,Lecce,Stanza,0.343409090909091,0.10761363636363631,1.040227272727274,0.2784090909090909,0.2159090909090909,-0.14386363636363633,56.899999999999984,31.25,0,12.534090909090908,21.599999999999966
,,0,2025-11-07T00:20:00Z,2025-11-07T06:05:00Z,2025-11-07T03:36:47.5Z,corso_IoT,ESP_LEOPIZZI,Lecce,Stanza,0.2045121951219515,0.011829268292682927,1.019146341463415,0.20731707317073178,0.30939024390243897,-0.33231707317073167,56.90000000000001,15.24390243902439,0,14.060975609756097,21.59999999999997
,,0,2025-11-07T00:20:00Z,2025-11-07T06:05:00Z,2025-11-07T03:37:45Z,corso_IoT,ESP_LEOPIZZI,Lecce,Stanza,0.1380232558139536,-0.018372093023255827,1.017325581395349,0.297906976744186,0.16418604651162788,-0.21511627906976744,56.894186046511656,0,0,11.813953488372093,21.599999999999966
,,0,2025-11-07T00:20:00Z,2025-11-07T06:05:00Z,2025-11-07T03:38:42.5Z,corso_IoT,ESP_LEOPIZZI,Lecce,Stanza,0.13651162790697688,-0.01872093023255815,1.017325581395349,0.328953488372093,0.22244186046511635,-0.19325581395348834,56.81279069767448,0,0,11.94186046511628,21.599999999999966
,,0,2025-11-07T00:20:00Z,2025-11-07T06:05:00Z,2025-11-07T03:39:40Z,corso_IoT,ESP_LEOPIZZI,Lecce,Stanza,0.132247191011236,-0.020449438202247205,1.0156179775280905,0.2823595505617977,0.20202247191011233,-0.2015730337078652,56.80337078651694,0.5617977528089888,0,12.9438202247191,21.599999999999966
,,0,2025-11-07T00:20:00Z,2025-11-07T06:05:00Z,2025-11-07T03:40:37.5Z,corso_IoT,ESP_LEOPIZZI,Lecce,Stanza,0.1210465116279069,-0.023372093023255828,1.0132558139534888,0.31174418604651155,0.17732558139534882,-0.15453488372093027,56.80000000000009,0,0,11.453488372093023,21.599999999999966
,,0,2025-11-07T00:20:00Z,2025-11-07T06:05:00Z,2025-11-07T03:41:35Z,corso_IoT,ESP_LEOPIZZI,Lecce,Stanza,0.12045977011494241,-0.022988505747126454,1.0131034482758632,0.3062068965517241,0.22494252873563214,-0.17321839080459772,56.80000000000009,0,0,12.183908045977011,21.599999999999966
,,0,2025-11-07T00:20:00Z,2025-11-07T06:05:00Z,2025-11-07T03:42:32.5Z,corso_IoT,ESP_LEOPIZZI,Lecce,Stanza,0.12044444444444433,-0.02366666666666668,1.0122222222222228,0.31422222222222224,0.18144444444444444,-0.19000000000000009,56.80000000000009,0,0,12.911111111111111,21.599999999999966
,,0,2025-11-07T00:20:00Z,2025-11-07T06:05:00Z,2025-11-07T03:43:30Z,corso_IoT,ESP_LEOPIZZI,Lecce,Stanza,0.12056179775280887,-0.02393258426966293,1.0129213483146073,0.290561797752809,0.1589887640449439,-0.17056179775280894,56.80000000000009,0,0,11.955056179775282,21.599999999999966
,,0,2025-11-07T00:20:00Z,2025-11-07T06:05:00Z,2025-11-07T03:44:27.5Z,corso_IoT,ESP_LEOPIZZI,Lecce,Stanza,0.11999999999999987,-0.02404494382022473,1.0133707865168546,0.31426966292134845,0.1908988764044944,-0.1782022471910112,56.80000000000009,0,0,12.876404494382022,21.599999999999966
,,0,2025-11-07T00:20:00Z,2025-11-07T06:05:00Z,2025-11-07T03:45:25Z,corso_IoT,ESP_LEOPIZZI,Lecce,Stanza,0.12011235955056167,-0.024606741573033716,1.0123595505617984,0.29067415730337076,0.21404494382022465,-0.14617977528089884,56.80000000000009,0,0,12.92134831460674,21.599999999999966
,,0,2025-11-07T00:20:00Z,2025-11-07T06:05:00Z,2025-11-07T03:46:22.5Z,corso_IoT,ESP_LEOPIZZI,Lecce,Stanza,0.1199999999999999,-0.024597701149425298,1.0128735632183912,0.29310344827586204,0.1819540229885058,-0.16551724137931034,56.80000000000009,0,0,12.873563218390805,21.599999999999966
,,0,2025-11-07T00:20:00Z,2025-11-07T06:05:00Z,2025-11-07T03:47:20Z,corso_IoT,ESP_LEOPIZZI,Lecce,Stanza,0.11999999999999988,-0.025795454545454552,1.0125000000000002,0.30090909090909085,0.20011363636363633,-0.17090909090909093,56.84772727272725,0,0,12.068181818181818,21.599999999999966
,,0,2025-11-07T00:20:00Z,2025-11-07T06:05:00Z,2025-11-07T03:48:17.5Z,corso_IoT,ESP_LEOPIZZI,Lecce,Stanza,0.1199999999999999,-0.025930232558139546,1.0123255813953491,0.3220930232558139,0.19325581395348834,-0.16546511627906976,56.9,0,0,12.081395348837209,21.599999999999966
,,0,2025-11-07T00:20:00Z,2025-11-07T06:05:00Z,2025-11-07T03:49:15Z,corso_IoT,ESP_LEOPIZZI,Lecce,Stanza,0.11999999999999987,-0.025777777777777774,1.012444444444445,0.29633333333333334,0.14855555555555558,-0.1672222222222222,56.89999999999998,0,0,12.5,21.599999999999966
,,0,2025-11-07T00:20:00Z,2025-11-07T06:05:00Z,2025-11-07T03:50:12.5Z,corso_IoT,ESP_LEOPIZZI,Lecce,Stanza,0.12352272727272746,-0.029886363636363645,1.01159090909091,0.2595454545454546,0.09988636363636366,-0.1809090909090909,56.899999999999984,0.5681818181818182,0,12.386363636363637,21.599999999999966
,,0,2025-11-07T00:20:00Z,2025-11-07T06:05:00Z,2025-11-07T03:51:10Z,corso_IoT,ESP_LEOPIZZI,Lecce,Stanza,0.12906976744186058,-0.037325581395348854,1.0098837209302334,0.2939534883720931,0.16674418604651162,-0.17767441860465116,56.9,0,0,13.44186046511628,21.599999999999966
,,0,2025-11-07T00:20:00Z,2025-11-07T06:05:00Z,2025-11-07T03:52:07.5Z,corso_IoT,ESP_LEOPIZZI,Lecce,Stanza,0.12925925925925932,-0.03753086419753087,1.0095061728395067,0.3122222222222221,0.1750617283950617,-0.18037037037037038,56.90000000000002,0,0,11.91358024691358,21.59999999999997
,,0,2025-11-07T00:20:00Z,2025-11-07T06:05:00Z,2025-11-07T03:53:05Z,corso_IoT,ESP_LEOPIZZI,Lecce,Stanza,0.12976470588235306,-0.03776470588235296,1.0097647058823536,0.30670588235294116,0.11799999999999997,-0.17105882352941176,56.9,0.5882352941176471,0,12.988235294117647,21.59999999999997
,,0,2025-11-07T00:20:00Z,2025-11-07T06:05:00Z,2025-11-07T03:54:02.5Z,corso_IoT,ESP_LEOPIZZI,Lecce,Stanza,0.12956043956043972,-0.03835164835164836,1.0087912087912099,0.31846153846153846,0.1301098901098901,-0.1718681318681319,56.89999999999998,0,0,12.648351648351648,21.599999999999962
,,0,2025-11-07T00:20:00Z,2025-11-07T06:05:00Z,2025-11-07T03:55:00Z,corso_IoT,ESP_LEOPIZZI,Lecce,Stanza,0.12505494505494485,-0.03736263736263735,1.0090109890109897,0.3098901098901096,0.21560439560439565,-0.15153846153846154,56.89999999999998,0,0,12.791208791208792,21.599999999999962
,,0,2025-11-07T00:20:00Z,2025-11-07T06:05:00Z,2025-11-07T03:55:57.5Z,corso_IoT,ESP_LEOPIZZI,Lecce,Stanza,0.12032258064516113,-0.036236559139784935,1.0089247311827965,0.30505376344086016,0.1698924731182795,-0.1641935483870968,56.86344086021516,0,0,12.698924731182796,21.599999999999962
,,0,2025-11-07T00:20:00Z,2025-11-07T06:05:00Z,2025-11-07T03:56:55Z,corso_IoT,ESP_LEOPIZZI,Lecce,Stanza,0.12204301075268811,-0.035591397849462365,1.0091397849462374,0.3948387096774195,-0.04913978494623655,-0.08838709677419351,56.81612903225807,3.225806451612903,0,12.881720430107526,21.599999999999962
,,0,2025-11-07T00:20:00Z,2025-11-07T06:05:00Z,2025-11-07T03:57:52.5Z,corso_IoT,ESP_LEOPIZZI,Lecce,Stanza,0.11032967032967024,-0.05373626373626368,0.9993406593406595,0.17802197802197803,0.20670329670329665,-0.1173626373626374,56.89999999999998,4.945054945054945,-0.01098901098901099,15.131868131868131,21.599999999999962
,,0,2025-11-07T00:20:00Z,2025-11-07T06:05:00Z,2025-11-07T03:58:50Z,corso_IoT,ESP_LEOPIZZI,Lecce,Stanza,0.2414606741573036,-0.09067415730337071,0.9725842696629206,0.5825842696629213,-0.29606741573033724,-0.1155056179775281,57.76404494382024,9.55056179775281,0,10.168539325842696,21.91123595505614
,,0,2025-11-07T00:20:00Z,2025-11-07T06:05:00Z,2025-11-07T03:59:47.5Z,corso_IoT,ESP_LEOPIZZI,Lecce,Stanza,0.3952173913043476,-0.05010869565217383,0.9897826086956512,0.3048913043478262,0.16999999999999998,-0.1126086956521739,56.58369565217387,0,0,5.760869565217392,22.063043478260866
,,0,2025-11-07T00:20:00Z,2025-11-07T06:05:00Z,2025-11-07T04:00:45Z,corso_IoT,ESP_LEOPIZZI,Lecce,Stanza,0.3985869565217386,-0.04858695652173907,0.9896739130434773,0.26630434782608703,0.1839130434782609,-0.12380434782608699,56.39999999999997,1.0869565217391304,0,6.217391304347826,22
,,0,2025-11-07T00:20:00Z,2025-11-07T06:05:00Z,2025-11-07T04:01:42.5Z,corso_IoT,ESP_LEOPIZZI,Lecce,Stanza,0.4004395604395598,-0.04406593406593405,0.9901098901098893,0.2692307692307692,0.15472527472527475,-0.12010989010989012,56.39999999999998,0,0,6.1098901098901095,21.902197802197833
,,0,2025-11-07T00:20:00Z,2025-11-07T06:05:00Z,2025-11-07T04:02:40Z,corso_IoT,ESP_LEOPIZZI,Lecce,Stanza,0.40152173913043415,-0.04206521739130436,0.9902173913043468,0.2972826086956522,0.16793478260869568,-0.11021739130434784,56.32608695652182,0,0,5.923913043478261,21.821739130434747
,,0,2025-11-07T00:20:00Z,2025-11-07T06:05:00Z,2025-11-07T04:03:37.5Z,corso_IoT,ESP_LEOPIZZI,Lecce,Stanza,0.4016304347826081,-0.04391304347826085,0.9896739130434774,0.27380434782608704,0.19217391304347822,-0.12032608695652172,56.40869565217392,0,0,5.9021739130434785,21.79999999999997
,,0,2025-11-07T00:20:00Z,2025-11-07T06:05:00Z,2025-11-07T04:04:35Z,corso_IoT,ESP_LEOPIZZI,Lecce,Stanza,0.40228260869565163,-0.044347826086956504,0.9891304347826081,0.26739130434782615,0.1913043478260869,-0.11369565217391302,56.508695652173905,0,0,6.271739130434782,21.791304347826056
,,0,2025-11-07T00:20:00Z,2025-11-07T06:05:00Z,2025-11-07T04:05:32.5Z,corso_IoT,ESP_LEOPIZZI,Lecce,Stanza,0.3993478260869559,-0.047934782608695575,0.9893478260869557,0.2522826086956521,0.15815217391304348,-0.12391304347826085,56.55652173913048,0,0,5.728260869565218,21.74347826086958
,,0,2025-11-07T00:20:00Z,2025-11-07T06:05:00Z,2025-11-07T04:06:30Z,corso_IoT,ESP_LEOPIZZI,Lecce,Stanza,0.39989247311827886,-0.048709677419354766,0.9889247311827948,0.2660215053763442,0.16365591397849463,-0.12817204301075272,56.5741935483871,0,0,6.333333333333333,21.70000000000003
,,0,2025-11-07T00:20:00Z,2025-11-07T06:05:00Z,2025-11-07T04:07:27.5Z,corso_IoT,ESP_LEOPIZZI,Lecce,Stanza,0.4001086956521732,-0.04847826086956516,0.9892391304347814,0.2769565217391306,0.21206521739130438,-0.11434782608695651,56.56956521739133,0,0,5.869565217391305,21.70000000000003
,,0,2025-11-07T00:20:00Z,2025-11-07T06:05:00Z,2025-11-07T04:08:25Z,corso_IoT,ESP_LEOPIZZI,Lecce,Stanza,0.39989247311827886,-0.04870967741935477,0.9887096774193538,0.2626881720430107,0.18161290322580645,-0.1133333333333333,56.59569892473122,0,0,6.043010752688172,21.60107526881717
,,0,2025-11-07T00:20:00Z,2025-11-07T06:05:00Z,2025-11-07T04:09:22.5Z,corso_IoT,ESP_LEOPIZZI,Lecce,Stanza,0.40010752688171974,-0.04860215053763434,0.9883870967741927,0.25473118279569895,0.19236559139784948,-0.13505376344086018,56.60000000000003,0,0,5.827956989247312,21.599999999999962
,,0,2025-11-07T00:20:00Z,2025-11-07T06:05:00Z,2025-11-07T04:10:20Z,corso_IoT,ESP_LEOPIZZI,Lecce,Stanza,0.394731182795699,-0.03774193548387091,0.993870967741935,0.15870967741935485,0.48258064516129057,-0.11752688172043012,56.64086021505375,5.913978494623656,0,6.247311827956989,21.599999999999962
,,0,2025-11-07T00:20:00Z,2025-11-07T06:05:00Z,2025-11-07T04:11:17.5Z,corso_IoT,ESP_LEOPIZZI,Lecce,Stanza,0.3160215053763444,-0.01677419354838711,1.0051612903225806,0.363225806451613,0.4796774193548389,-0.051075268817204256,56.76344086021503,6.989247311827957,0,5.946236559139785,21.599999999999962
,,0,2025-11-07T00:20:00Z,2025-11-07T06:05:00Z,2025-11-07T04:12:15Z,corso_IoT,ESP_LEOPIZZI,Lecce,Stanza,0.18108695652173898,-0.028369565217391285,1.0157608695652176,0.2528260869565218,0.19945652173913028,-0.13108695652173916,56.69999999999991,0,0,6.032608695652174,21.599999999999962
,,0,2025-11-07T00:20:00Z,2025-11-07T06:05:00Z,2025-11-07T04:13:12.5Z,corso_IoT,ESP_LEOPIZZI,Lecce,Stanza,0.1798913043478259,-0.029673913043478228,1.014565217391305,0.2778260869565217,0.16304347826086957,-0.1621739130434782,56.69999999999991,0,0,6.195652173913044,21.599999999999962
,,0,2025-11-07T00:20:00Z,2025-11-07T06:05:00Z,2025-11-07T04:14:10Z,corso_IoT,ESP_LEOPIZZI,Lecce,Stanza,0.21021505376344068,-0.04580645161290324,1.0058064516129033,-0.05881720430107524,0.04967741935483874,-0.24301075268817202,56.67849462365588,5.913978494623656,0,6.075268817204301,21.599999999999962
,,0,2025-11-07T00:20:00Z,2025-11-07T06:05:00Z,2025-11-07T04:15:07.5Z,corso_IoT,ESP_LEOPIZZI,Lecce,Stanza,0.315217391304348,0.015326086956521755,1.016847826086957,0.6021739130434783,0.06945652173913039,-0.1340217391304348,56.714130434782604,8.152173913043478,0,6.586956521739131,21.565217391304337
,,0,2025-11-07T00:20:00Z,2025-11-07T06:05:00Z,2025-11-07T04:16:05Z,corso_IoT,ESP_LEOPIZZI,Lecce,Stanza,0.3738202247191011,0.02269662921348316,1.0161797752808999,0.2582022471910112,0.1913483146067415,-0.16101123595505615,56.82808988764055,0,0,6.49438202247191,21.549438202247156
,,0,2025-11-07T00:20:00Z,2025-11-07T06:05:00Z,2025-11-07T04:17:02.5Z,corso_IoT,ESP_LEOPIZZI,Lecce,Stanza,0.3747727272727274,0.022386363636363652,1.0150000000000008,0.260909090909091,0.2172727272727273,-0.1493181818181818,56.74204545454534,0,0,6.25,21.593181818181783
,,0,2025-11-07T00:20:00Z,2025-11-07T06:05:00Z,2025-11-07T04:18:00Z,corso_IoT,ESP_LEOPIZZI,Lecce,Stanza,0.37540229885057474,0.021149425287356336,1.0149425287356326,0.2486206896551724,0.170919540229885,-0.15402298850574714,56.70459770114933,0,0,5.919540229885057,21.59540229885054
,,0,2025-11-07T00:20:00Z,2025-11-07T06:05:00Z,2025-11-07T04:18:57.5Z,corso_IoT,ESP_LEOPIZZI,Lecce,Stanza,0.37488888888888894,0.02066666666666668,1.0144444444444451,0.2854444444444443,0.20955555555555555,-0.164,56.70888888888883,0,0,6.011111111111111,21.591111111111083
,,0,2025-11-07T00:20:00Z,2025-11-07T06:05:00Z,2025-11-07T04:19:55Z,corso_IoT,ESP_LEOPIZZI,Lecce,Stanza,0.3752222222222222,0.020222222222222235,1.0146666666666673,0.25733333333333336,0.1994444444444444,-0.16488888888888892,56.80222222222232,0,0,6.277777777777778,21.56888888888886
,,0,2025-11-07T00:20:00Z,2025-11-07T06:05:00Z,2025-11-07T04:20:52.5Z,corso_IoT,ESP_LEOPIZZI,Lecce,Stanza,0.3749425287356322,0.020229885057471277,1.0151724137931042,0.2505747126436782,0.17885057471264365,-0.18137931034482757,56.80000000000009,0,0,5.804597701149425,21.599999999999966
,,0,2025-11-07T00:20:00Z,2025-11-07T06:05:00Z,2025-11-07T04:21:50Z,corso_IoT,ESP_LEOPIZZI,Lecce,Stanza,0.3768539325842696,0.020000000000000014,1.014831460674158,0.26404494382022475,0.16033707865168534,-0.170561797752809,56.80000000000009,0,0,5.910112359550562,21.599999999999966
,,0,2025-11-07T00:20:00Z,2025-11-07T06:05:00Z,2025-11-07T04:22:47.5Z,corso_IoT,ESP_LEOPIZZI,Lecce,Stanza,0.37709302325581384,0.01976744186046513,1.012674418604652,0.2837209302325581,0.15151162790697675,-0.1446511627906977,56.80697674418614,0,0,5.476744186046512,21.593023255813925
,,0,2025-11-07T00:20:00Z,2025-11-07T06:05:00Z,2025-11-07T04:23:45Z,corso_IoT,ESP_LEOPIZZI,Lecce,Stanza,0.37727272727272704,0.019545454545454557,1.0142045454545459,0.2640909090909092,0.15215909090909085,-0.17659090909090916,56.80000000000009,0,0,5.9772727272727275,21.599999999999966
,,0,2025-11-07T00:20:00Z,2025-11-07T06:05:00Z,2025-11-07T04:24:42.5Z,corso_IoT,ESP_LEOPIZZI,Lecce,Stanza,0.37806818181818164,0.01897727272727274,1.013295454545455,0.2537500000000001,0.1692045454545455,-0.1857954545454545,56.844318181818224,0,0,6.25,21.5556818181818
,,0,2025-11-07T00:20:00Z,2025-11-07T06:05:00Z,2025-11-07T04:25:40Z,corso_IoT,ESP_LEOPIZZI,Lecce,Stanza,0.37617977528089885,0.01921348314606743,1.0131460674157313,0.25505617977528094,0.19359550561797753,-0.15865168539325844,56.85056179775279,0,0,5.876404494382022,21.54943820224719
,,0,2025-11-07T00:20:00Z,2025-11-07T06:05:00Z,2025-11-07T04:26:37.5Z,corso_IoT,ESP_LEOPIZZI,Lecce,Stanza,0.3780722891566263,0.019277108433734952,1.0131325301204823,0.2695180722891567,0.1795180722891566,-0.1679518072289157,56.826506024096474,0,0,5.686746987951807,21.573493975903585
,,0,2025-11-07T00:20:00Z,2025-11-07T06:05:00Z,2025-11-07T04:27:35Z,corso_IoT,ESP_LEOPIZZI,Lecce,Stanza,0.37806818181818164,0.01931818181818183,1.0139772727272738,0.28511363636363635,0.15954545454545452,-0.19193181818181818,56.86363636363633,0,0,5.9772727272727275,21.53636363636364
,,0,2025-11-07T00:20:00Z,2025-11-07T06:05:00Z,2025-11-07T04:28:32.5Z,corso_IoT,ESP_LEOPIZZI,Lecce,Stanza,0.37852272727272707,0.018522727272727284,1.01409090909091,0.24477272727272734,0.15784090909090917,-0.16943181818181824,56.899999999999984,0,0,5.8522727272727275,21.5
,,0,2025-11-07T00:20:00Z,2025-11-07T06:05:00Z,2025-11-07T04:29:30Z,corso_IoT,ESP_LEOPIZZI,Lecce,Stanza,0.37730337078651677,0.01853932584269664,1.0128089887640461,0.26157303370786517,0.18674157303370786,-0.1829213483146067,56.895505617977506,0,0,5.932584269662922,21.50449438202247
,,0,2025-11-07T00:20:00Z,2025-11-07T06:05:00Z,2025-11-07T04:30:27.5Z,corso_IoT,ESP_LEOPIZZI,Lecce,Stanza,0.3817582417582417,0.02153846153846155,1.012527472527473,0.2087912087912088,0.1784615384615384,-0.1590109890109891,56.89560439560437,0.5494505494505495,0,5.791208791208791,21.504395604395604
,,0,2025-11-07T00:20:00Z,2025-11-07T06:05:00Z,2025-11-07T04:31:25Z,corso_IoT,ESP_LEOPIZZI,Lecce,Stanza,0.38111111111111107,0.019000000000000013,1.012444444444445,0.2623333333333333,0.19444444444444448,-0.16777777777777775,56.96777777777778,0,0,5.677777777777778,21.5
,,0,2025-11-07T00:20:00Z,2025-11-07T06:05:00Z,2025-11-07T04:32:22.5Z,corso_IoT,ESP_LEOPIZZI,Lecce,Stanza,0.38022222222222213,0.01622222222222223,1.0115555555555564,0.2665555555555556,0.1521111111111111,-0.19066666666666668,56.99555555555556,0,0,5.711111111111111,21.504444444444445
,,0,2025-11-07T00:20:00Z,2025-11-07T06:05:00Z,2025-11-07T04:33:20Z,corso_IoT,ESP_LEOPIZZI,Lecce,Stanza,0.3802272727272726,0.016022727272727286,1.0120454545454551,0.2556818181818182,0.1848863636363637,-0.16011363636363635,56.98181818181817,0,0,5.8977272727272725,21.518181818181805
,,0,2025-11-07T00:20:00Z,2025-11-07T06:05:00Z,2025-11-07T04:34:17.5Z,corso_IoT,ESP_LEOPIZZI,Lecce,Stanza,0.38023255813953466,0.014534883720930241,1.0111627906976752,0.29697674418604647,0.16209302325581396,-0.16802325581395355,56.90465116279068,0,0,5.825581395348837,21.58139534883718
,,0,2025-11-07T00:20:00Z,2025-11-07T06:05:00Z,2025-11-07T04:35:15Z,corso_IoT,ESP_LEOPIZZI,Lecce,Stanza,0.3799999999999997,0.014235294117647068,1.0115294117647067,0.267764705882353,0.17576470588235293,-0.1449411764705883,56.96235294117646,0,0,5.482352941176471,21.537647058823516
,,0,2025-11-07T00:20:00Z,2025-11-07T06:05:00Z,2025-11-07T04:36:12.5Z,corso_IoT,ESP_LEOPIZZI,Lecce,Stanza,0.3803571428571426,0.015476190476190487,1.0120238095238099,0.2522619047619048,0.15738095238095234,-0.16547619047619042,56.98928571428572,0,0,5.416666666666667,21.510714285714286
,,0,2025-11-07T00:20:00Z,2025-11-07T06:05:00Z,2025-11-07T04:37:10Z,corso_IoT,ESP_LEOPIZZI,Lecce,Stanza,0.38012820512820494,0.014358974358974366,1.011923076923077,0.2855128205128204,0.1673076923076923,-0.19269230769230772,57,0,0,5.897435897435898,21.5
,,0,2025-11-07T00:20:00Z,2025-11-07T06:05:00Z,2025-11-07T04:38:07.5Z,corso_IoT,ESP_LEOPIZZI,Lecce,Stanza,0.380142857142857,0.014857142857142867,1.0111428571428571,0.24971428571428567,0.1487142857142857,-0.15657142857142856,57.00428571428571,0,0,8.142857142857142,21.5
,,0,2025-11-07T00:20:00Z,2025-11-07T06:05:00Z,2025-11-07T04:39:05Z,corso_IoT,ESP_LEOPIZZI,Lecce,Stanza,0.3792682926829267,0.013902439024390251,1.0118292682926833,0.24378048780487813,0.16817073170731706,-0.1591463414634147,57,0,0,5.682926829268292,21.5
,,0,2025-11-07T00:20:00Z,2025-11-07T06:05:00Z,2025-11-07T04:40:02.5Z,corso_IoT,ESP_LEOPIZZI,Lecce,Stanza,0.3795555555555554,0.01400000000000001,1.0113333333333343,0.2516666666666667,0.14266666666666664,-0.1535555555555555,56.91333333333331,0,0,5.777777777777778,21.586666666666634
,,0,2025-11-07T00:20:00Z,2025-11-07T06:05:00Z,2025-11-07T04:41:00Z,corso_IoT,ESP_LEOPIZZI,Lecce,Stanza,0.3794623655913978,0.012903225806451622,1.0113978494623665,0.242258064516129,0.16752688172043007,-0.16419354838709677,56.89999999999997,0,0,5.827956989247312,21.599999999999962
,,0,2025-11-07T00:20:00Z,2025-11-07T06:05:00Z,2025-11-07T04:41:57.5Z,corso_IoT,ESP_LEOPIZZI,Lecce,Stanza,0.3794505494505493,0.011978021978021986,1.011098901098902,0.2404395604395605,0.18252747252747256,-0.16692307692307695,56.908791208791214,0,0,5.9010989010989015,21.591208791208764
,,0,2025-11-07T00:20:00Z,2025-11-07T06:05:00Z,2025-11-07T04:42:55Z,corso_IoT,ESP_LEOPIZZI,Lecce,Stanza,0.3794382022471909,0.012696629213483156,1.011235955056181,0.27853932584269664,0.1958426966292134,-0.15786516853932586,56.899999999999984,0,0,6.033707865168539,21.599999999999966
,,0,2025-11-07T00:20:00Z,2025-11-07T06:05:00Z,2025-11-07T04:43:52.5Z,corso_IoT,ESP_LEOPIZZI,Lecce,Stanza,0.3795505617977526,0.012359550561797761,1.0122471910112367,0.26730337078651695,0.1260674157303371,-0.16078651685393258,56.899999999999984,0,0,5.561797752808989,21.599999999999966
,,0,2025-11-07T00:20:00Z,2025-11-07T06:05:00Z,2025-11-07T04:44:50Z,corso_IoT,ESP_LEOPIZZI,Lecce,Stanza,0.3797560975609753,0.012560975609756105,1.0118292682926835,0.28219512195121954,0.15414634146341466,-0.16329268292682925,56.90000000000001,0,0,5.621951219512195,21.59999999999997
,,0,2025-11-07T00:20:00Z,2025-11-07T06:05:00Z,2025-11-07T04:45:47.5Z,corso_IoT,ESP_LEOPIZZI,Lecce,Stanza,0.3793749999999997,0.012500000000000008,1.011125000000001,0.2410000000000001,0.14112500000000003,-0.19587499999999997,56.90000000000002,0,0,5.6,21.599999999999973
,,0,2025-11-07T00:20:00Z,2025-11-07T06:05:00Z,2025-11-07T04:46:45Z,corso_IoT,ESP_LEOPIZZI,Lecce,Stanza,0.37975609756097534,0.010731707317073179,1.010487804878049,0.289390243902439,0.16512195121951223,-0.1685365853658537,56.90000000000001,0,0,5.512195121951219,21.59999999999997
,,0,2025-11-07T00:20:00Z,2025-11-07T06:05:00Z,2025-11-07T04:47:42.5Z,corso_IoT,ESP_LEOPIZZI,Lecce,Stanza,0.3798837209302323,0.011860465116279077,1.0111627906976748,0.2532558139534883,0.14593023255813953,-0.18220930232558138,56.9,0,0,5.732558139534884,21.599999999999966
,,0,2025-11-07T00:20:00Z,2025-11-07T06:05:00Z,2025-11-07T04:48:40Z,corso_IoT,ESP_LEOPIZZI,Lecce,Stanza,0.3797674418604649,0.011279069767441868,1.0106976744186051,0.2695348837209303,0.16767441860465118,-0.18058139534883721,56.9,0,0,5.930232558139535,21.599999999999966
,,0,2025-11-07T00:20:00Z,2025-11-07T06:05:00Z,2025-11-07T04:49:37.5Z,corso_IoT,ESP_LEOPIZZI,Lecce,Stanza,0.37933333333333324,0.011333333333333341,1.0103333333333342,0.2244444444444444,0.14166666666666672,-0.18588888888888896,56.89999999999998,0,0,5.7555555555555555,21.599999999999966
,,0,2025-11-07T00:20:00Z,2025-11-07T06:05:00Z,2025-11-07T04:50:35Z,corso_IoT,ESP_LEOPIZZI,Lecce,Stanza,0.37931818181818167,0.01102272727272728,1.01034090909091,0.25034090909090917,0.15443181818181823,-0.19943181818181824,56.899999999999984,0,0,5.886363636363637,21.599999999999966
,,0,2025-11-07T00:20:00Z,2025-11-07T06:05:00Z,2025-11-07T04:51:32.5Z,corso_IoT,ESP_LEOPIZZI,Lecce,Stanza,0.37976744186046485,0.011627906976744195,1.0102325581395357,0.2799999999999999,0.13941860465116276,-0.19488372093023254,56.916279069767455,0,0,5.767441860465116,21.599999999999966
,,0,2025-11-07T00:20:00Z,2025-11-07T06:05:00Z,2025-11-07T04:52:30Z,corso_IoT,ESP_LEOPIZZI,Lecce,Stanza,0.3790804597701147,0.010919540229885064,1.0104597701149434,0.26057471264367804,0.1317241379310345,-0.17517241379310342,56.908045977011476,0,0,6.758620689655173,21.599999999999966
,,0,2025-11-07T00:20:00Z,2025-11-07T06:05:00Z,2025-11-07T04:53:27.5Z,corso_IoT,ESP_LEOPIZZI,Lecce,Stanza,0.3789772727272725,0.011704545454545462,1.010681818181819,0.2678409090909092,0.15738636363636369,-0.17522727272727268,56.97159090909092,0,0,5.659090909090909,21.599999999999966
,,0,2025-11-07T00:20:00Z,2025-11-07T06:05:00Z,2025-11-07T04:54:25Z,corso_IoT,ESP_LEOPIZZI,Lecce,Stanza,0.37976744186046485,0.011046511627906984,1.0103488372093032,0.2675581395348836,0.18930232558139531,-0.2058139534883721,57,0,0,5.395348837209302,21.599999999999966
,,0,2025-11-07T00:20:00Z,2025-11-07T06:05:00Z,2025-11-07T04:55:22.5Z,corso_IoT,ESP_LEOPIZZI,Lecce,Stanza,0.379310344827586,0.010574712643678168,1.0097701149425298,0.26735632183908037,0.19034482758620683,-0.19816091954022994,56.986206896551735,0,0,6.252873563218391,21.599999999999966
,,0,2025-11-07T00:20:00Z,2025-11-07T06:05:00Z,2025-11-07T04:56:20Z,corso_IoT,ESP_LEOPIZZI,Lecce,Stanza,0.3798888888888888,0.010777777777777785,1.0104444444444454,0.2651111111111111,0.1551111111111111,-0.2139999999999999,56.996666666666655,0,0,5.444444444444445,21.599999999999966
,,0,2025-11-07T00:20:00Z,2025-11-07T06:05:00Z,2025-11-07T04:57:17.5Z,corso_IoT,ESP_LEOPIZZI,Lecce,Stanza,0.3799999999999999,0.011444444444444452,1.010222222222223,0.2668888888888889,0.1896666666666666,-0.2103333333333333,56.932222222222215,0,0,5.466666666666667,21.599999999999966
,,0,2025-11-07T00:20:00Z,2025-11-07T06:05:00Z,2025-11-07T04:58:15Z,corso_IoT,ESP_LEOPIZZI,Lecce,Stanza,0.3796629213483144,0.010674157303370794,1.0106741573033715,0.28011235955056174,0.14595505617977528,-0.1849438202247191,56.92022471910111,0,0,5.865168539325842,21.599999999999966
,,0,2025-11-07T00:20:00Z,2025-11-07T06:05:00Z,2025-11-07T04:59:12.5Z,corso_IoT,ESP_LEOPIZZI,Lecce,Stanza,0.37966666666666654,0.011444444444444452,1.010333333333334,0.26188888888888895,0.14877777777777776,-0.19299999999999992,56.931111111111086,0,0,6.166666666666667,21.599999999999966
,,0,2025-11-07T00:20:00Z,2025-11-07T06:05:00Z,2025-11-07T05:00:10Z,corso_IoT,ESP_LEOPIZZI,Lecce,Stanza,0.3797752808988762,0.011235955056179782,1.010449438202248,0.2533707865168539,0.13775280898876407,-0.18101123595505622,56.899999999999984,0,0,6.056179775280899,21.599999999999966
,,0,2025-11-07T00:20:00Z,2025-11-07T06:05:00Z,2025-11-07T05:01:07.5Z,corso_IoT,ESP_LEOPIZZI,Lecce,Stanza,0.3797752808988762,0.01089887640449439,1.009438202247192,0.26280898876404485,0.1544943820224719,-0.1817977528089888,56.955056179775305,0,0,5.719101123595506,21.599999999999966
,,0,2025-11-07T00:20:00Z,2025-11-07T06:05:00Z,2025-11-07T05:02:05Z,corso_IoT,ESP_LEOPIZZI,Lecce,Stanza,0.3793258426966291,0.011573033707865176,1.0106741573033715,0.26438202247191006,0.14988764044943825,-0.1882022471910112,57,0,0,6,21.599999999999966
,,0,2025-11-07T00:20:00Z,2025-11-07T06:05:00Z,2025-11-07T05:03:02.5Z,corso_IoT,ESP_LEOPIZZI,Lecce,Stanza,0.3794047619047617,0.011547619047619053,1.010119047619048,0.23559523809523814,0.15059523809523806,-0.1792857142857143,57,0,0,5.261904761904762,21.59999999999997
,,0,2025-11-07T00:20:00Z,2025-11-07T06:05:00Z,2025-11-07T05:04:00Z,corso_IoT,ESP_LEOPIZZI,Lecce,Stanza,0.3798823529411762,0.010705882352941185,1.0104705882352945,0.30917647058823516,0.1552941176470588,-0.2194117647058823,57,0,0,5.5058823529411764,21.59999999999997
,,0,2025-11-07T00:20:00Z,2025-11-07T06:05:00Z,2025-11-07T05:04:57.5Z,corso_IoT,ESP_LEOPIZZI,Lecce,Stanza,0.3796590909090908,0.010568181818181826,1.0102272727272734,0.24704545454545446,0.14,-0.17670454545454545,57,0,0,5.534090909090909,21.599999999999966
,,0,2025-11-07T00:20:00Z,2025-11-07T06:05:00Z,2025-11-07T05:05:55Z,corso_IoT,ESP_LEOPIZZI,Lecce,Stanza,0.3797701149425285,0.010919540229885064,1.0101149425287361,0.2419540229885057,0.13816091954022983,-0.19689655172413795,57,0,0,6.827586206896552,21.599999999999966
,,0,2025-11-07T00:20:00Z,2025-11-07T06:05:00Z,2025-11-07T05:06:52.5Z,corso_IoT,ESP_LEOPIZZI,Lecce,Stanza,0.19974025974025958,0.02155844155844157,1.014545454545456,0.17935064935064937,0.3975324675324677,-0.30844155844155846,57,9.74025974025974,0,6.142857142857143,21.599999999999973
,,0,2025-11-07T00:20:00Z,2025-11-07T06:05:00Z,2025-11-07T05:07:50Z,corso_IoT,ESP_LEOPIZZI,Lecce,Stanza,0.02184210526315791,0.02776315789473685,1.012763157894737,0.1994736842105263,0.14934210526315786,-0.21526315789473688,56.9605263157895,0,0,8.671052631578947,21.599999999999977
,,0,2025-11-07T00:20:00Z,2025-11-07T06:05:00Z,2025-11-07T05:08:47.5Z,corso_IoT,ESP_LEOPIZZI,Lecce,Stanza,0.020833333333333346,0.028214285714285706,1.012261904761906,0.2895238095238096,0.13928571428571437,-0.22571428571428565,57,0,0,5.392857142857143,21.59999999999997
,,0,2025-11-07T00:20:00Z,2025-11-07T06:05:00Z,2025-11-07T05:09:45Z,corso_IoT,ESP_LEOPIZZI,Lecce,Stanza,0.020000000000000014,0.028488372093023243,1.0113953488372096,0.2687209302325582,0.14581395348837212,-0.19988372093023266,57,0,0,5.6395348837209305,21.599999999999966
,,0,2025-11-07T00:20:00Z,2025-11-07T06:05:00Z,2025-11-07T05:10:42.5Z,corso_IoT,ESP_LEOPIZZI,Lecce,Stanza,0.019418604651162803,0.029534883720930206,1.011511627906977,0.2745348837209302,0.14116279069767437,-0.2256976744186046,57,0,0,6.8604651162790695,21.599999999999966
,,0,2025-11-07T00:20:00Z,2025-11-07T06:05:00Z,2025-11-07T05:11:40Z,corso_IoT,ESP_LEOPIZZI,Lecce,Stanza,0.019529411764705896,0.02941176470588233,1.0102352941176478,0.3270588235294118,0.10929411764705879,-0.24211764705882347,57,0,0,5.882352941176471,21.59999999999997
,,0,2025-11-07T00:20:00Z,2025-11-07T06:05:00Z,2025-11-07T05:12:37.5Z,corso_IoT,ESP_LEOPIZZI,Lecce,Stanza,0.018823529411764718,0.029294117647058804,1.0108235294117651,0.27,0.11423529411764709,-0.19952941176470584,57,0,0,5.541176470588235,21.59999999999997
,,0,2025-11-07T00:20:00Z,2025-11-07T06:05:00Z,2025-11-07T05:13:35Z,corso_IoT,ESP_LEOPIZZI,Lecce,Stanza,0.16127906976744208,0.014651162790697685,1.0197674418604654,0.2830232558139533,-0.29220930232558145,-0.20162790697674424,57,1.744186046511628,0,5.465116279069767,21.599999999999966
,,0,2025-11-07T00:20:00Z,2025-11-07T06:05:00Z,2025-11-07T05:14:32.5Z,corso_IoT,ESP_LEOPIZZI,Lecce,Stanza,0.21597701149425302,0.009540229885057478,1.024712643678161,0.27620689655172415,0.12264367816091949,-0.1997701149425288,57,0,0,5.379310344827586,21.599999999999966
,,0,2025-11-07T00:20:00Z,2025-11-07T06:05:00Z,2025-11-07T05:15:30Z,corso_IoT,ESP_LEOPIZZI,Lecce,Stanza,0.21827586206896565,0.00873563218390805,1.0239080459770116,0.2422988505747127,0.059540229885057465,-0.2060919540229885,57.049425287356364,0,0,5.7011494252873565,21.5965517241379
,,0,2025-11-07T00:20:00Z,2025-11-07T06:05:00Z,2025-11-07T05:16:27.5Z,corso_IoT,ESP_LEOPIZZI,Lecce,Stanza,0.2189772727272728,0.008068181818181823,1.0246590909090914,0.2648863636363636,0.15806818181818175,-0.1918181818181819,57.100000000000016,0,0,5.465909090909091,21.599999999999966
,,0,2025-11-07T00:20:00Z,2025-11-07T06:05:00Z,2025-11-07T05:17:25Z,corso_IoT,ESP_LEOPIZZI,Lecce,Stanza,0.22,0.004222222222222224,1.022777777777778,0.26866666666666655,0.11544444444444447,-0.1995555555555555,57.10000000000002,0,0,5.833333333333333,21.599999999999966
,,0,2025-11-07T00:20:00Z,2025-11-07T06:05:00Z,2025-11-07T05:18:22.5Z,corso_IoT,ESP_LEOPIZZI,Lecce,Stanza,0.024352941176470577,0.021882352941176485,1.008941176470589,0.31247058823529417,0.38305882352941206,-0.21529411764705883,57.1,1.1764705882352942,0,6.105882352941176,21.59999999999997
,,0,2025-11-07T00:20:00Z,2025-11-07T06:05:00Z,2025-11-07T05:19:20Z,corso_IoT,ESP_LEOPIZZI,Lecce,Stanza,0.0018604651162790699,0.025697674418604655,1.0077906976744193,0.2688372093023256,0.07232558139534888,-0.2365116279069767,57.1,0,0,5.813953488372093,21.599999999999966
,,0,2025-11-07T00:20:00Z,2025-11-07T06:05:00Z,2025-11-07T05:20:17.5Z,corso_IoT,ESP_LEOPIZZI,Lecce,Stanza,0.001477272727272727,0.027499999999999993,1.00784090909091,0.2551136363636364,0.06750000000000005,-0.2290909090909091,57.100000000000016,0,0,5.795454545454546,21.599999999999966
,,0,2025-11-07T00:20:00Z,2025-11-07T06:05:00Z,2025-11-07T05:21:15Z,corso_IoT,ESP_LEOPIZZI,Lecce,Stanza,0.04602272727272727,0.023750000000000014,1.0097727272727275,0.3994318181818181,-0.5394318181818182,-0.18670454545454548,57.100000000000016,6.25,0,5.761363636363637,21.599999999999966
,,0,2025-11-07T00:20:00Z,2025-11-07T06:05:00Z,2025-11-07T05:22:12.5Z,corso_IoT,ESP_LEOPIZZI,Lecce,Stanza,0.36422222222222234,0.0396666666666667,1.019222222222222,0.2841111111111111,0.05900000000000002,-0.1664444444444445,57.10000000000002,0,0,5.7555555555555555,21.599999999999966
,,0,2025-11-07T00:20:00Z,2025-11-07T06:05:00Z,2025-11-07T05:23:10Z,corso_IoT,ESP_LEOPIZZI,Lecce,Stanza,0.3708988764044947,0.038988764044943836,1.018539325842697,0.2543820224719101,0.12426966292134832,-0.19494382022471912,57.100000000000016,0,0,5.685393258426966,21.599999999999966
,,0,2025-11-07T00:20:00Z,2025-11-07T06:05:00Z,2025-11-07T05:24:07.5Z,corso_IoT,ESP_LEOPIZZI,Lecce,Stanza,0.37273809523809537,0.039285714285714306,1.0178571428571428,0.29369047619047617,0.11726190476190478,-0.18916666666666662,57.099999999999994,0,0,5.428571428571429,21.59999999999997
,,0,2025-11-07T00:20:00Z,2025-11-07T06:05:00Z,2025-11-07T05:25:05Z,corso_IoT,ESP_LEOPIZZI,Lecce,Stanza,0.37397727272727277,0.03920454545454548,1.0172727272727278,0.29250000000000004,0.1214772727272727,-0.1739772727272727,57.100000000000016,0,0,5.3977272727272725,21.599999999999966
,,0,2025-11-07T00:20:00Z,2025-11-07T06:05:00Z,2025-11-07T05:26:02.5Z,corso_IoT,ESP_LEOPIZZI,Lecce,Stanza,0.37359550561797766,0.03887640449438204,1.0184269662921344,0.2720224719101125,0.12325842696629216,-0.13808988764044944,57.174157303370706,0,0,5.775280898876405,21.56966292134828
,,0,2025-11-07T00:20:00Z,2025-11-07T06:05:00Z,2025-11-07T05:27:00Z,corso_IoT,ESP_LEOPIZZI,Lecce,Stanza,0.3409090909090911,0.03436363636363639,1.0161818181818187,0.44490909090909087,-0.8252727272727274,-0.07654545454545453,57.20545454545452,4.545454545454546,0,11.363636363636363,21.59454545454546
,,0,2025-11-07T00:20:00Z,2025-11-07T06:05:00Z,2025-11-07T05:27:57.5Z,corso_IoT,ESP_LEOPIZZI,Lecce,Stanza,0.26795454545454517,0.028636363636363658,1.028863636363637,0.2502272727272727,0.12022727272727272,-0.19999999999999998,57.21363636363637,0,0,20.09090909090909,21.58636363636365
,,0,2025-11-07T00:20:00Z,2025-11-07T06:05:00Z,2025-11-07T05:28:55Z,corso_IoT,ESP_LEOPIZZI,Lecce,Stanza,0.2669014084507041,0.028450704225352133,1.0288732394366205,0.24535211267605642,0.09126760563380279,-0.21422535211267613,57.230985915492866,0,0,6.197183098591549,21.56901408450702
,,0,2025-11-07T00:20:00Z,2025-11-07T06:05:00Z,2025-11-07T05:29:52.5Z,corso_IoT,ESP_LEOPIZZI,Lecce,Stanza,0.2655696202531645,0.028987341772151898,1.0274683544303802,0.23962025316455696,0.10873417721518992,-0.23316455696202534,57.11139240506327,0,0,5.265822784810126,21.599999999999973
,,0,2025-11-07T00:20:00Z,2025-11-07T06:05:00Z,2025-11-07T05:30:50Z,corso_IoT,ESP_LEOPIZZI,Lecce,Stanza,0.26793103448275846,0.025517241379310353,1.027011494252874,0.262183908045977,0.07574712643678162,-0.21413793103448261,57.12643678160915,0,0,5.735632183908046,21.5965517241379
,,0,2025-11-07T00:20:00Z,2025-11-07T06:05:00Z,2025-11-07T05:31:47.5Z,corso_IoT,ESP_LEOPIZZI,Lecce,Stanza,0.2669047619047618,0.025833333333333344,1.0269047619047627,0.2995238095238096,0.12428571428571424,-0.18250000000000005,57.11071428571429,0,0,5.5476190476190474,21.59999999999997
,,0,2025-11-07T00:20:00Z,2025-11-07T06:05:00Z,2025-11-07T05:32:45Z,corso_IoT,ESP_LEOPIZZI,Lecce,Stanza,0.26654761904761903,0.025357142857142873,1.0266666666666673,0.22321428571428573,0.08547619047619046,-0.21464285714285708,57.099999999999994,0,0,5.523809523809524,21.59999999999997
,,0,2025-11-07T00:20:00Z,2025-11-07T06:05:00Z,2025-11-07T05:33:42.5Z,corso_IoT,ESP_LEOPIZZI,Lecce,Stanza,0.26795454545454533,0.02340909090909092,1.0265909090909096,0.28340909090909083,0.1346590909090909,-0.1869318181818181,57.100000000000016,1.1363636363636365,0,5.886363636363637,21.599999999999966
,,0,2025-11-07T00:20:00Z,2025-11-07T06:05:00Z,2025-11-07T05:34:40Z,corso_IoT,ESP_LEOPIZZI,Lecce,Stanza,0.27965517241379334,0.014022988505747137,1.0226436781609196,0.2771264367816091,0.07390804597701149,-0.232183908045977,57.10000000000001,0,0,5.379310344827586,21.599999999999966
,,0,2025-11-07T00:20:00Z,2025-11-07T06:05:00Z,2025-11-07T05:35:37.5Z,corso_IoT,ESP_LEOPIZZI,Lecce,Stanza,0.27976470588235314,0.015882352941176483,1.021294117647059,0.3212941176470588,0.12447058823529404,-0.19294117647058817,57.1,0,0,5.5058823529411764,21.59999999999997
,,0,2025-11-07T00:20:00Z,2025-11-07T06:05:00Z,2025-11-07T05:36:35Z,corso_IoT,ESP_LEOPIZZI,Lecce,Stanza,0.2795454545454548,0.014886363636363647,1.023068181818182,0.25761363636363627,0.07988636363636363,-0.23397727272727276,57.100000000000016,0,0,5.579545454545454,21.599999999999966
,,0,2025-11-07T00:20:00Z,2025-11-07T06:05:00Z,2025-11-07T05:37:32.5Z,corso_IoT,ESP_LEOPIZZI,Lecce,Stanza,0.27917647058823547,0.015529411764705894,1.0229411764705887,0.2843529411764707,0.06635294117647059,-0.22670588235294112,57.1,0,0,5.258823529411765,21.59999999999997
,,0,2025-11-07T00:20:00Z,2025-11-07T06:05:00Z,2025-11-07T05:38:30Z,corso_IoT,ESP_LEOPIZZI,Lecce,Stanza,0.2795348837209305,0.015348837209302336,1.0225581395348837,0.26813953488372094,0.1096511627906977,-0.19139534883720932,57.1,0,0,5.476744186046512,21.599999999999966
,,0,2025-11-07T00:20:00Z,2025-11-07T06:05:00Z,2025-11-07T05:39:27.5Z,corso_IoT,ESP_LEOPIZZI,Lecce,Stanza,0.35011627906976756,0.01930232558139536,1.013255813953489,0.4432558139534883,0.10453488372093024,-0.23127906976744192,57.1,8.13953488372093,0,5.593023255813954,21.599999999999966
,,0,2025-11-07T00:20:00Z,2025-11-07T06:05:00Z,2025-11-07T05:40:25Z,corso_IoT,ESP_LEOPIZZI,Lecce,Stanza,0.39130952380952394,0.030714285714285687,1.0113095238095244,0.2554761904761906,0.13547619047619047,-0.2251190476190476,57.099999999999994,0,0.4149999999999996,5.333333333333333,21.59999999999997
,,0,2025-11-07T00:20:00Z,2025-11-07T06:05:00Z,2025-11-07T05:41:22.5Z,corso_IoT,ESP_LEOPIZZI,Lecce,Stanza,0.39226190476190487,0.03059523809523807,1.010833333333334,0.27749999999999997,0.1423809523809524,-0.24178571428571444,57.10476190476191,0,0.8201190476190464,5.773809523809524,21.595238095238063
,,0,2025-11-07T00:20:00Z,2025-11-07T06:05:00Z,2025-11-07T05:42:20Z,corso_IoT,ESP_LEOPIZZI,Lecce,Stanza,0.3951190476190474,0.03166666666666665,1.0107142857142866,0.2977380952380953,0.10333333333333335,-0.23404761904761898,57.099999999999994,0,0.8299999999999988,5.226190476190476,21.59999999999997
,,0,2025-11-07T00:20:00Z,2025-11-07T06:05:00Z,2025-11-07T05:43:17.5Z,corso_IoT,ESP_LEOPIZZI,Lecce,Stanza,0.3979999999999994,0.030705882352941156,1.0103529411764713,0.29,0.09023529411764704,-0.22623529411764706,57.1,0.5882352941176471,0.8299999999999988,5.788235294117647,21.59999999999997
,,0,2025-11-07T00:20:00Z,2025-11-07T06:05:00Z,2025-11-07T05:44:15Z,corso_IoT,ESP_LEOPIZZI,Lecce,Stanza,0.3999999999999994,0.03058823529411762,1.0085882352941182,0.25894117647058823,0.11894117647058827,-0.21611764705882358,57.14823529411762,0,0.8299999999999988,5.694117647058824,21.551764705882334
,,0,2025-11-07T00:20:00Z,2025-11-07T06:05:00Z,2025-11-07T05:45:12.5Z,corso_IoT,ESP_LEOPIZZI,Lecce,Stanza,0.38512820512820484,0.030641025641025638,1.0138461538461545,0.18012820512820513,0.3517948717948719,-0.2046153846153846,57.176923076922996,1.2820512820512822,0.8299999999999988,5.564102564102564,21.52307692307692
,,0,2025-11-07T00:20:00Z,2025-11-07T06:05:00Z,2025-11-07T05:46:10Z,corso_IoT,ESP_LEOPIZZI,Lecce,Stanza,0.38037974683544284,0.03367088607594935,1.013291139240507,0.26582278481012656,0.09164556962025316,-0.22620253164556958,57.18987341772144,0,0.7460759493670875,5.2405063291139244,21.510126582278485
,,0,2025-11-07T00:20:00Z,2025-11-07T06:05:00Z,2025-11-07T05:47:07.5Z,corso_IoT,ESP_LEOPIZZI,Lecce,Stanza,0.3781250000000004,0.03812499999999998,1.0167499999999998,0.20999999999999996,0.12837499999999996,-0.21262499999999998,57.19999999999992,5.625,0,5.3875,21.5
,,0,2025-11-07T00:20:00Z,2025-11-07T06:05:00Z,2025-11-07T05:48:05Z,corso_IoT,ESP_LEOPIZZI,Lecce,Stanza,0.2514084507042256,0.04380281690140848,1.0288732394366202,0.3743661971830986,0.02605633802816903,-0.14028169014084504,57.199999999999925,5.633802816901408,0,5.732394366197183,21.5
,,0,2025-11-07T00:20:00Z,2025-11-07T06:05:00Z,2025-11-07T05:49:02.5Z,corso_IoT,ESP_LEOPIZZI,Lecce,Stanza,0.21974683544303814,0.039746835443037996,1.031518987341773,0.2803797468354431,0.06215189873417725,-0.24139240506329118,57.199999999999925,0,0.4412658227848097,8.139240506329115,21.5
,,0,2025-11-07T00:20:00Z,2025-11-07T06:05:00Z,2025-11-07T05:50:00Z,corso_IoT,ESP_LEOPIZZI,Lecce,Stanza,0.2185185185185187,0.039629629629629654,1.0307407407407416,0.20950617283950615,0.12543209876543207,-0.2537037037037038,57.19999999999992,0,0.8299999999999988,5.493827160493828,21.5
,,0,2025-11-07T00:20:00Z,2025-11-07T06:05:00Z,2025-11-07T05:50:57.5Z,corso_IoT,ESP_LEOPIZZI,Lecce,Stanza,0.21827160493827183,0.0395061728395062,1.0314814814814823,0.2549382716049384,0.09604938271604939,-0.24765432098765416,57.19999999999992,0,0.8299999999999988,6.320987654320987,21.5
,,0,2025-11-07T00:20:00Z,2025-11-07T06:05:00Z,2025-11-07T05:51:55Z,corso_IoT,ESP_LEOPIZZI,Lecce,Stanza,0.21927710843373505,0.039277108433734956,1.03132530120482,0.23518072289156622,0.11903614457831324,-0.24891566265060236,57.19999999999992,0,0.8299999999999988,5.783132530120482,21.5
,,0,2025-11-07T00:20:00Z,2025-11-07T06:05:00Z,2025-11-07T05:52:52.5Z,corso_IoT,ESP_LEOPIZZI,Lecce,Stanza,0.21853658536585385,0.03878048780487806,1.0303658536585372,0.24378048780487807,0.08695121951219514,-0.2215853658536585,57.19999999999992,0,0.8299999999999988,5.524390243902439,21.5
,,0,2025-11-07T00:20:00Z,2025-11-07T06:05:00Z,2025-11-07T05:53:50Z,corso_IoT,ESP_LEOPIZZI,Lecce,Stanza,0.21790697674418624,0.03837209302325583,1.0306976744186054,0.26197674418604655,0.09546511627906978,-0.26569767441860453,57.19999999999991,0,0.8299999999999987,5.755813953488372,21.5
,,0,2025-11-07T00:20:00Z,2025-11-07T06:05:00Z,2025-11-07T05:54:47.5Z,corso_IoT,ESP_LEOPIZZI,Lecce,Stanza,0.21709302325581414,0.03813953488372093,1.0304651162790706,0.2475581395348837,0.09279069767441861,-0.242093023255814,57.19999999999991,0,0.8299999999999987,5.5,21.5
,,0,2025-11-07T00:20:00Z,2025-11-07T06:05:00Z,2025-11-07T05:55:45Z,corso_IoT,ESP_LEOPIZZI,Lecce,Stanza,0.21694117647058847,0.03776470588235295,1.0303529411764714,0.23329411764705893,0.11929411764705879,-0.24129411764705896,57.19999999999992,0,0.8299999999999988,5.6117647058823525,21.5
,,0,2025-11-07T00:20:00Z,2025-11-07T06:05:00Z,2025-11-07T05:56:42.5Z,corso_IoT,ESP_LEOPIZZI,Lecce,Stanza,0.2163529411764708,0.03800000000000001,1.0301176470588242,0.2456470588235294,0.09494117647058826,-0.2724705882352941,57.19999999999992,0,0.8299999999999988,8.458823529411765,21.5
,,0,2025-11-07T00:20:00Z,2025-11-07T06:05:00Z,2025-11-07T05:57:40Z,corso_IoT,ESP_LEOPIZZI,Lecce,Stanza,0.21529411764705908,0.037882352941176485,1.0303529411764714,0.24847058823529405,0.12552941176470592,-0.22541176470588228,57.27411764705892,0,0.8299999999999988,5.376470588235295,21.5
,,0,2025-11-07T00:20:00Z,2025-11-07T06:05:00Z,2025-11-07T05:58:37.5Z,corso_IoT,ESP_LEOPIZZI,Lecce,Stanza,0.2146428571428574,0.03738095238095239,1.0300000000000007,0.23845238095238097,0.08404761904761904,-0.2426190476190476,57.30000000000008,0,1.1199999999999999,5.880952380952381,21.5
,,0,2025-11-07T00:20:00Z,2025-11-07T06:05:00Z,2025-11-07T05:59:35Z,corso_IoT,ESP_LEOPIZZI,Lecce,Stanza,0.21564705882352964,0.036588235294117644,1.0303529411764714,0.2547058823529412,0.09470588235294118,-0.25988235294117656,57.20823529411756,0,1.6502352941176472,5.5058823529411764,21.5
,,0,2025-11-07T00:20:00Z,2025-11-07T06:05:00Z,2025-11-07T06:00:32.5Z,corso_IoT,ESP_LEOPIZZI,Lecce,Stanza,0.21390804597701182,0.03540229885057469,1.029310344827587,0.2444827586206897,0.08114942528735634,-0.2702298850574713,57.19999999999991,0,1.6699999999999995,5.517241379310345,21.5
,,0,2025-11-07T00:20:00Z,2025-11-07T06:05:00Z,2025-11-07T06:01:30Z,corso_IoT,ESP_LEOPIZZI,Lecce,Stanza,0.212790697674419,0.03395348837209302,1.029534883720931,0.24337209302325594,0.11186046511627908,-0.26069767441860464,57.19999999999991,0,1.6699999999999997,5.965116279069767,21.5
,,0,2025-11-07T00:20:00Z,2025-11-07T06:05:00Z,2025-11-07T06:02:27.5Z,corso_IoT,ESP_LEOPIZZI,Lecce,Stanza,0.21273809523809564,0.03273809523809522,1.0290476190476199,0.28130952380952373,0.08035714285714285,-0.23809523809523822,57.19999999999992,0,1.67,6.107142857142857,21.5
,,0,2025-11-07T00:20:00Z,2025-11-07T06:05:00Z,2025-11-07T06:03:25Z,corso_IoT,ESP_LEOPIZZI,Lecce,Stanza,0.21207317073170767,0.032804878048780475,1.030731707317074,0.2403658536585366,0.14792682926829268,-0.21597560975609756,57.19999999999992,0,1.6700000000000004,5.451219512195122,21.5
,,0,2025-11-07T00:20:00Z,2025-11-07T06:05:00Z,2025-11-07T06:04:22.5Z,corso_IoT,ESP_LEOPIZZI,Lecce,Stanza,0.21301204819277147,0.034939759036144574,1.0290361445783143,0.2156626506024095,0.09180722891566265,-0.2378313253012047,57.25783132530129,0,1.6700000000000002,5.373493975903615,21.5
,,0,2025-11-07T00:20:00Z,2025-11-07T06:05:00Z,2025-11-07T06:05:00Z,corso_IoT,ESP_LEOPIZZI,Lecce,Stanza,0.21200000000000022,0.03381818181818184,1.0294545454545463,0.2556363636363636,0.11490909090909089,-0.2225454545454546,57.29454545454549,0,1.6700000000000013,5.490909090909091,21.5

