#group,false,false,true,true,false,true,true,true,true,false,false,false,false,false,false,false,false,false,false,false
#datatype,string,long,dateTime:RFC3339,dateTime:RFC3339,dateTime:RFC3339,string,string,string,string,double,double,double,double,double,double,double,double,double,double,double
#default,mean,,,,,,,,,,,,,,,,,,,
,result,table,_start,_stop,_time,_measurement,host,location,room,accel_x,accel_y,accel_z,gyro_x,gyro_y,gyro_z,humidity,is_moving,light,mic,temperature
,,0,2025-11-15T01:10:00Z,2025-11-15T07:00:00Z,2025-11-15T01:10:58.024Z,corso_IoT,ESP_LEOPIZZI,Lecce,Stanza,0.00013157894736842105,0,0.9992105263157898,-0.02210526315789474,-0.0281578947368421,-0.0005263157894736848,67.8000000000001,0,0,44.171052631578945,18.700000000000024
,,0,2025-11-15T01:10:00Z,2025-11-15T07:00:00Z,2025-11-15T01:11:56.357Z,corso_IoT,ESP_LEOPIZZI,Lecce,Stanza,-0.0001282051282051282,0.0001282051282051282,1.0007692307692309,-0.006538461538461535,-0.019102564102564105,-0.006538461538461539,67.79230769230777,0,0,36.243589743589745,18.70769230769233
,,0,2025-11-15T01:10:00Z,2025-11-15T07:00:00Z,2025-11-15T01:12:54.69Z,corso_IoT,ESP_LEOPIZZI,Lecce,Stanza,-0.00025316455696202533,0.00012658227848101267,1.000253164556962,0.004556962025316462,-0.048860759493670886,0.015822784810126583,67.79620253164566,0,0,27.379746835443036,18.703797468354452
,,0,2025-11-15T01:10:00Z,2025-11-15T07:00:00Z,2025-11-15T01:13:53.023Z,corso_IoT,ESP_LEOPIZZI,Lecce,Stanza,0.00011904761904761905,0.0002380952380952381,0.9998809523809525,-0.008214285714285712,-0.06047619047619045,-0.021666666666666674,67.77500000000005,0,0,28.464285714285715,18.725000000000012
,,0,2025-11-15T01:10:00Z,2025-11-15T07:00:00Z,2025-11-15T01:14:51.356Z,corso_IoT,ESP_LEOPIZZI,Lecce,Stanza,0.00011764705882352942,0.0003529411764705882,1.0003529411764704,-0.0008235294117647036,-0.04988235294117646,0.002117647058823527,67.72588235294108,0,0,28.11764705882353,18.774117647058798
,,0,2025-11-15T01:10:00Z,2025-11-15T07:00:00Z,2025-11-15T01:15:49.689Z,corso_IoT,ESP_LEOPIZZI,Lecce,Stanza,0.00022988505747126436,0.0004597701149425287,0.9997701149425288,-0.0017241379310344827,-0.03724137931034484,-0.007356321839080458,67.70344827586197,0,0,23.816091954022987,18.796551724137906
,,0,2025-11-15T01:10:00Z,2025-11-15T07:00:00Z,2025-11-15T01:16:48.022Z,corso_IoT,ESP_LEOPIZZI,Lecce,Stanza,0,0.0005813953488372093,0.9996511627906975,-0.009534883720930231,-0.001627906976744183,0.005465116279069763,67.71279069767436,0,0,24.709302325581394,18.726744186046542
,,0,2025-11-15T01:10:00Z,2025-11-15T07:00:00Z,2025-11-15T01:17:46.355Z,corso_IoT,ESP_LEOPIZZI,Lecce,Stanza,0,0.00023255813953488373,0.998953488372093,0.016976744186046517,-0.05988372093023253,-0.016511627906976738,67.79651162790708,0,0,22.837209302325583,18.700000000000028
,,0,2025-11-15T01:10:00Z,2025-11-15T07:00:00Z,2025-11-15T01:18:44.688Z,corso_IoT,ESP_LEOPIZZI,Lecce,Stanza,0,0.0005555555555555556,0.9989999999999998,0.016888888888888898,-0.03822222222222222,-0.02722222222222222,67.80000000000011,0,0,21.711111111111112,18.700000000000028
,,0,2025-11-15T01:10:00Z,2025-11-15T07:00:00Z,2025-11-15T01:19:43.021Z,corso_IoT,ESP_LEOPIZZI,Lecce,Stanza,0,0.00045454545454545455,0.9999999999999999,0.021818181818181813,-0.04886363636363636,-0.002727272727272729,67.80000000000011,0,0,18.079545454545453,18.700000000000028
,,0,2025-11-15T01:10:00Z,2025-11-15T07:00:00Z,2025-11-15T01:20:41.354Z,corso_IoT,ESP_LEOPIZZI,Lecce,Stanza,0.00022988505747126436,0.0008045977011494254,0.9991954022988505,0.015402298850574722,-0.046666666666666676,-0.020229885057471263,67.80000000000011,0,0,23.471264367816094,18.700000000000028
,,0,2025-11-15T01:10:00Z,2025-11-15T07:00:00Z,2025-11-15T01:21:39.687Z,corso_IoT,ESP_LEOPIZZI,Lecce,Stanza,0.00023255813953488373,0.0008139534883720931,0.9996511627906975,0.006976744186046509,-0.054418604651162786,-0.024767441860465114,67.80000000000011,0,0,22.03488372093023,18.700000000000028
,,0,2025-11-15T01:10:00Z,2025-11-15T07:00:00Z,2025-11-15T01:22:38.02Z,corso_IoT,ESP_LEOPIZZI,Lecce,Stanza,-0.00011627906976744187,0.0005813953488372093,0.9990697674418606,-0.014651162790697675,-0.06883720930232558,-0.008372093023255823,67.80000000000011,0,0,21.61627906976744,18.700000000000028
,,0,2025-11-15T01:10:00Z,2025-11-15T07:00:00Z,2025-11-15T01:23:36.353Z,corso_IoT,ESP_LEOPIZZI,Lecce,Stanza,-0.0002380952380952381,0.0005952380952380953,0.9996428571428569,0.0034523809523809576,-0.03261904761904762,0.006666666666666666,67.86190476190471,0,0,23.857142857142858,18.700000000000028
,,0,2025-11-15T01:10:00Z,2025-11-15T07:00:00Z,2025-11-15T01:24:34.686Z,corso_IoT,ESP_LEOPIZZI,Lecce,Stanza,0.00024390243902439024,0.0007317073170731708,0.9989024390243902,-0.01646341463414634,-0.029756097560975605,-0.02109756097560976,67.89999999999995,0,0,19.25609756097561,18.696341463414655
,,0,2025-11-15T01:10:00Z,2025-11-15T07:00:00Z,2025-11-15T01:25:33.019Z,corso_IoT,ESP_LEOPIZZI,Lecce,Stanza,0,0.000975609756097561,0.9986585365853659,-0.028780487804878054,-0.03853658536585366,-0.03353658536585366,67.89999999999995,0,0,20.98780487804878,18.692682926829296
,,0,2025-11-15T01:10:00Z,2025-11-15T07:00:00Z,2025-11-15T01:26:31.352Z,corso_IoT,ESP_LEOPIZZI,Lecce,Stanza,0.00035714285714285714,0.0007142857142857144,0.9988095238095239,-0.005952380952380948,-0.02726190476190476,-0.015595238095238101,67.89999999999993,0,0,16.61904761904762,18.694047619047637
,,0,2025-11-15T01:10:00Z,2025-11-15T07:00:00Z,2025-11-15T01:27:29.685Z,corso_IoT,ESP_LEOPIZZI,Lecce,Stanza,0,0.0003488372093023256,0.9997674418604652,-0.0009302325581395318,-0.061860465116279066,-0.005581395348837207,67.90465116279064,0,0,24.63953488372093,18.619767441860446
,,0,2025-11-15T01:10:00Z,2025-11-15T07:00:00Z,2025-11-15T01:28:28.018Z,corso_IoT,ESP_LEOPIZZI,Lecce,Stanza,-0.00012195121951219512,0.001097560975609756,0.9987804878048779,0.004146341463414638,-0.03378048780487805,-0.008414634146341474,67.94756097560975,0,0,19.146341463414632,18.615853658536565
,,0,2025-11-15T01:10:00Z,2025-11-15T07:00:00Z,2025-11-15T01:29:26.351Z,corso_IoT,ESP_LEOPIZZI,Lecce,Stanza,0.00011904761904761905,0.0008333333333333334,0.9985714285714286,0.01761904761904762,-0.048095238095238094,-0.01154761904761904,67.9952380952381,0,0,21.511904761904763,18.59999999999998
,,0,2025-11-15T01:10:00Z,2025-11-15T07:00:00Z,2025-11-15T01:30:24.684Z,corso_IoT,ESP_LEOPIZZI,Lecce,Stanza,0.0002469135802469136,0.0007407407407407408,0.9992592592592591,-0.013086419753086415,-0.07753086419753087,-0.03617283950617283,68,0,0,22.08641975308642,18.599999999999984
,,0,2025-11-15T01:10:00Z,2025-11-15T07:00:00Z,2025-11-15T01:31:23.017Z,corso_IoT,ESP_LEOPIZZI,Lecce,Stanza,0,0.0010714285714285715,0.9980952380952379,0.02083333333333334,-0.07547619047619045,-0.017261904761904763,68,0,0,21.25,18.59999999999998
,,0,2025-11-15T01:10:00Z,2025-11-15T07:00:00Z,2025-11-15T01:32:21.35Z,corso_IoT,ESP_LEOPIZZI,Lecce,Stanza,0.0003529411764705882,0.0007058823529411765,0.9990588235294114,0.013882352941176478,-0.025647058823529408,-0.041176470588235314,68,0,0,22.011764705882353,18.59999999999998
,,0,2025-11-15T01:10:00Z,2025-11-15T07:00:00Z,2025-11-15T01:33:19.683Z,corso_IoT,ESP_LEOPIZZI,Lecce,Stanza,0.00011627906976744187,0.0013953488372093021,0.9986046511627906,-0.008837209302325578,-0.1080232558139535,-0.03209302325581394,68.04651162790707,0,0,19.24418604651163,18.599999999999977
,,0,2025-11-15T01:10:00Z,2025-11-15T07:00:00Z,2025-11-15T01:34:18.016Z,corso_IoT,ESP_LEOPIZZI,Lecce,Stanza,0.00011627906976744187,0.0011627906976744186,0.9987209302325583,-0.023139534883720933,-0.04337209302325581,-0.03848837209302326,68.10348837209307,0,0,26.162790697674417,18.599999999999977
,,0,2025-11-15T01:10:00Z,2025-11-15T07:00:00Z,2025-11-15T01:35:16.349Z,corso_IoT,ESP_LEOPIZZI,Lecce,Stanza,0,0.0011627906976744186,0.9989534883720929,-0.016511627906976745,-0.07872093023255812,-0.03953488372093024,68.14186046511635,0,0,19.930232558139537,18.599999999999977
,,0,2025-11-15T01:10:00Z,2025-11-15T07:00:00Z,2025-11-15T01:36:14.682Z,corso_IoT,ESP_LEOPIZZI,Lecce,Stanza,0,0.0016470588235294116,0.9989411764705882,-0.01623529411764706,-0.10823529411764701,-0.026235294117647058,68.06000000000006,0,0,19.788235294117648,18.59999999999998
,,0,2025-11-15T01:10:00Z,2025-11-15T07:00:00Z,2025-11-15T01:37:13.015Z,corso_IoT,ESP_LEOPIZZI,Lecce,Stanza,-0.00011363636363636364,0.0015909090909090907,0.9986363636363635,-0.04659090909090908,-0.06079545454545452,-0.04397727272727273,68.08863636363643,0,0,20.147727272727273,18.599999999999977
,,0,2025-11-15T01:10:00Z,2025-11-15T07:00:00Z,2025-11-15T01:38:11.348Z,corso_IoT,ESP_LEOPIZZI,Lecce,Stanza,0.00047058823529411766,0.0025882352941176477,0.9981176470588234,0.0030588235294117627,-0.07105882352941177,-0.020352941176470588,68.10000000000007,0,0,24.31764705882353,18.59999999999998
,,0,2025-11-15T01:10:00Z,2025-11-15T07:00:00Z,2025-11-15T01:39:09.681Z,corso_IoT,ESP_LEOPIZZI,Lecce,Stanza,0.00011494252873563218,0.002298850574712644,0.9979310344827585,0.004942528735632187,-0.10264367816091957,-0.04252873563218391,68.10000000000007,0,0,19.17241379310345,18.599999999999977
,,0,2025-11-15T01:10:00Z,2025-11-15T07:00:00Z,2025-11-15T01:40:08.014Z,corso_IoT,ESP_LEOPIZZI,Lecce,Stanza,0.00011627906976744187,0.001627906976744186,0.998139534883721,-0.03395348837209301,-0.05941860465116282,-0.027558139534883713,68.12790697674419,0,0,20.36046511627907,18.599999999999977
,,0,2025-11-15T01:10:00Z,2025-11-15T07:00:00Z,2025-11-15T01:41:06.347Z,corso_IoT,ESP_LEOPIZZI,Lecce,Stanza,0.00011764705882352942,0.002823529411764707,0.997411764705882,-0.022823529411764708,-0.05070588235294116,-0.033058823529411765,68.22823529411765,0,0,22.83529411764706,18.59999999999998
,,0,2025-11-15T01:10:00Z,2025-11-15T07:00:00Z,2025-11-15T01:42:04.68Z,corso_IoT,ESP_LEOPIZZI,Lecce,Stanza,0.0003448275862068965,0.0024137931034482764,0.9975862068965514,0.025057471264367824,-0.09678160919540232,-0.03965517241379311,68.2540229885057,0,0,18.666666666666668,18.599999999999977
,,0,2025-11-15T01:10:00Z,2025-11-15T07:00:00Z,2025-11-15T01:43:03.013Z,corso_IoT,ESP_LEOPIZZI,Lecce,Stanza,0.00011235955056179776,0.0023595505617977535,0.9968539325842691,0.02303370786516852,-0.06314606741573031,-0.03179775280898878,68.29101123595514,0,0,21.179775280898877,18.599999999999977
,,0,2025-11-15T01:10:00Z,2025-11-15T07:00:00Z,2025-11-15T01:44:01.346Z,corso_IoT,ESP_LEOPIZZI,Lecce,Stanza,0,0.002727272727272728,0.9977272727272726,-0.02056818181818182,-0.062045454545454536,-0.04306818181818182,68.30000000000011,0,0,21.772727272727273,18.599999999999977
,,0,2025-11-15T01:10:00Z,2025-11-15T07:00:00Z,2025-11-15T01:44:59.679Z,corso_IoT,ESP_LEOPIZZI,Lecce,Stanza,0.0003448275862068965,0.0029885057471264373,0.9977011494252872,0.0002298850574712666,-0.06436781609195402,-0.049195402298850555,68.30000000000011,0,0,22.885057471264368,18.599999999999977
,,0,2025-11-15T01:10:00Z,2025-11-15T07:00:00Z,2025-11-15T01:45:58.012Z,corso_IoT,ESP_LEOPIZZI,Lecce,Stanza,0,0.0024137931034482764,0.9968965517241378,-0.025862068965517248,-0.08517241379310347,-0.02701149425287357,68.30000000000011,0,0,17.471264367816094,18.599999999999977
,,0,2025-11-15T01:10:00Z,2025-11-15T07:00:00Z,2025-11-15T01:46:56.345Z,corso_IoT,ESP_LEOPIZZI,Lecce,Stanza,0,0.0023595505617977535,0.997640449438202,0.0017977528089887628,-0.09932584269662924,-0.04617977528089888,68.30000000000011,0,0,20.48314606741573,18.599999999999977
,,0,2025-11-15T01:10:00Z,2025-11-15T07:00:00Z,2025-11-15T01:47:54.678Z,corso_IoT,ESP_LEOPIZZI,Lecce,Stanza,0,0.002584269662921349,0.9978651685393257,0.01191011235955056,-0.12730337078651682,-0.024606741573033702,68.30000000000011,0,0,19.617977528089888,18.599999999999977
,,0,2025-11-15T01:10:00Z,2025-11-15T07:00:00Z,2025-11-15T01:48:53.011Z,corso_IoT,ESP_LEOPIZZI,Lecce,Stanza,0,0.0025000000000000005,0.9978409090909092,0.018181818181818184,-0.1102272727272727,-0.031931818181818165,68.30000000000011,0,0,20.170454545454547,18.599999999999977
,,0,2025-11-15T01:10:00Z,2025-11-15T07:00:00Z,2025-11-15T01:49:51.344Z,corso_IoT,ESP_LEOPIZZI,Lecce,Stanza,-0.00011363636363636364,0.0037500000000000016,0.997613636363636,-0.008409090909090906,-0.09193181818181816,-0.06159090909090909,68.30000000000011,0,0,16.568181818181817,18.599999999999977
,,0,2025-11-15T01:10:00Z,2025-11-15T07:00:00Z,2025-11-15T01:50:49.677Z,corso_IoT,ESP_LEOPIZZI,Lecce,Stanza,0.00022471910112359551,0.002584269662921349,0.9964044943820223,-0.007415730337078647,-0.08235955056179774,-0.07561797752808991,68.30000000000011,0,0,21.089887640449437,18.599999999999977
,,0,2025-11-15T01:10:00Z,2025-11-15T07:00:00Z,2025-11-15T01:51:48.01Z,corso_IoT,ESP_LEOPIZZI,Lecce,Stanza,0.00011235955056179776,0.0033707865168539335,0.9965168539325839,-0.0011235955056179761,-0.09685393258426968,-0.05202247191011237,68.30337078651695,0,0,18.674157303370787,18.596629213483126
,,0,2025-11-15T01:10:00Z,2025-11-15T07:00:00Z,2025-11-15T01:52:46.343Z,corso_IoT,ESP_LEOPIZZI,Lecce,Stanza,-0.12698795180722885,0.006506024096385545,0.9908433734939759,-0.13939759036144578,0.5298795180722892,0.019879518072289142,68.30000000000011,6.024096385542169,0,22.650602409638555,18.59999999999998
,,0,2025-11-15T01:10:00Z,2025-11-15T07:00:00Z,2025-11-15T01:53:44.676Z,corso_IoT,ESP_LEOPIZZI,Lecce,Stanza,-0.17282352941176465,0.027647058823529403,0.9834117647058819,-0.00670588235294118,-0.16764705882352948,-0.012941176470588239,68.30000000000011,0.5882352941176471,0,29.470588235294116,18.59999999999998
,,0,2025-11-15T01:10:00Z,2025-11-15T07:00:00Z,2025-11-15T01:54:43.009Z,corso_IoT,ESP_LEOPIZZI,Lecce,Stanza,-0.1649397590361446,0.029999999999999985,0.9824096385542168,0.00024096385542169164,-0.09108433734939761,-0.039397590361445786,68.30361445783143,0,0,25.55421686746988,18.596385542168655
,,0,2025-11-15T01:10:00Z,2025-11-15T07:00:00Z,2025-11-15T01:55:41.342Z,corso_IoT,ESP_LEOPIZZI,Lecce,Stanza,-0.16297619047619052,0.030476190476190452,0.9814285714285712,-0.009642857142857144,-0.09880952380952379,-0.02261904761904762,68.31904761904762,0,0,29.238095238095237,18.58095238095238
,,0,2025-11-15T01:10:00Z,2025-11-15T07:00:00Z,2025-11-15T01:56:39.675Z,corso_IoT,ESP_LEOPIZZI,Lecce,Stanza,-0.16390243902439028,0.030975609756097557,0.9821951219512193,-0.05512195121951219,-0.07402439024390242,-0.02975609756097561,68.32926829268303,0,0,33.4390243902439,18.57073170731705
,,0,2025-11-15T01:10:00Z,2025-11-15T07:00:00Z,2025-11-15T01:57:38.008Z,corso_IoT,ESP_LEOPIZZI,Lecce,Stanza,-0.15094117647058844,0.033294117647058814,0.9805882352941175,-0.06847058823529417,-0.04458823529411763,-0.061764705882352944,68.30705882352949,0.5882352941176471,0,25.31764705882353,18.59294117647057
,,0,2025-11-15T01:10:00Z,2025-11-15T07:00:00Z,2025-11-15T01:58:36.341Z,corso_IoT,ESP_LEOPIZZI,Lecce,Stanza,-0.14963855421686767,0.035542168674698796,0.9796385542168672,-0.07120481927710842,-0.15301204819277103,-0.05144578313253013,68.31566265060245,0,0,30.02409638554217,18.592771084337336
,,0,2025-11-15T01:10:00Z,2025-11-15T07:00:00Z,2025-11-15T01:59:34.674Z,corso_IoT,ESP_LEOPIZZI,Lecce,Stanza,-0.1492857142857145,0.03833333333333335,0.9792857142857139,-0.026666666666666658,-0.11023809523809527,-0.038095238095238085,68.32380952380962,0,0,26.297619047619047,18.591666666666647
,,0,2025-11-15T01:10:00Z,2025-11-15T07:00:00Z,2025-11-15T02:00:33.007Z,corso_IoT,ESP_LEOPIZZI,Lecce,Stanza,-0.1495121951219514,0.03829268292682928,0.9796341463414628,-0.0174390243902439,-0.1414634146341463,-0.04426829268292683,68.31219512195133,0,0,25.853658536585368,18.596341463414618
,,0,2025-11-15T01:10:00Z,2025-11-15T07:00:00Z,2025-11-15T02:01:31.34Z,corso_IoT,ESP_LEOPIZZI,Lecce,Stanza,-0.24000000000000002,0.025116279069767454,0.9712790697674404,-0.2266279069767443,-0.025232558139534882,-0.07162790697674416,68.31976744186052,4.069767441860465,0,21.011627906976745,18.599999999999977
,,0,2025-11-15T01:10:00Z,2025-11-15T07:00:00Z,2025-11-15T02:02:29.673Z,corso_IoT,ESP_LEOPIZZI,Lecce,Stanza,-0.31325301204819267,0.021084337349397603,0.9606024096385536,0.007951807228915666,-0.1183132530120482,-0.03590361445783132,68.30000000000011,0,0,25.373493975903614,18.59999999999998
,,0,2025-11-15T01:10:00Z,2025-11-15T07:00:00Z,2025-11-15T02:03:28.006Z,corso_IoT,ESP_LEOPIZZI,Lecce,Stanza,-0.3163855421686747,0.023012048192771098,0.9596385542168672,0.013253012048192764,-0.11493975903614455,-0.08638554216867474,68.30000000000011,0,0,28.3855421686747,18.59999999999998
,,0,2025-11-15T01:10:00Z,2025-11-15T07:00:00Z,2025-11-15T02:04:26.339Z,corso_IoT,ESP_LEOPIZZI,Lecce,Stanza,-0.31804878048780494,0.02256097560975611,0.9592682926829266,0.01804878048780488,-0.10475609756097565,-0.0775609756097561,68.30000000000011,0,0,32.5,18.59999999999998
,,0,2025-11-15T01:10:00Z,2025-11-15T07:00:00Z,2025-11-15T02:05:24.672Z,corso_IoT,ESP_LEOPIZZI,Lecce,Stanza,-0.3190123456790125,0.02259259259259261,0.957654320987654,0.00271604938271606,-0.0933333333333334,-0.06679012345679015,68.3000000000001,0,0,28.864197530864196,18.599999999999984
,,0,2025-11-15T01:10:00Z,2025-11-15T07:00:00Z,2025-11-15T02:06:23.005Z,corso_IoT,ESP_LEOPIZZI,Lecce,Stanza,-0.31925000000000014,0.023375000000000017,0.9584999999999999,-0.029625000000000005,-0.11399999999999999,-0.08475,68.3037500000001,0,0,30.7875,18.596249999999987
,,0,2025-11-15T01:10:00Z,2025-11-15T07:00:00Z,2025-11-15T02:07:21.338Z,corso_IoT,ESP_LEOPIZZI,Lecce,Stanza,-0.3195238095238097,0.022619047619047632,0.9582142857142851,-0.023095238095238106,-0.10333333333333335,-0.08357142857142857,68.30000000000011,0,0,22.5,18.59999999999998
,,0,2025-11-15T01:10:00Z,2025-11-15T07:00:00Z,2025-11-15T02:08:19.671Z,corso_IoT,ESP_LEOPIZZI,Lecce,Stanza,-0.31975609756097584,0.02317073170731709,0.957439024390244,-0.017804878048780483,-0.10475609756097559,-0.09585365853658535,68.30000000000011,0,0,26.75609756097561,18.59999999999998
,,0,2025-11-15T01:10:00Z,2025-11-15T07:00:00Z,2025-11-15T02:09:18.004Z,corso_IoT,ESP_LEOPIZZI,Lecce,Stanza,-0.3061904761904765,0.026071428571428575,0.9582142857142855,-0.06857142857142855,-0.14714285714285716,-0.12821428571428573,68.30000000000011,0.5952380952380952,0,27,18.59999999999998
,,0,2025-11-15T01:10:00Z,2025-11-15T07:00:00Z,2025-11-15T02:10:16.337Z,corso_IoT,ESP_LEOPIZZI,Lecce,Stanza,-0.2627710843373496,0.031084337349397563,0.9648192771084331,0.021807228915662658,-0.11277108433734943,-0.07614457831325298,68.30722891566276,0,0,28.91566265060241,18.59999999999998
,,0,2025-11-15T01:10:00Z,2025-11-15T07:00:00Z,2025-11-15T02:11:14.67Z,corso_IoT,ESP_LEOPIZZI,Lecce,Stanza,-0.2613253012048195,0.030481927710843355,0.966144578313252,0.00024096385542168796,-0.132289156626506,-0.13554216867469882,68.30000000000011,0,0,36.87951807228916,18.59999999999998
,,0,2025-11-15T01:10:00Z,2025-11-15T07:00:00Z,2025-11-15T02:12:13.003Z,corso_IoT,ESP_LEOPIZZI,Lecce,Stanza,-0.2673493975903615,0.031325301204819266,0.9645783132530116,-0.03216867469879519,-0.027469879518072296,-0.13024096385542172,68.30000000000011,1.2048192771084338,0,34.6144578313253,18.59999999999998
,,0,2025-11-15T01:10:00Z,2025-11-15T07:00:00Z,2025-11-15T02:13:11.336Z,corso_IoT,ESP_LEOPIZZI,Lecce,Stanza,0.04636363636363638,0.04249999999999994,0.9459090909090904,0.27375000000000005,-0.6843181818181817,-0.03454545454545452,68.30000000000011,10.795454545454545,0,19.625,18.599999999999977
,,0,2025-11-15T01:10:00Z,2025-11-15T07:00:00Z,2025-11-15T02:14:09.669Z,corso_IoT,ESP_LEOPIZZI,Lecce,Stanza,0.1288636363636365,0.04977272727272719,0.940795454545454,0.025795454545454552,-0.15829545454545457,-0.17886363636363634,68.34318181818179,0,0,21.647727272727273,18.599999999999977
,,0,2025-11-15T01:10:00Z,2025-11-15T07:00:00Z,2025-11-15T02:15:08.002Z,corso_IoT,ESP_LEOPIZZI,Lecce,Stanza,0.12967032967032988,0.049780219780219695,0.9401098901098894,0.025714285714285707,-0.15648351648351652,-0.1668131868131868,68.39999999999992,0,0,19.307692307692307,18.599999999999973
,,0,2025-11-15T01:10:00Z,2025-11-15T07:00:00Z,2025-11-15T02:16:06.335Z,corso_IoT,ESP_LEOPIZZI,Lecce,Stanza,0.1302222222222224,0.04988888888888881,0.9398888888888883,-0.0010000000000000009,-0.13266666666666663,-0.15844444444444442,68.38888888888881,0,0,19.855555555555554,18.599999999999973
,,0,2025-11-15T01:10:00Z,2025-11-15T07:00:00Z,2025-11-15T02:17:04.668Z,corso_IoT,ESP_LEOPIZZI,Lecce,Stanza,0.13033707865168556,0.050449438202247114,0.9395505617977519,0.03887640449438204,-0.1652808988764045,-0.16528089887640451,68.39662921348307,0,0,17.719101123595507,18.599999999999977
,,0,2025-11-15T01:10:00Z,2025-11-15T07:00:00Z,2025-11-15T02:18:03.001Z,corso_IoT,ESP_LEOPIZZI,Lecce,Stanza,0.11285714285714278,0.09648351648351644,0.9058241758241748,0.1327472527472528,-0.07516483516483514,-0.13230769230769232,68.31538461538473,20.87912087912088,0,22.263736263736263,18.599999999999973
,,0,2025-11-15T01:10:00Z,2025-11-15T07:00:00Z,2025-11-15T02:19:01.334Z,corso_IoT,ESP_LEOPIZZI,Lecce,Stanza,0.08125000000000003,0.17261363636363627,0.8503409090909092,0.0055681818181818185,-0.15136363636363628,-0.1545454545454545,68.30000000000011,50,0,28.5,18.599999999999977
,,0,2025-11-15T01:10:00Z,2025-11-15T07:00:00Z,2025-11-15T02:19:59.667Z,corso_IoT,ESP_LEOPIZZI,Lecce,Stanza,0.08022988505747132,0.17425287356321828,0.8510344827586209,-0.028045977011494257,-0.16459770114942526,-0.12793103448275858,68.30000000000011,50,0,28.35632183908046,18.599999999999977
,,0,2025-11-15T01:10:00Z,2025-11-15T07:00:00Z,2025-11-15T02:20:58Z,corso_IoT,ESP_LEOPIZZI,Lecce,Stanza,0.08000000000000006,0.17438202247191,0.8493258426966296,0.025393258426966294,-0.13707865168539318,-0.14887640449438203,68.30000000000011,50,0,35.056179775280896,18.599999999999977
,,0,2025-11-15T01:10:00Z,2025-11-15T07:00:00Z,2025-11-15T02:21:56.333Z,corso_IoT,ESP_LEOPIZZI,Lecce,Stanza,0.08000000000000006,0.1755172413793102,0.849195402298851,0.007701149425287356,-0.186551724137931,-0.14126436781609197,68.3045977011495,50,0,25.67816091954023,18.599999999999977
,,0,2025-11-15T01:10:00Z,2025-11-15T07:00:00Z,2025-11-15T02:22:54.666Z,corso_IoT,ESP_LEOPIZZI,Lecce,Stanza,0.0797701149425288,0.17563218390804586,0.8488505747126439,-0.001724137931034483,-0.13954022988505743,-0.11885057471264368,68.37471264367811,50,0,26.75862068965517,18.599999999999977
,,0,2025-11-15T01:10:00Z,2025-11-15T07:00:00Z,2025-11-15T02:23:52.999Z,corso_IoT,ESP_LEOPIZZI,Lecce,Stanza,0.08000000000000006,0.17686046511627893,0.8487209302325586,0.003953488372093025,-0.16069767441860464,-0.1308139534883721,68.39999999999993,50,0,28.848837209302324,18.599999999999977
,,0,2025-11-15T01:10:00Z,2025-11-15T07:00:00Z,2025-11-15T02:24:51.332Z,corso_IoT,ESP_LEOPIZZI,Lecce,Stanza,0.0798837209302326,0.17720930232558124,0.8484883720930235,-0.00581395348837209,-0.1447674418604651,-0.13069767441860466,68.39999999999993,50,0,27.46511627906977,18.599999999999977
,,0,2025-11-15T01:10:00Z,2025-11-15T07:00:00Z,2025-11-15T02:25:49.665Z,corso_IoT,ESP_LEOPIZZI,Lecce,Stanza,0.07988764044943826,0.1771910112359549,0.8486516853932587,-0.029325842696629197,-0.13887640449438204,-0.12573033707865172,68.39999999999992,50,0,27.56179775280899,18.599999999999977
,,0,2025-11-15T01:10:00Z,2025-11-15T07:00:00Z,2025-11-15T02:26:47.998Z,corso_IoT,ESP_LEOPIZZI,Lecce,Stanza,0.08000000000000006,0.177674418604651,0.8480232558139542,0.005116279069767446,-0.12744186046511624,-0.13279069767441862,68.39999999999993,50,0,25.930232558139537,18.599999999999977
,,0,2025-11-15T01:10:00Z,2025-11-15T07:00:00Z,2025-11-15T02:27:46.331Z,corso_IoT,ESP_LEOPIZZI,Lecce,Stanza,0.08000000000000006,0.17738636363636348,0.8472727272727276,0.0075000000000000015,-0.10693181818181813,-0.16068181818181818,68.39999999999992,50,0,26.886363636363637,18.599999999999977
,,0,2025-11-15T01:10:00Z,2025-11-15T07:00:00Z,2025-11-15T02:28:44.664Z,corso_IoT,ESP_LEOPIZZI,Lecce,Stanza,0.08011494252873567,0.17793103448275846,0.8474712643678165,-0.017241379310344827,-0.17735632183908046,-0.13471264367816094,68.403448275862,50,0,24.32183908045977,18.596551724137907
,,0,2025-11-15T01:10:00Z,2025-11-15T07:00:00Z,2025-11-15T02:29:42.997Z,corso_IoT,ESP_LEOPIZZI,Lecce,Stanza,0.07988636363636369,0.17795454545454528,0.8471590909090914,-0.014204545454545449,-0.1554545454545455,-0.12340909090909088,68.40454545454537,50,0,25.227272727272727,18.595454545454526
,,0,2025-11-15T01:10:00Z,2025-11-15T07:00:00Z,2025-11-15T02:30:41.33Z,corso_IoT,ESP_LEOPIZZI,Lecce,Stanza,0.07977272727272733,0.17806818181818163,0.84659090909091,-0.009659090909090904,-0.14715909090909088,-0.1607954545454545,68.41818181818178,50,0,30.21590909090909,18.593181818181794
,,0,2025-11-15T01:10:00Z,2025-11-15T07:00:00Z,2025-11-15T02:31:39.663Z,corso_IoT,ESP_LEOPIZZI,Lecce,Stanza,0.07965517241379316,0.17873563218390787,0.8468965517241385,-0.012758620689655172,-0.1733333333333333,-0.12609195402298845,68.45862068965512,50,0,24.655172413793103,18.596551724137907
,,0,2025-11-15T01:10:00Z,2025-11-15T07:00:00Z,2025-11-15T02:32:37.996Z,corso_IoT,ESP_LEOPIZZI,Lecce,Stanza,0.07965909090909097,0.17829545454545437,0.8452272727272738,0.015113636363636367,-0.16022727272727277,-0.12874999999999995,68.5545454545455,50,0,28.329545454545453,18.52272727272726
,,0,2025-11-15T01:10:00Z,2025-11-15T07:00:00Z,2025-11-15T02:33:36.329Z,corso_IoT,ESP_LEOPIZZI,Lecce,Stanza,0.0798837209302326,0.17895348837209285,0.8455813953488385,-0.028837209302325577,-0.1295348837209303,-0.13511627906976745,68.50697674418608,50,0,25.24418604651163,18.577906976744178
,,0,2025-11-15T01:10:00Z,2025-11-15T07:00:00Z,2025-11-15T02:34:34.662Z,corso_IoT,ESP_LEOPIZZI,Lecce,Stanza,0.07988505747126443,0.17873563218390787,0.8459770114942534,-0.023793103448275853,-0.15827586206896554,-0.12482758620689649,68.51149425287362,50,0,23.804597701149426,18.555172413793095
,,0,2025-11-15T01:10:00Z,2025-11-15T07:00:00Z,2025-11-15T02:35:32.995Z,corso_IoT,ESP_LEOPIZZI,Lecce,Stanza,0.07977272727272733,0.17874999999999983,0.8451136363636373,-0.011022727272727269,-0.15079545454545454,-0.11875000000000004,68.55340909090916,50,0,30.511363636363637,18.53522727272727
,,0,2025-11-15T01:10:00Z,2025-11-15T07:00:00Z,2025-11-15T02:36:31.328Z,corso_IoT,ESP_LEOPIZZI,Lecce,Stanza,0.07988636363636369,0.17931818181818165,0.845909090909092,-0.002045454545454539,-0.18818181818181812,-0.13045454545454546,68.5784090909091,50,0,23.795454545454547,18.5181818181818
,,0,2025-11-15T01:10:00Z,2025-11-15T07:00:00Z,2025-11-15T02:37:29.661Z,corso_IoT,ESP_LEOPIZZI,Lecce,Stanza,0.07988505747126443,0.17908045977011475,0.8445977011494261,-0.03264367816091953,-0.14045977011494254,-0.13000000000000003,68.45747126436771,50,0,26.620689655172413,18.593103448275837
,,0,2025-11-15T01:10:00Z,2025-11-15T07:00:00Z,2025-11-15T02:38:27.994Z,corso_IoT,ESP_LEOPIZZI,Lecce,Stanza,0.07976744186046517,0.17918604651162773,0.8443023255813966,-0.009186046511627905,-0.15906976744186044,-0.16139534883720932,68.40813953488366,50,0,29.569767441860463,18.599999999999977
,,0,2025-11-15T01:10:00Z,2025-11-15T07:00:00Z,2025-11-15T02:39:26.327Z,corso_IoT,ESP_LEOPIZZI,Lecce,Stanza,0.07965517241379316,0.17988505747126418,0.8441379310344839,-0.04160919540229884,-0.16827586206896555,-0.13045977011494247,68.40459770114936,50,0,24.57471264367816,18.595402298850555
,,0,2025-11-15T01:10:00Z,2025-11-15T07:00:00Z,2025-11-15T02:40:24.66Z,corso_IoT,ESP_LEOPIZZI,Lecce,Stanza,0.07965116279069773,0.17930232558139517,0.8436046511627922,-0.04906976744186045,-0.14372093023255814,-0.148953488372093,68.40930232558136,50,0,25.58139534883721,18.590697674418593
,,0,2025-11-15T01:10:00Z,2025-11-15T07:00:00Z,2025-11-15T02:41:22.993Z,corso_IoT,ESP_LEOPIZZI,Lecce,Stanza,0.07977272727272733,0.17954545454545434,0.8439772727272736,0.0013636363636363635,-0.1519318181818182,-0.1372727272727273,68.4590909090909,50,0,35.69318181818182,18.540909090909093
,,0,2025-11-15T01:10:00Z,2025-11-15T07:00:00Z,2025-11-15T02:42:21.326Z,corso_IoT,ESP_LEOPIZZI,Lecce,Stanza,0.07953488372093029,0.17941860465116263,0.844186046511629,-0.004767441860465113,-0.15348837209302332,-0.14011627906976745,68.50697674418603,50,0,30.441860465116278,18.53488372093021
,,0,2025-11-15T01:10:00Z,2025-11-15T07:00:00Z,2025-11-15T02:43:19.659Z,corso_IoT,ESP_LEOPIZZI,Lecce,Stanza,0.08000000000000006,0.17965517241379292,0.843218390804599,-0.05965517241379309,-0.1144827586206896,-0.13816091954022983,68.40919540229878,50,0,25.080459770114942,18.599999999999977
,,0,2025-11-15T01:10:00Z,2025-11-15T07:00:00Z,2025-11-15T02:44:17.992Z,corso_IoT,ESP_LEOPIZZI,Lecce,Stanza,0.07988636363636369,0.17999999999999983,0.8442045454545465,-0.014204545454545454,-0.11829545454545459,-0.1400000000000001,68.4068181818181,50,0,26.613636363636363,18.593181818181794
,,0,2025-11-15T01:10:00Z,2025-11-15T07:00:00Z,2025-11-15T02:45:16.325Z,corso_IoT,ESP_LEOPIZZI,Lecce,Stanza,0.0794252873563219,0.17954022988505727,0.8429885057471278,-0.021494252873563224,-0.14919540229885064,-0.1648275862068965,68.43448275862062,50,0,24.298850574712645,18.565517241379286
,,0,2025-11-15T01:10:00Z,2025-11-15T07:00:00Z,2025-11-15T02:46:14.658Z,corso_IoT,ESP_LEOPIZZI,Lecce,Stanza,0.08000000000000006,0.17977272727272708,0.8444318181818192,-0.012159090909090908,-0.14181818181818182,-0.1625,68.41477272727269,50,0,29.147727272727273,18.58522727272726
,,0,2025-11-15T01:10:00Z,2025-11-15T07:00:00Z,2025-11-15T02:47:12.991Z,corso_IoT,ESP_LEOPIZZI,Lecce,Stanza,0.07977272727272733,0.179431818181818,0.8436363636363648,-0.007499999999999996,-0.1473863636363636,-0.1380681818181818,68.49318181818181,50,0,28.636363636363637,18.50681818181818
,,0,2025-11-15T01:10:00Z,2025-11-15T07:00:00Z,2025-11-15T02:48:11.324Z,corso_IoT,ESP_LEOPIZZI,Lecce,Stanza,0.0797701149425288,0.17999999999999983,0.8432183908045988,-0.014252873563218388,-0.1547126436781609,-0.15160919540229884,68.50229885057473,50,0,29.64367816091954,18.50344827586207
,,0,2025-11-15T01:10:00Z,2025-11-15T07:00:00Z,2025-11-15T02:49:09.657Z,corso_IoT,ESP_LEOPIZZI,Lecce,Stanza,0.08000000000000006,0.17988636363636346,0.8421590909090924,0.02204545454545456,-0.1463636363636364,-0.1321590909090909,68.5681818181819,50,0,25.21590909090909,18.5
,,0,2025-11-15T01:10:00Z,2025-11-15T07:00:00Z,2025-11-15T02:50:07.99Z,corso_IoT,ESP_LEOPIZZI,Lecce,Stanza,0.08000000000000006,0.17977528089887623,0.8421348314606758,-0.03853932584269663,-0.12752808988764044,-0.12932584269662922,68.59101123595512,50,0,28.719101123595507,18.5
,,0,2025-11-15T01:10:00Z,2025-11-15T07:00:00Z,2025-11-15T02:51:06.323Z,corso_IoT,ESP_LEOPIZZI,Lecce,Stanza,0.07977272727272733,0.17988636363636343,0.8435227272727283,-0.02897727272727272,-0.12215909090909091,-0.16090909090909086,68.5954545454546,50,0,29.420454545454547,18.5
,,0,2025-11-15T01:10:00Z,2025-11-15T07:00:00Z,2025-11-15T02:52:04.656Z,corso_IoT,ESP_LEOPIZZI,Lecce,Stanza,0.07977272727272731,0.17977272727272708,0.8439772727272736,-0.008522727272727276,-0.10818181818181817,-0.15988636363636363,68.58863636363641,50,0,31.613636363636363,18.5
,,0,2025-11-15T01:10:00Z,2025-11-15T07:00:00Z,2025-11-15T02:53:02.989Z,corso_IoT,ESP_LEOPIZZI,Lecce,Stanza,0.07966292134831465,0.18011235955056162,0.8411235955056194,-0.035056179775280895,-0.10910112359550565,-0.12325842696629215,68.5449438202247,50,0,27.1123595505618,18.5
,,0,2025-11-15T01:10:00Z,2025-11-15T07:00:00Z,2025-11-15T02:54:01.322Z,corso_IoT,ESP_LEOPIZZI,Lecce,Stanza,0.07965909090909097,0.17977272727272708,0.8436363636363652,-0.018409090909090903,-0.1381818181818182,-0.14840909090909096,68.52954545454553,50,0,25.181818181818183,18.5
,,0,2025-11-15T01:10:00Z,2025-11-15T07:00:00Z,2025-11-15T02:54:59.655Z,corso_IoT,ESP_LEOPIZZI,Lecce,Stanza,0.08000000000000006,0.1798837209302324,0.8417441860465129,0.004418604651162792,-0.12755813953488374,-0.16593023255813952,68.53837209302324,50,0,28.988372093023255,18.5
,,0,2025-11-15T01:10:00Z,2025-11-15T07:00:00Z,2025-11-15T02:55:57.988Z,corso_IoT,ESP_LEOPIZZI,Lecce,Stanza,-0.00444444444444444,0.06977777777777776,0.9259999999999999,0.6825555555555554,-0.2933333333333335,-0.021666666666666643,68.55444444444448,30.555555555555557,0,23.566666666666666,18.5
,,0,2025-11-15T01:10:00Z,2025-11-15T07:00:00Z,2025-11-15T02:56:56.321Z,corso_IoT,ESP_LEOPIZZI,Lecce,Stanza,-0.010215053763440866,0.002258064516129033,0.9931182795698915,0.009462365591397844,-0.1510752688172043,-0.14150537634408603,68.46021505376335,0,0,18.741935483870968,18.550537634408574
,,0,2025-11-15T01:10:00Z,2025-11-15T07:00:00Z,2025-11-15T02:57:54.654Z,corso_IoT,ESP_LEOPIZZI,Lecce,Stanza,-0.009680851063829793,0.005212765957446811,0.9912765957446802,0.0246808510638298,-0.1411702127659575,-0.16276595744680855,68.40851063829777,0,0,16.648936170212767,18.5914893617021
,,0,2025-11-15T01:10:00Z,2025-11-15T07:00:00Z,2025-11-15T02:58:52.987Z,corso_IoT,ESP_LEOPIZZI,Lecce,Stanza,-0.009247311827956996,0.00655913978494624,0.9916129032258059,-0.00989247311827957,-0.15075268817204301,-0.15838709677419355,68.38064516129032,0,0,18.795698924731184,18.599999999999973
,,0,2025-11-15T01:10:00Z,2025-11-15T07:00:00Z,2025-11-15T02:59:51.32Z,corso_IoT,ESP_LEOPIZZI,Lecce,Stanza,-0.008817204301075274,0.007526881720430111,0.9926881720430097,0.006666666666666672,-0.14096774193548384,-0.18172043010752686,68.38064516129022,0,0,19.0752688172043,18.599999999999973
,,0,2025-11-15T01:10:00Z,2025-11-15T07:00:00Z,2025-11-15T03:00:49.653Z,corso_IoT,ESP_LEOPIZZI,Lecce,Stanza,-0.009120879120879126,0.006813186813186817,0.991648351648351,0.01461538461538462,-0.169010989010989,-0.1576923076923077,68.34945054945057,0,0,17.98901098901099,18.599999999999973
,,0,2025-11-15T01:10:00Z,2025-11-15T07:00:00Z,2025-11-15T03:01:47.986Z,corso_IoT,ESP_LEOPIZZI,Lecce,Stanza,-0.008876404494382028,0.007865168539325847,0.9899999999999992,-0.003932584269662919,-0.13999999999999999,-0.16685393258426967,68.33483146067427,0,0,17.98876404494382,18.599999999999977
,,0,2025-11-15T01:10:00Z,2025-11-15T07:00:00Z,2025-11-15T03:02:46.319Z,corso_IoT,ESP_LEOPIZZI,Lecce,Stanza,-0.008045977011494258,0.009770114942528742,0.988735632183907,0.013448275862068974,-0.16149425287356328,-0.15643678160919539,68.30000000000011,0,0,22.563218390804597,18.599999999999977
,,0,2025-11-15T01:10:00Z,2025-11-15T07:00:00Z,2025-11-15T03:03:44.652Z,corso_IoT,ESP_LEOPIZZI,Lecce,Stanza,-0.00816091954022989,0.009540229885057478,0.9897701149425281,-0.02770114942528734,-0.17908045977011486,-0.13126436781609196,68.30000000000011,0,0,21.195402298850574,18.599999999999977
,,0,2025-11-15T01:10:00Z,2025-11-15T07:00:00Z,2025-11-15T03:04:42.985Z,corso_IoT,ESP_LEOPIZZI,Lecce,Stanza,-0.006931818181818186,0.009659090909090916,0.9884090909090903,-0.002386363636363637,-0.15522727272727274,-0.15556818181818186,68.38295454545454,0,0,19.863636363636363,18.55
,,0,2025-11-15T01:10:00Z,2025-11-15T07:00:00Z,2025-11-15T03:05:41.318Z,corso_IoT,ESP_LEOPIZZI,Lecce,Stanza,-0.01750000000000001,0.010476190476190481,0.9908333333333323,0.012499999999999995,-0.17952380952380956,-0.13607142857142854,68.5,4.166666666666667,0,20.30952380952381,18.5
,,0,2025-11-15T01:10:00Z,2025-11-15T07:00:00Z,2025-11-15T03:06:39.651Z,corso_IoT,ESP_LEOPIZZI,Lecce,Stanza,-0.020114942528735646,0.010114942528735639,0.9893103448275858,-0.025977011494252876,-0.11574712643678163,-0.144712643678161,68.5,0,0,16.49425287356322,18.5
,,0,2025-11-15T01:10:00Z,2025-11-15T07:00:00Z,2025-11-15T03:07:37.984Z,corso_IoT,ESP_LEOPIZZI,Lecce,Stanza,-0.02045454545454547,0.010340909090909097,0.9898863636363628,-0.0019318181818181784,-0.14920454545454545,-0.1654545454545455,68.50795454545458,0,0,19.125,18.5
,,0,2025-11-15T01:10:00Z,2025-11-15T07:00:00Z,2025-11-15T03:08:36.317Z,corso_IoT,ESP_LEOPIZZI,Lecce,Stanza,-0.020114942528735646,0.010114942528735639,0.9898850574712634,-0.0036781609195402224,-0.13965517241379316,-0.14632183908045973,68.54137931034494,0,0,19.49425287356322,18.5
,,0,2025-11-15T01:10:00Z,2025-11-15T07:00:00Z,2025-11-15T03:09:34.65Z,corso_IoT,ESP_LEOPIZZI,Lecce,Stanza,-0.020224719101123608,0.010000000000000007,0.9894382022471903,-0.0037078651685393243,-0.16011235955056174,-0.18382022471910112,68.59213483146075,0,0,19.55056179775281,18.5
,,0,2025-11-15T01:10:00Z,2025-11-15T07:00:00Z,2025-11-15T03:10:32.983Z,corso_IoT,ESP_LEOPIZZI,Lecce,Stanza,-0.02045977011494254,0.010000000000000007,0.9891954022988501,-0.02022988505747125,-0.1398850574712644,-0.16241379310344825,68.60000000000007,0,0,19.436781609195403,18.5
,,0,2025-11-15T01:10:00Z,2025-11-15T07:00:00Z,2025-11-15T03:11:31.316Z,corso_IoT,ESP_LEOPIZZI,Lecce,Stanza,-0.020229885057471277,0.010574712643678168,0.9890804597701143,-0.002298850574712642,-0.1349425287356322,-0.1570114942528736,68.60000000000007,0,0,22.298850574712645,18.5
,,0,2025-11-15T01:10:00Z,2025-11-15T07:00:00Z,2025-11-15T03:12:29.649Z,corso_IoT,ESP_LEOPIZZI,Lecce,Stanza,-0.02045977011494254,0.010114942528735639,0.9889655172413786,0.018505747126436784,-0.18724137931034482,-0.17471264367816083,68.60000000000007,0,0,22.770114942528735,18.5
,,0,2025-11-15T01:10:00Z,2025-11-15T07:00:00Z,2025-11-15T03:13:27.982Z,corso_IoT,ESP_LEOPIZZI,Lecce,Stanza,-0.020444444444444456,0.01033333333333334,0.988555555555555,-0.020666666666666677,-0.14644444444444443,-0.16211111111111112,68.60000000000008,0,0,18.633333333333333,18.5
,,0,2025-11-15T01:10:00Z,2025-11-15T07:00:00Z,2025-11-15T03:14:26.315Z,corso_IoT,ESP_LEOPIZZI,Lecce,Stanza,-0.020117647058823542,0.010352941176470594,0.9890588235294115,-0.032470588235294105,-0.1557647058823529,-0.16635294117647056,68.60000000000007,0,0,18.152941176470588,18.5
,,0,2025-11-15T01:10:00Z,2025-11-15T07:00:00Z,2025-11-15T03:15:24.648Z,corso_IoT,ESP_LEOPIZZI,Lecce,Stanza,-0.020689655172413807,0.010114942528735639,0.9880459770114937,-0.006091954022988502,-0.15149425287356322,-0.15965517241379307,68.60000000000007,0,0,19.93103448275862,18.5
,,0,2025-11-15T01:10:00Z,2025-11-15T07:00:00Z,2025-11-15T03:16:22.981Z,corso_IoT,ESP_LEOPIZZI,Lecce,Stanza,-0.020689655172413807,0.010114942528735639,0.9888505747126429,-0.0274712643678161,-0.14896551724137935,-0.17252873563218393,68.60000000000007,0,0,19.82758620689655,18.5
,,0,2025-11-15T01:10:00Z,2025-11-15T07:00:00Z,2025-11-15T03:17:21.314Z,corso_IoT,ESP_LEOPIZZI,Lecce,Stanza,-0.020232558139534895,0.010348837209302332,0.9884883720930223,-0.02965116279069768,-0.14406976744186048,-0.19779069767441862,68.60000000000007,0,0,18.337209302325583,18.5
,,0,2025-11-15T01:10:00Z,2025-11-15T07:00:00Z,2025-11-15T03:18:19.647Z,corso_IoT,ESP_LEOPIZZI,Lecce,Stanza,-0.020229885057471277,0.010459770114942535,0.9881609195402292,-0.01471264367816091,-0.1658620689655173,-0.16114942528735637,68.60000000000007,0,0,20.482758620689655,18.5
,,0,2025-11-15T01:10:00Z,2025-11-15T07:00:00Z,2025-11-15T03:19:17.98Z,corso_IoT,ESP_LEOPIZZI,Lecce,Stanza,-0.020340909090909104,0.01011363636363637,0.9879545454545451,0.005568181818181819,-0.1763636363636364,-0.14329545454545453,68.60000000000008,0,0,22.886363636363637,18.495454545454546
,,0,2025-11-15T01:10:00Z,2025-11-15T07:00:00Z,2025-11-15T03:20:16.313Z,corso_IoT,ESP_LEOPIZZI,Lecce,Stanza,-0.02046511627906978,0.010465116279069774,0.9877906976744183,-0.0056976744186046455,-0.17779069767441869,-0.1444186046511628,68.60000000000007,0,0,16.523255813953487,18.5
,,0,2025-11-15T01:10:00Z,2025-11-15T07:00:00Z,2025-11-15T03:21:14.646Z,corso_IoT,ESP_LEOPIZZI,Lecce,Stanza,-0.020113636363636375,0.010340909090909097,0.9888636363636352,0.0018181818181818375,-0.14499999999999996,-0.15193181818181814,68.60000000000008,0,0,19.65909090909091,18.5
,,0,2025-11-15T01:10:00Z,2025-11-15T07:00:00Z,2025-11-15T03:22:12.979Z,corso_IoT,ESP_LEOPIZZI,Lecce,Stanza,-0.020229885057471277,0.010344827586206905,0.9887356321839077,-0.005632183908045968,-0.14321839080459772,-0.16678160919540228,68.60000000000007,0,0,19.54022988505747,18.5
,,0,2025-11-15T01:10:00Z,2025-11-15T07:00:00Z,2025-11-15T03:23:11.312Z,corso_IoT,ESP_LEOPIZZI,Lecce,Stanza,-0.020114942528735646,0.010344827586206903,0.9878160919540221,-0.013448275862068959,-0.20034482758620697,-0.17471264367816086,68.60000000000007,0,0,22.229885057471265,18.5
,,0,2025-11-15T01:10:00Z,2025-11-15T07:00:00Z,2025-11-15T03:24:09.645Z,corso_IoT,ESP_LEOPIZZI,Lecce,Stanza,-0.020117647058823542,0.010352941176470596,0.9877647058823522,-0.028352941176470584,-0.16341176470588237,-0.15835294117647053,68.60000000000007,0,0,21.55294117647059,18.5
,,0,2025-11-15T01:10:00Z,2025-11-15T07:00:00Z,2025-11-15T03:25:07.978Z,corso_IoT,ESP_LEOPIZZI,Lecce,Stanza,-0.02022727272727274,0.010795454545454553,0.9881818181818175,-0.016590909090909087,-0.16295454545454544,-0.16761363636363635,68.60000000000008,0,0,22.53409090909091,18.5
,,0,2025-11-15T01:10:00Z,2025-11-15T07:00:00Z,2025-11-15T03:26:06.311Z,corso_IoT,ESP_LEOPIZZI,Lecce,Stanza,-0.020348837209302337,0.010697674418604659,0.9874418604651156,-0.0034883720930232623,-0.14674418604651165,-0.16953488372093017,68.60000000000007,0,0,20.46511627906977,18.49651162790698
,,0,2025-11-15T01:10:00Z,2025-11-15T07:00:00Z,2025-11-15T03:27:04.644Z,corso_IoT,ESP_LEOPIZZI,Lecce,Stanza,-0.02022727272727274,0.01011363636363637,0.9865909090909082,-0.029545454545454545,-0.16863636363636367,-0.16818181818181818,68.60000000000008,0,0,19.806818181818183,18.49545454545455
,,0,2025-11-15T01:10:00Z,2025-11-15T07:00:00Z,2025-11-15T03:28:02.977Z,corso_IoT,ESP_LEOPIZZI,Lecce,Stanza,-0.020000000000000014,0.010465116279069774,0.987325581395348,-0.04976744186046512,-0.12790697674418605,-0.1683720930232558,68.60000000000007,0,0,16.302325581395348,18.496511627906976
,,0,2025-11-15T01:10:00Z,2025-11-15T07:00:00Z,2025-11-15T03:29:01.31Z,corso_IoT,ESP_LEOPIZZI,Lecce,Stanza,-0.020000000000000014,0.010581395348837218,0.9876744186046503,-0.04151162790697674,-0.12500000000000003,-0.16697674418604652,68.60000000000007,0,0,18.08139534883721,18.5
,,0,2025-11-15T01:10:00Z,2025-11-15T07:00:00Z,2025-11-15T03:29:59.643Z,corso_IoT,ESP_LEOPIZZI,Lecce,Stanza,-0.020000000000000014,0.010344827586206903,0.987931034482758,0.013908045977011483,-0.1433333333333333,-0.16091954022988503,68.60000000000007,0,0,19.45977011494253,18.5
,,0,2025-11-15T01:10:00Z,2025-11-15T07:00:00Z,2025-11-15T03:30:57.976Z,corso_IoT,ESP_LEOPIZZI,Lecce,Stanza,-0.01988636363636365,0.010681818181818188,0.9872727272727267,-0.033636363636363645,-0.13875000000000004,-0.16284090909090906,68.60000000000008,0,0,17.420454545454547,18.5
,,0,2025-11-15T01:10:00Z,2025-11-15T07:00:00Z,2025-11-15T03:31:56.309Z,corso_IoT,ESP_LEOPIZZI,Lecce,Stanza,-0.08260869565217392,-0.001304347826086953,0.9895652173913041,-0.2236956521739131,-0.23369565217391308,-0.18978260869565222,68.59999999999995,6.521739130434782,0,28.76086956521739,18.5
,,0,2025-11-15T01:10:00Z,2025-11-15T07:00:00Z,2025-11-15T03:32:54.642Z,corso_IoT,ESP_LEOPIZZI,Lecce,Stanza,-0.3163157894736844,-0.06000000000000004,1.002105263157895,-0.05131578947368422,-0.1857894736842105,-0.16026315789473689,68.59999999999995,0,0,66.89473684210526,18.5
,,0,2025-11-15T01:10:00Z,2025-11-15T07:00:00Z,2025-11-15T03:33:52.975Z,corso_IoT,ESP_LEOPIZZI,Lecce,Stanza,-0.31917808219178095,-0.05972602739726028,1.0005479452054793,-0.02986301369863014,-0.16205479452054794,-0.16643835616438352,68.60000000000001,0,0,75.71232876712328,18.5
,,0,2025-11-15T01:10:00Z,2025-11-15T07:00:00Z,2025-11-15T03:34:51.308Z,corso_IoT,ESP_LEOPIZZI,Lecce,Stanza,-0.31985074626865695,-0.05970149253731347,0.9998507462686569,-0.03164179104477611,-0.15000000000000005,-0.19089552238805974,68.59999999999998,0,0,86.08955223880596,18.41492537313433
,,0,2025-11-15T01:10:00Z,2025-11-15T07:00:00Z,2025-11-15T03:35:49.641Z,corso_IoT,ESP_LEOPIZZI,Lecce,Stanza,-0.3198529411764708,-0.059852941176470616,0.9997058823529412,-0.01514705882352941,-0.13985294117647062,-0.18132352941176474,68.60882352941177,0,0,88.70588235294117,18.404411764705884
,,0,2025-11-15T01:10:00Z,2025-11-15T07:00:00Z,2025-11-15T03:36:47.974Z,corso_IoT,ESP_LEOPIZZI,Lecce,Stanza,-0.3204347826086958,-0.0594202898550725,0.9989855072463767,-0.02739130434782608,-0.1744927536231884,-0.16797101449275365,68.66521739130425,0,0,82.10144927536231,18.400000000000006
,,0,2025-11-15T01:10:00Z,2025-11-15T07:00:00Z,2025-11-15T03:37:46.307Z,corso_IoT,ESP_LEOPIZZI,Lecce,Stanza,-0.32088235294117656,-0.05897058823529416,0.9995588235294117,-0.033823529411764704,-0.1488235294117647,-0.13867647058823526,68.69999999999992,0,0,87.61764705882354,18.400000000000006
,,0,2025-11-15T01:10:00Z,2025-11-15T07:00:00Z,2025-11-15T03:38:44.64Z,corso_IoT,ESP_LEOPIZZI,Lecce,Stanza,-0.32074626865671657,-0.05865671641791047,0.9985074626865672,-0.047313432835820915,-0.13507462686567165,-0.1564179104477612,68.71343283582085,0,0,81.01492537313433,18.400000000000002
,,0,2025-11-15T01:10:00Z,2025-11-15T07:00:00Z,2025-11-15T03:39:42.973Z,corso_IoT,ESP_LEOPIZZI,Lecce,Stanza,-0.32140625000000017,-0.058906250000000035,0.99859375,-0.026406250000000003,-0.13953125000000002,-0.12796874999999996,68.72812499999998,0,0,88.125,18.4
,,0,2025-11-15T01:10:00Z,2025-11-15T07:00:00Z,2025-11-15T03:40:41.306Z,corso_IoT,ESP_LEOPIZZI,Lecce,Stanza,-0.3216923076923077,-0.059538461538461575,0.9990769230769231,-0.02753846153846154,-0.21123076923076922,-0.15107692307692303,68.78615384615394,0,0,87.92307692307692,18.4
,,0,2025-11-15T01:10:00Z,2025-11-15T07:00:00Z,2025-11-15T03:41:39.639Z,corso_IoT,ESP_LEOPIZZI,Lecce,Stanza,-0.2830379746835446,0.01531645569620254,0.9626582278481017,0.06341772151898738,-0.20354430379746838,-0.20202531645569627,68.8000000000001,1.8987341772151898,0,45.81012658227848,18.400000000000016
,,0,2025-11-15T01:10:00Z,2025-11-15T07:00:00Z,2025-11-15T03:42:37.972Z,corso_IoT,ESP_LEOPIZZI,Lecce,Stanza,-0.2612790697674422,0.07453488372093027,0.9296511627906988,-0.02,-0.17348837209302323,-0.11674418604651161,68.75697674418603,0,0,20.232558139534884,18.451162790697666
,,0,2025-11-15T01:10:00Z,2025-11-15T07:00:00Z,2025-11-15T03:43:36.305Z,corso_IoT,ESP_LEOPIZZI,Lecce,Stanza,-0.2608988764044947,0.07730337078651692,0.9286516853932599,-0.061235955056179736,-0.18966292134831464,-0.14786516853932585,68.69999999999989,0,0,23.303370786516854,18.496629213483146
,,0,2025-11-15T01:10:00Z,2025-11-15T07:00:00Z,2025-11-15T03:44:34.638Z,corso_IoT,ESP_LEOPIZZI,Lecce,Stanza,-0.2608888888888893,0.07911111111111117,0.926666666666668,-0.00822222222222221,-0.18922222222222213,-0.11933333333333336,68.69999999999989,0,0,20.166666666666668,18.5
,,0,2025-11-15T01:10:00Z,2025-11-15T07:00:00Z,2025-11-15T03:45:32.971Z,corso_IoT,ESP_LEOPIZZI,Lecce,Stanza,-0.2601098901098905,0.07989010989010994,0.9265934065934076,-0.0995604395604396,-0.12999999999999995,-0.13582417582417589,68.68241758241757,0,0,22.483516483516482,18.5
,,0,2025-11-15T01:10:00Z,2025-11-15T07:00:00Z,2025-11-15T03:46:31.304Z,corso_IoT,ESP_LEOPIZZI,Lecce,Stanza,-0.25978260869565256,0.08021739130434788,0.9263043478260888,-0.05869565217391304,-0.16684782608695653,-0.11608695652173913,68.57608695652182,0,0,21.804347826086957,18.523913043478256
,,0,2025-11-15T01:10:00Z,2025-11-15T07:00:00Z,2025-11-15T03:47:29.637Z,corso_IoT,ESP_LEOPIZZI,Lecce,Stanza,-0.2598876404494386,0.08022471910112365,0.9257303370786528,-0.0698876404494382,-0.15044943820224724,-0.13258426966292136,68.60000000000008,0,0,19.741573033707866,18.5
,,0,2025-11-15T01:10:00Z,2025-11-15T07:00:00Z,2025-11-15T03:48:27.97Z,corso_IoT,ESP_LEOPIZZI,Lecce,Stanza,-0.25989010989011024,0.08043956043956048,0.9264835164835181,-0.03263736263736263,-0.13648351648351648,-0.14527472527472526,68.55824175824178,0,0,19.9010989010989,18.541758241758227
,,0,2025-11-15T01:10:00Z,2025-11-15T07:00:00Z,2025-11-15T03:49:26.303Z,corso_IoT,ESP_LEOPIZZI,Lecce,Stanza,-0.25967032967033,0.08032967032967038,0.9260439560439574,-0.031868131868131894,-0.13241758241758247,-0.1619780219780219,68.53296703296706,0,0,19.86813186813187,18.562637362637357
,,0,2025-11-15T01:10:00Z,2025-11-15T07:00:00Z,2025-11-15T03:50:24.636Z,corso_IoT,ESP_LEOPIZZI,Lecce,Stanza,-0.2597777777777781,0.0851111111111111,0.9228888888888902,0.017888888888888888,-0.15766666666666668,-0.10544444444444445,68.59666666666675,0.5555555555555556,0,20,18.503333333333334
,,0,2025-11-15T01:10:00Z,2025-11-15T07:00:00Z,2025-11-15T03:51:22.969Z,corso_IoT,ESP_LEOPIZZI,Lecce,Stanza,-0.24813186813186808,0.07923076923076931,0.930769230769232,0.29175824175824183,-0.40164835164835194,-0.07681318681318684,68.60000000000008,4.395604395604396,0,25.043956043956044,18.5
,,0,2025-11-15T01:10:00Z,2025-11-15T07:00:00Z,2025-11-15T03:52:21.302Z,corso_IoT,ESP_LEOPIZZI,Lecce,Stanza,-0.24978021978021978,0.07714285714285721,0.9306593406593421,-0.06626373626373627,-0.1413186813186813,-0.12296703296703303,68.60000000000008,0,0,20.065934065934066,18.5
,,0,2025-11-15T01:10:00Z,2025-11-15T07:00:00Z,2025-11-15T03:53:19.635Z,corso_IoT,ESP_LEOPIZZI,Lecce,Stanza,-0.2498913043478261,0.07913043478260876,0.930108695652175,-0.06456521739130434,-0.1490217391304348,-0.14119565217391306,68.6000000000001,0,0,19.043478260869566,18.5
,,0,2025-11-15T01:10:00Z,2025-11-15T07:00:00Z,2025-11-15T03:54:17.968Z,corso_IoT,ESP_LEOPIZZI,Lecce,Stanza,-0.24978021978021978,0.07912087912087917,0.9295604395604409,-0.08296703296703298,-0.15923076923076926,-0.12692307692307692,68.60000000000008,0,0,19.274725274725274,18.5
,,0,2025-11-15T01:10:00Z,2025-11-15T07:00:00Z,2025-11-15T03:55:16.301Z,corso_IoT,ESP_LEOPIZZI,Lecce,Stanza,-0.24999999999999997,0.07988764044943826,0.9293258426966304,-0.08730337078651684,-0.1487640449438202,-0.12471910112359548,68.60000000000008,0,0,19.303370786516854,18.5
,,0,2025-11-15T01:10:00Z,2025-11-15T07:00:00Z,2025-11-15T03:56:14.634Z,corso_IoT,ESP_LEOPIZZI,Lecce,Stanza,-0.25,0.08010989010989016,0.9285714285714299,-0.04692307692307692,-0.14549450549450546,-0.1493406593406593,68.60000000000008,0,0,20.52747252747253,18.5
,,0,2025-11-15T01:10:00Z,2025-11-15T07:00:00Z,2025-11-15T03:57:12.967Z,corso_IoT,ESP_LEOPIZZI,Lecce,Stanza,-0.25,0.08010989010989017,0.9280219780219795,-0.06043956043956042,-0.14131868131868133,-0.13120879120879125,68.60000000000008,0,0,22.78021978021978,18.5
,,0,2025-11-15T01:10:00Z,2025-11-15T07:00:00Z,2025-11-15T03:58:11.3Z,corso_IoT,ESP_LEOPIZZI,Lecce,Stanza,-0.2497777777777778,0.07977777777777784,0.9281111111111129,-0.06344444444444446,-0.11088888888888887,-0.15622222222222218,68.60000000000008,0,0,21.8,18.5
,,0,2025-11-15T01:10:00Z,2025-11-15T07:00:00Z,2025-11-15T03:59:09.633Z,corso_IoT,ESP_LEOPIZZI,Lecce,Stanza,-0.2498913043478262,0.07043478260869565,0.9359782608695655,0.001956521739130483,-0.02119565217391299,-0.10663043478260867,68.6000000000001,5.434782608695652,0,24.66304347826087,18.5
,,0,2025-11-15T01:10:00Z,2025-11-15T07:00:00Z,2025-11-15T04:00:07.966Z,corso_IoT,ESP_LEOPIZZI,Lecce,Stanza,-0.258539325842697,0.07573033707865173,0.9286516853932592,-0.10820224719101122,-0.2084269662921349,-0.11325842696629214,68.60000000000008,1.1235955056179776,0,23.359550561797754,18.5
,,0,2025-11-15T01:10:00Z,2025-11-15T07:00:00Z,2025-11-15T04:01:06.299Z,corso_IoT,ESP_LEOPIZZI,Lecce,Stanza,-0.1987640449438199,0.05033707865168532,0.9577528089887638,-0.031123595505617958,-0.0076404494382022415,-0.22617977528089891,68.60000000000008,0.5617977528089888,0,20.662921348314608,18.5
,,0,2025-11-15T01:10:00Z,2025-11-15T07:00:00Z,2025-11-15T04:02:04.632Z,corso_IoT,ESP_LEOPIZZI,Lecce,Stanza,-0.20086956521739108,0.05010869565217383,0.9578260869565212,-0.07000000000000002,-0.1506521739130435,-0.17619565217391298,68.6000000000001,0,0,23.467391304347824,18.495652173913044
,,0,2025-11-15T01:10:00Z,2025-11-15T07:00:00Z,2025-11-15T04:03:02.965Z,corso_IoT,ESP_LEOPIZZI,Lecce,Stanza,-0.2002197802197799,0.05032967032967024,0.9574725274725273,-0.054945054945054965,-0.1357142857142857,-0.15043956043956042,68.60000000000008,0,0,19.956043956043956,18.5
,,0,2025-11-15T01:10:00Z,2025-11-15T07:00:00Z,2025-11-15T04:04:01.298Z,corso_IoT,ESP_LEOPIZZI,Lecce,Stanza,-0.16989130434782598,0.024891304347826045,0.9745652173913035,0.1131521739130435,-0.721413043478261,-0.23271739130434788,68.60760869565226,9.23913043478261,0,21.054347826086957,18.48695652173914
,,0,2025-11-15T01:10:00Z,2025-11-15T07:00:00Z,2025-11-15T04:04:59.631Z,corso_IoT,ESP_LEOPIZZI,Lecce,Stanza,-0.10542553191489351,0.011170212765957454,0.9885106382978711,-0.027446808510638288,-0.1330851063829787,-0.19957446808510632,68.68404255319136,0,0,18.26595744680851,18.42872340425533
,,0,2025-11-15T01:10:00Z,2025-11-15T07:00:00Z,2025-11-15T04:05:57.964Z,corso_IoT,ESP_LEOPIZZI,Lecce,Stanza,-0.10819148936170213,0.012978723404255328,0.9861702127659573,-0.004787234042553189,-0.1362765957446808,-0.1947872340425531,68.69999999999989,0,0,19.23404255319149,18.47021276595745
,,0,2025-11-15T01:10:00Z,2025-11-15T07:00:00Z,2025-11-15T04:06:56.297Z,corso_IoT,ESP_LEOPIZZI,Lecce,Stanza,-0.11053191489361701,0.014361702127659585,0.9858510638297868,-0.031170212765957453,-0.24148936170212762,-0.17797872340425536,68.69999999999989,0.5319148936170213,0,18.574468085106382,18.487234042553197
,,0,2025-11-15T01:10:00Z,2025-11-15T07:00:00Z,2025-11-15T04:07:54.63Z,corso_IoT,ESP_LEOPIZZI,Lecce,Stanza,-0.11064516129032255,0.016344086021505385,0.9859139784946235,-0.04032258064516128,-0.13924731182795697,-0.18623655913978496,68.69999999999989,0,0,20.967741935483872,18.463440860215066
,,0,2025-11-15T01:10:00Z,2025-11-15T07:00:00Z,2025-11-15T04:08:52.963Z,corso_IoT,ESP_LEOPIZZI,Lecce,Stanza,-0.11148936170212763,0.01595744680851065,0.98531914893617,-0.045106382978723415,-0.14478723404255317,-0.20531914893617023,68.69999999999989,0,0,18.404255319148938,18.49468085106383
,,0,2025-11-15T01:10:00Z,2025-11-15T07:00:00Z,2025-11-15T04:09:51.296Z,corso_IoT,ESP_LEOPIZZI,Lecce,Stanza,-0.11096774193548385,0.016344086021505385,0.9853763440860207,0.0037634408602150553,-0.16516129032258065,-0.19268817204301078,68.69999999999989,0,0,19.13978494623656,18.5
,,0,2025-11-15T01:10:00Z,2025-11-15T07:00:00Z,2025-11-15T04:10:49.629Z,corso_IoT,ESP_LEOPIZZI,Lecce,Stanza,-0.11152173913043474,0.01913043478260871,0.9840217391304344,-0.029021739130434782,-0.16228260869565223,-0.1877173913043478,68.69999999999989,0,0,18.82608695652174,18.495652173913047
,,0,2025-11-15T01:10:00Z,2025-11-15T07:00:00Z,2025-11-15T04:11:47.962Z,corso_IoT,ESP_LEOPIZZI,Lecce,Stanza,-0.11094736842105259,0.019263157894736854,0.9831578947368415,-0.04757894736842107,-0.11221052631578951,-0.1970526315789473,68.6926315789473,0,0,16.873684210526317,18.49578947368421
,,0,2025-11-15T01:10:00Z,2025-11-15T07:00:00Z,2025-11-15T04:12:46.295Z,corso_IoT,ESP_LEOPIZZI,Lecce,Stanza,-0.18630434782608712,0.004782608695652178,0.9845652173913039,-0.1416304347826087,0.16673913043478258,-0.22369565217391293,68.68152173913035,4.891304347826087,0,18.706521739130434,18.48260869565218
,,0,2025-11-15T01:10:00Z,2025-11-15T07:00:00Z,2025-11-15T04:13:44.628Z,corso_IoT,ESP_LEOPIZZI,Lecce,Stanza,-0.2219565217391305,0.002500000000000001,0.9836956521739125,-0.048369565217391275,-0.15021739130434783,-0.1658695652173913,68.69999999999989,0,0,17.02173913043478,18.42500000000003
,,0,2025-11-15T01:10:00Z,2025-11-15T07:00:00Z,2025-11-15T04:14:42.961Z,corso_IoT,ESP_LEOPIZZI,Lecce,Stanza,-0.22488636363636383,0.0034090909090909102,0.9826136363636362,-0.051136363636363646,-0.12556818181818177,-0.14943181818181817,68.69999999999989,0,0,16.613636363636363,18.41477272727274
,,0,2025-11-15T01:10:00Z,2025-11-15T07:00:00Z,2025-11-15T04:15:41.294Z,corso_IoT,ESP_LEOPIZZI,Lecce,Stanza,-0.22393258426966312,0.0034831460674157317,0.9823595505617981,-0.052134831460674165,-0.11539325842696631,-0.13561797752808988,68.69999999999989,0,0,17.60674157303371,18.408988764044967
,,0,2025-11-15T01:10:00Z,2025-11-15T07:00:00Z,2025-11-15T04:16:39.627Z,corso_IoT,ESP_LEOPIZZI,Lecce,Stanza,-0.22634408602150557,0.0026881720430107533,0.9825806451612904,-0.039892473118279564,-0.09311827956989245,-0.16516129032258062,68.69999999999989,0,0,19.365591397849464,18.446236559139795
,,0,2025-11-15T01:10:00Z,2025-11-15T07:00:00Z,2025-11-15T04:17:37.96Z,corso_IoT,ESP_LEOPIZZI,Lecce,Stanza,-0.22595744680851076,0.004361702127659577,0.9827659574468086,-0.037659574468085114,-0.1324468085106383,-0.1477659574468085,68.69999999999989,0,0,18.29787234042553,18.42659574468088
,,0,2025-11-15T01:10:00Z,2025-11-15T07:00:00Z,2025-11-15T04:18:36.293Z,corso_IoT,ESP_LEOPIZZI,Lecce,Stanza,-0.22677777777777797,0.004111111111111113,0.9819999999999997,-0.045444444444444475,-0.12655555555555553,-0.13522222222222227,68.69999999999989,0,0,16.966666666666665,18.403333333333357
,,0,2025-11-15T01:10:00Z,2025-11-15T07:00:00Z,2025-11-15T04:19:34.626Z,corso_IoT,ESP_LEOPIZZI,Lecce,Stanza,-0.22617021276595764,0.0035106382978723418,0.9821276595744676,-0.034787234042553176,-0.17074468085106387,-0.13446808510638292,68.69999999999989,0,0,20.5,18.400000000000027
,,0,2025-11-15T01:10:00Z,2025-11-15T07:00:00Z,2025-11-15T04:20:32.959Z,corso_IoT,ESP_LEOPIZZI,Lecce,Stanza,-0.22652173913043497,0.003804347826086958,0.981413043478261,-0.06499999999999999,-0.12173913043478264,-0.17304347826086963,68.69999999999989,0,0,19.141304347826086,18.400000000000027
,,0,2025-11-15T01:10:00Z,2025-11-15T07:00:00Z,2025-11-15T04:21:31.292Z,corso_IoT,ESP_LEOPIZZI,Lecce,Stanza,-0.22844444444444476,0.005888888888888891,0.9813333333333333,-0.060999999999999985,-0.17222222222222222,-0.16299999999999995,68.69999999999989,0,0,18.122222222222224,18.44
,,0,2025-11-15T01:10:00Z,2025-11-15T07:00:00Z,2025-11-15T04:22:29.625Z,corso_IoT,ESP_LEOPIZZI,Lecce,Stanza,-0.22787234042553212,0.007021276595744684,0.9811702127659573,-0.06138297872340423,-0.11510638297872337,-0.13510638297872338,68.69999999999989,0,0,18.372340425531913,18.47553191489362
,,0,2025-11-15T01:10:00Z,2025-11-15T07:00:00Z,2025-11-15T04:23:27.958Z,corso_IoT,ESP_LEOPIZZI,Lecce,Stanza,-0.22861702127659603,0.005425531914893619,0.9810638297872338,-0.06851063829787234,-0.10244680851063834,-0.12936170212765957,68.69999999999989,0,0,19.20212765957447,18.417021276595776
,,0,2025-11-15T01:10:00Z,2025-11-15T07:00:00Z,2025-11-15T04:24:26.291Z,corso_IoT,ESP_LEOPIZZI,Lecce,Stanza,-0.22898876404494412,0.006067415730337081,0.9817977528089884,-0.0784269662921348,-0.12325842696629218,-0.15696629213483146,68.69550561797742,0,0,17.730337078651687,18.4044943820225
,,0,2025-11-15T01:10:00Z,2025-11-15T07:00:00Z,2025-11-15T04:25:24.624Z,corso_IoT,ESP_LEOPIZZI,Lecce,Stanza,-0.2282978723404258,0.005638297872340428,0.9814893617021275,-0.04361702127659575,-0.1513829787234043,-0.13617021276595742,68.69999999999989,0,0,16.24468085106383,18.404255319148966
,,0,2025-11-15T01:10:00Z,2025-11-15T07:00:00Z,2025-11-15T04:26:22.957Z,corso_IoT,ESP_LEOPIZZI,Lecce,Stanza,-0.22869565217391336,0.006521739130434786,0.9816304347826086,-0.05413043478260869,-0.14184782608695648,-0.13206521739130433,68.69999999999989,0,0,17.51086956521739,18.400000000000027
,,0,2025-11-15T01:10:00Z,2025-11-15T07:00:00Z,2025-11-15T04:27:21.29Z,corso_IoT,ESP_LEOPIZZI,Lecce,Stanza,-0.2287096774193551,0.007311827956989252,0.9813978494623659,-0.04881720430107528,-0.13989247311827957,-0.16623655913978494,68.69247311827947,0,0,18.688172043010752,18.400000000000027
,,0,2025-11-15T01:10:00Z,2025-11-15T07:00:00Z,2025-11-15T04:28:19.623Z,corso_IoT,ESP_LEOPIZZI,Lecce,Stanza,-0.22882978723404285,0.005638297872340428,0.980531914893617,-0.0548936170212766,-0.16212765957446812,-0.16925531914893618,68.69999999999989,0,0,19.329787234042552,18.400000000000027
,,0,2025-11-15T01:10:00Z,2025-11-15T07:00:00Z,2025-11-15T04:29:17.956Z,corso_IoT,ESP_LEOPIZZI,Lecce,Stanza,-0.22860215053763472,0.0067741935483871,0.9808602150537633,-0.04548387096774195,-0.15537634408602152,-0.15440860215053762,68.69999999999989,0,0,20.021505376344088,18.400000000000027
,,0,2025-11-15T01:10:00Z,2025-11-15T07:00:00Z,2025-11-15T04:30:16.289Z,corso_IoT,ESP_LEOPIZZI,Lecce,Stanza,-0.22881720430107555,0.007204301075268821,0.9811827956989247,-0.059677419354838716,-0.13172043010752688,-0.153010752688172,68.67741935483872,0,0,18.032258064516128,18.48279569892474
,,0,2025-11-15T01:10:00Z,2025-11-15T07:00:00Z,2025-11-15T04:31:14.622Z,corso_IoT,ESP_LEOPIZZI,Lecce,Stanza,-0.22935483870967774,0.00688172043010753,0.9811827956989247,-0.02978494623655914,-0.13139784946236563,-0.15129032258064518,68.6537634408601,0,0,20.333333333333332,18.45268817204302
,,0,2025-11-15T01:10:00Z,2025-11-15T07:00:00Z,2025-11-15T04:32:12.955Z,corso_IoT,ESP_LEOPIZZI,Lecce,Stanza,-0.2292473118279573,0.008924731182795704,0.979784946236559,-0.07204301075268818,-0.16096774193548383,-0.1403225806451613,68.61612903225816,0,0,22.956989247311828,18.440860215053796
,,0,2025-11-15T01:10:00Z,2025-11-15T07:00:00Z,2025-11-15T04:33:11.288Z,corso_IoT,ESP_LEOPIZZI,Lecce,Stanza,-0.22923913043478292,0.008369565217391309,0.979891304347826,-0.06206521739130433,-0.15282608695652175,-0.16402173913043477,68.6000000000001,0,0,19.097826086956523,18.400000000000027
,,0,2025-11-15T01:10:00Z,2025-11-15T07:00:00Z,2025-11-15T04:34:09.621Z,corso_IoT,ESP_LEOPIZZI,Lecce,Stanza,-0.22945652173913073,0.008804347826086962,0.9802173913043477,-0.053152173913043485,-0.15695652173913052,-0.13869565217391308,68.645652173913,0,0,19.73913043478261,18.400000000000027
,,0,2025-11-15T01:10:00Z,2025-11-15T07:00:00Z,2025-11-15T04:35:07.954Z,corso_IoT,ESP_LEOPIZZI,Lecce,Stanza,-0.2292134831460677,0.0074157303370786555,0.9798876404494384,-0.057640449438202276,-0.14325842696629212,-0.1431460674157303,68.68764044943809,0,0,18.337078651685392,18.400000000000023
,,0,2025-11-15T01:10:00Z,2025-11-15T07:00:00Z,2025-11-15T04:36:06.287Z,corso_IoT,ESP_LEOPIZZI,Lecce,Stanza,-0.2292134831460677,0.008539325842696635,0.9798876404494378,-0.08348314606741576,-0.130561797752809,-0.14640449438202244,68.69999999999989,0,0,18.269662921348313,18.400000000000023
,,0,2025-11-15T01:10:00Z,2025-11-15T07:00:00Z,2025-11-15T04:37:04.62Z,corso_IoT,ESP_LEOPIZZI,Lecce,Stanza,-0.22914893617021306,0.008191489361702133,0.9801063829787237,-0.06436170212765958,-0.17904255319148937,-0.14436170212765956,68.69999999999989,0,0,17.095744680851062,18.400000000000027
,,0,2025-11-15T01:10:00Z,2025-11-15T07:00:00Z,2025-11-15T04:38:02.953Z,corso_IoT,ESP_LEOPIZZI,Lecce,Stanza,-0.22880434782608727,0.008152173913043483,0.9805434782608695,-0.04217391304347826,-0.15804347826086965,-0.15467391304347827,68.69999999999989,0,0,17.380434782608695,18.400000000000027
,,0,2025-11-15T01:10:00Z,2025-11-15T07:00:00Z,2025-11-15T04:39:01.286Z,corso_IoT,ESP_LEOPIZZI,Lecce,Stanza,-0.22967032967032994,0.008571428571428577,0.9796703296703297,-0.043296703296703286,-0.1402197802197802,-0.16769230769230764,68.69999999999989,0,0,17.98901098901099,18.400000000000027
,,0,2025-11-15T01:10:00Z,2025-11-15T07:00:00Z,2025-11-15T04:39:59.619Z,corso_IoT,ESP_LEOPIZZI,Lecce,Stanza,-0.22967741935483904,0.008172043010752693,0.9793548387096775,-0.05494623655913978,-0.15086021505376346,-0.15666666666666665,68.69999999999989,0,0,17.107526881720432,18.400000000000027
,,0,2025-11-15T01:10:00Z,2025-11-15T07:00:00Z,2025-11-15T04:40:57.952Z,corso_IoT,ESP_LEOPIZZI,Lecce,Stanza,-0.22935483870967774,0.007526881720430111,0.9802150537634406,-0.06838709677419354,-0.12741935483870967,-0.18774193548387097,68.69999999999989,0,0,17.408602150537636,18.400000000000027
,,0,2025-11-15T01:10:00Z,2025-11-15T07:00:00Z,2025-11-15T04:41:56.285Z,corso_IoT,ESP_LEOPIZZI,Lecce,Stanza,-0.22957894736842138,0.008947368421052638,0.9795789473684211,-0.057473684210526316,-0.1453684210526315,-0.17852631578947362,68.6957894736841,0,0,18.926315789473684,18.400000000000027
,,0,2025-11-15T01:10:00Z,2025-11-15T07:00:00Z,2025-11-15T04:42:54.618Z,corso_IoT,ESP_LEOPIZZI,Lecce,Stanza,-0.229677419354839,0.008172043010752693,0.9795698924731185,-0.070752688172043,-0.14666666666666658,-0.19161290322580643,68.69999999999989,0,0,18.526881720430108,18.400000000000027
,,0,2025-11-15T01:10:00Z,2025-11-15T07:00:00Z,2025-11-15T04:43:52.951Z,corso_IoT,ESP_LEOPIZZI,Lecce,Stanza,-0.229666666666667,0.008777777777777784,0.9796666666666666,-0.06655555555555556,-0.13788888888888892,-0.1787777777777778,68.69999999999989,0,0,19.07777777777778,18.400000000000027
,,0,2025-11-15T01:10:00Z,2025-11-15T07:00:00Z,2025-11-15T04:44:51.284Z,corso_IoT,ESP_LEOPIZZI,Lecce,Stanza,-0.22967741935483904,0.009354838709677425,0.9802150537634409,-0.05193548387096773,-0.15387096774193557,-0.19537634408602148,68.68279569892466,0,0,17.795698924731184,18.400000000000027
,,0,2025-11-15T01:10:00Z,2025-11-15T07:00:00Z,2025-11-15T04:45:49.617Z,corso_IoT,ESP_LEOPIZZI,Lecce,Stanza,-0.2292473118279573,0.008494623655913984,0.98010752688172,-0.04301075268817205,-0.14612903225806453,-0.1378494623655913,68.67849462365581,0,0,16.881720430107528,18.400000000000027
,,0,2025-11-15T01:10:00Z,2025-11-15T07:00:00Z,2025-11-15T04:46:47.95Z,corso_IoT,ESP_LEOPIZZI,Lecce,Stanza,-0.17431818181818207,-0.008749999999999997,0.9896590909090897,-0.04386363636363635,-0.2789772727272726,-0.15011363636363642,68.61818181818191,8.522727272727273,0,18.852272727272727,18.400000000000023
,,0,2025-11-15T01:10:00Z,2025-11-15T07:00:00Z,2025-11-15T04:47:46.283Z,corso_IoT,ESP_LEOPIZZI,Lecce,Stanza,-0.06734042553191494,-0.0012765957446808508,0.9955319148936163,-0.025638297872340433,-0.16085106382978726,-0.21255319148936172,68.6000000000001,0,0,17.23404255319149,18.400000000000027
,,0,2025-11-15T01:10:00Z,2025-11-15T07:00:00Z,2025-11-15T04:48:44.616Z,corso_IoT,ESP_LEOPIZZI,Lecce,Stanza,-0.06723404255319151,0.00021276595744680848,0.9937234042553184,-0.021382978723404254,-0.14521276595744678,-0.2231914893617021,68.6000000000001,0,0,16.5531914893617,18.400000000000027
,,0,2025-11-15T01:10:00Z,2025-11-15T07:00:00Z,2025-11-15T04:49:42.949Z,corso_IoT,ESP_LEOPIZZI,Lecce,Stanza,-0.0681318681318681,0.0012087912087912086,0.992747252747252,0.0021978021978022017,-0.1535164835164835,-0.24010989010989003,68.60000000000008,0,0,18.24175824175824,18.400000000000027
,,0,2025-11-15T01:10:00Z,2025-11-15T07:00:00Z,2025-11-15T04:50:41.282Z,corso_IoT,ESP_LEOPIZZI,Lecce,Stanza,-0.0681318681318682,0.004725274725274727,0.9925274725274719,-0.01912087912087912,-0.1428571428571428,-0.20483516483516484,68.60439560439566,0,0,20.285714285714285,18.400000000000027
,,0,2025-11-15T01:10:00Z,2025-11-15T07:00:00Z,2025-11-15T04:51:39.615Z,corso_IoT,ESP_LEOPIZZI,Lecce,Stanza,-0.06912087912087919,0.005604395604395607,0.99076923076923,-0.02252747252747252,-0.18703296703296707,-0.22637362637362632,68.68571428571417,0,0,17.9010989010989,18.400000000000027
,,0,2025-11-15T01:10:00Z,2025-11-15T07:00:00Z,2025-11-15T04:52:37.948Z,corso_IoT,ESP_LEOPIZZI,Lecce,Stanza,-0.06835164835164838,0.006483516483516487,0.9908791208791198,-0.03340659340659343,-0.16109890109890118,-0.2146153846153845,68.69999999999989,0,0,20.791208791208792,18.400000000000027
,,0,2025-11-15T01:10:00Z,2025-11-15T07:00:00Z,2025-11-15T04:53:36.281Z,corso_IoT,ESP_LEOPIZZI,Lecce,Stanza,-0.06811111111111114,0.006444444444444448,0.9902222222222214,-0.009555555555555558,-0.21300000000000005,-0.23977777777777787,68.69999999999989,0,0,17.855555555555554,18.400000000000027
,,0,2025-11-15T01:10:00Z,2025-11-15T07:00:00Z,2025-11-15T04:54:34.614Z,corso_IoT,ESP_LEOPIZZI,Lecce,Stanza,-0.0673626373626374,0.006593406593406597,0.9902197802197793,-0.02296703296703296,-0.16285714285714287,-0.1984615384615384,68.71648351648342,0,0,19.9010989010989,18.400000000000027
,,0,2025-11-15T01:10:00Z,2025-11-15T07:00:00Z,2025-11-15T04:55:32.947Z,corso_IoT,ESP_LEOPIZZI,Lecce,Stanza,-0.06731182795698927,0.007311827956989252,0.9908602150537621,-0.024623655913978495,-0.1876344086021506,-0.2149462365591396,68.69999999999989,0,0,19.623655913978496,18.400000000000027
,,0,2025-11-15T01:10:00Z,2025-11-15T07:00:00Z,2025-11-15T04:56:31.28Z,corso_IoT,ESP_LEOPIZZI,Lecce,Stanza,-0.06706521739130436,0.007065217391304351,0.9899999999999991,-0.0714130434782609,-0.2105434782608696,-0.22206521739130447,68.69999999999989,0,0,18.5,18.400000000000027
,,0,2025-11-15T01:10:00Z,2025-11-15T07:00:00Z,2025-11-15T04:57:29.613Z,corso_IoT,ESP_LEOPIZZI,Lecce,Stanza,-0.06728260869565218,0.007173913043478265,0.9906521739130426,-0.04239130434782609,-0.20271739130434785,-0.21902173913043468,68.69565217391293,0,0,16.934782608695652,18.400000000000027
,,0,2025-11-15T01:10:00Z,2025-11-15T07:00:00Z,2025-11-15T04:58:27.946Z,corso_IoT,ESP_LEOPIZZI,Lecce,Stanza,-0.06602150537634408,0.007204301075268821,0.9904301075268808,-0.01870967741935484,-0.17677419354838708,-0.23698924731182794,68.69999999999989,0,0,16.688172043010752,18.400000000000027
,,0,2025-11-15T01:10:00Z,2025-11-15T07:00:00Z,2025-11-15T04:59:26.279Z,corso_IoT,ESP_LEOPIZZI,Lecce,Stanza,-0.04359550561797751,0.010561797752808995,0.9867415730337076,-0.0021348314606741575,-0.42449438202247186,-0.2192134831460674,68.69999999999989,6.179775280898877,0,19.50561797752809,18.400000000000023
,,0,2025-11-15T01:10:00Z,2025-11-15T07:00:00Z,2025-11-15T05:00:24.612Z,corso_IoT,ESP_LEOPIZZI,Lecce,Stanza,-0.045113636363636314,0.014772727272727283,0.9843181818181809,-0.005340909090909087,-0.17431818181818184,-0.26295454545454544,68.69999999999989,0,0,20.238636363636363,18.400000000000023
,,0,2025-11-15T01:10:00Z,2025-11-15T07:00:00Z,2025-11-15T05:01:22.945Z,corso_IoT,ESP_LEOPIZZI,Lecce,Stanza,-0.055978260869565186,0.01782608695652175,0.9826086956521741,-0.01358695652173913,-0.14065217391304352,-0.2528260869565217,68.6967391304347,1.0869565217391304,0,18.67391304347826,18.400000000000027
,,0,2025-11-15T01:10:00Z,2025-11-15T07:00:00Z,2025-11-15T05:02:21.278Z,corso_IoT,ESP_LEOPIZZI,Lecce,Stanza,-0.0881318681318682,0.031428571428571424,0.9751648351648339,-0.15703296703296704,-0.2569230769230768,-0.20527472527472526,68.64725274725275,2.7472527472527473,0,18.692307692307693,18.400000000000027
,,0,2025-11-15T01:10:00Z,2025-11-15T07:00:00Z,2025-11-15T05:03:19.611Z,corso_IoT,ESP_LEOPIZZI,Lecce,Stanza,-0.11193181818181816,0.05624999999999995,0.9579545454545451,-0.02568181818181818,-0.1918181818181819,-0.2303409090909091,68.64431818181825,0,0,16.806818181818183,18.400000000000023
,,0,2025-11-15T01:10:00Z,2025-11-15T07:00:00Z,2025-11-15T05:04:17.944Z,corso_IoT,ESP_LEOPIZZI,Lecce,Stanza,-0.15287356321839082,0.05942528735632178,0.9543678160919553,-0.13643678160919537,-0.2796551724137932,-0.14494252873563218,68.61149425287363,2.2988505747126435,0,19.885057471264368,18.400000000000023
,,0,2025-11-15T01:10:00Z,2025-11-15T07:00:00Z,2025-11-15T05:05:16.277Z,corso_IoT,ESP_LEOPIZZI,Lecce,Stanza,-0.1725287356321838,0.06425287356321847,0.9495402298850578,-0.044252873563218394,-0.46517241379310353,-0.11632183908045972,68.62643678160924,2.2988505747126435,0,17.597701149425287,18.400000000000023
,,0,2025-11-15T01:10:00Z,2025-11-15T07:00:00Z,2025-11-15T05:06:14.61Z,corso_IoT,ESP_LEOPIZZI,Lecce,Stanza,0.09161290322580652,0.027634408602150516,0.9494623655913975,0.005161290322580686,-0.7296774193548384,-0.15709677419354842,68.67096774193536,13.440860215053764,0,18.182795698924732,18.400000000000027
,,0,2025-11-15T01:10:00Z,2025-11-15T07:00:00Z,2025-11-15T05:07:12.943Z,corso_IoT,ESP_LEOPIZZI,Lecce,Stanza,0.15074468085106404,0.035425531914893615,0.9346808510638306,-0.008617021276595742,-0.21680851063829792,-0.2110638297872341,68.65744680851068,0,0,17.372340425531913,18.400000000000027
,,0,2025-11-15T01:10:00Z,2025-11-15T07:00:00Z,2025-11-15T05:08:11.276Z,corso_IoT,ESP_LEOPIZZI,Lecce,Stanza,0.15221052631578968,0.038105263157894746,0.9326315789473693,-0.02526315789473684,-0.1605263157894737,-0.19231578947368427,68.62526315789482,0,0,16.442105263157895,18.400000000000027
,,0,2025-11-15T01:10:00Z,2025-11-15T07:00:00Z,2025-11-15T05:09:09.609Z,corso_IoT,ESP_LEOPIZZI,Lecce,Stanza,0.15489361702127677,0.039148936170212784,0.931808510638299,-0.007234042553191485,-0.19627659574468087,-0.2003191489361702,68.61276595744691,0,0,19.659574468085108,18.400000000000027
,,0,2025-11-15T01:10:00Z,2025-11-15T07:00:00Z,2025-11-15T05:10:07.942Z,corso_IoT,ESP_LEOPIZZI,Lecce,Stanza,0.15526315789473702,0.039157894736842114,0.9310526315789486,-0.028842105263157863,-0.16578947368421051,-0.1831578947368421,68.6000000000001,0,0,17.442105263157895,18.400000000000027
,,0,2025-11-15T01:10:00Z,2025-11-15T07:00:00Z,2025-11-15T05:11:06.275Z,corso_IoT,ESP_LEOPIZZI,Lecce,Stanza,0.15673684210526329,0.03905263157894739,0.9307368421052649,-0.03189473684210526,-0.14705263157894735,-0.17789473684210524,68.6000000000001,0,0,18.778947368421054,18.400000000000027
,,0,2025-11-15T01:10:00Z,2025-11-15T07:00:00Z,2025-11-15T05:12:04.608Z,corso_IoT,ESP_LEOPIZZI,Lecce,Stanza,0.15861702127659585,0.039468085106383,0.9303191489361716,-0.04159574468085107,-0.14361702127659579,-0.18829787234042553,68.6000000000001,0,0,17.851063829787233,18.400000000000027
,,0,2025-11-15T01:10:00Z,2025-11-15T07:00:00Z,2025-11-15T05:13:02.941Z,corso_IoT,ESP_LEOPIZZI,Lecce,Stanza,0.1590526315789475,0.040315789473684235,0.9291578947368435,-0.02210526315789474,-0.19989473684210532,-0.18210526315789466,68.6000000000001,0,0,17.021052631578947,18.400000000000027
,,0,2025-11-15T01:10:00Z,2025-11-15T07:00:00Z,2025-11-15T05:14:01.274Z,corso_IoT,ESP_LEOPIZZI,Lecce,Stanza,0.15915789473684222,0.04000000000000002,0.9297894736842118,-0.03389473684210526,-0.15421052631578952,-0.22273684210526315,68.6000000000001,0,0,17.621052631578948,18.400000000000027
,,0,2025-11-15T01:10:00Z,2025-11-15T07:00:00Z,2025-11-15T05:14:59.607Z,corso_IoT,ESP_LEOPIZZI,Lecce,Stanza,0.1596808510638299,0.040425531914893634,0.929042553191491,-0.006489361702127656,-0.15159574468085113,-0.1812765957446808,68.6000000000001,0,0,17.53191489361702,18.400000000000027
,,0,2025-11-15T01:10:00Z,2025-11-15T07:00:00Z,2025-11-15T05:15:57.94Z,corso_IoT,ESP_LEOPIZZI,Lecce,Stanza,0.15978947368421065,0.03989473684210529,0.9290526315789488,-0.04957894736842105,-0.18042105263157893,-0.21231578947368415,68.6000000000001,0,0,18.410526315789475,18.400000000000027
,,0,2025-11-15T01:10:00Z,2025-11-15T07:00:00Z,2025-11-15T05:16:56.273Z,corso_IoT,ESP_LEOPIZZI,Lecce,Stanza,0.1602127659574469,0.041702127659574484,0.9274468085106398,-0.03297872340425531,-0.22872340425531917,-0.18031914893617015,68.6000000000001,0,0,16.861702127659573,18.400000000000027
,,0,2025-11-15T01:10:00Z,2025-11-15T07:00:00Z,2025-11-15T05:17:54.606Z,corso_IoT,ESP_LEOPIZZI,Lecce,Stanza,0.15978947368421065,0.041263157894736856,0.9270526315789488,-0.023684210526315794,-0.1985263157894737,-0.19568421052631582,68.6000000000001,0,0,16.294736842105262,18.400000000000027
,,0,2025-11-15T01:10:00Z,2025-11-15T07:00:00Z,2025-11-15T05:18:52.939Z,corso_IoT,ESP_LEOPIZZI,Lecce,Stanza,-0.04648936170212759,0.07797872340425539,0.9161702127659586,0.28563829787234046,0.6846808510638299,-0.22308510638297863,68.6000000000001,5.319148936170213,0,18.80851063829787,18.400000000000027
,,0,2025-11-15T01:10:00Z,2025-11-15T07:00:00Z,2025-11-15T05:19:51.272Z,corso_IoT,ESP_LEOPIZZI,Lecce,Stanza,-0.2706382978723402,0.1113829787234042,0.8980851063829794,-0.03468085106382979,-0.1747872340425532,-0.1568085106382978,68.59574468085114,0,0,16.95744680851064,18.400000000000027
,,0,2025-11-15T01:10:00Z,2025-11-15T07:00:00Z,2025-11-15T05:20:49.605Z,corso_IoT,ESP_LEOPIZZI,Lecce,Stanza,-0.273578947368421,0.11157894736842101,0.8962105263157902,-0.05389473684210528,-0.1531578947368421,-0.18578947368421056,68.54315789473684,0,0,18.68421052631579,18.400000000000027
,,0,2025-11-15T01:10:00Z,2025-11-15T07:00:00Z,2025-11-15T05:21:47.938Z,corso_IoT,ESP_LEOPIZZI,Lecce,Stanza,-0.2759574468085108,0.11255319148936163,0.8948936170212771,-0.04159574468085107,-0.18372340425531913,-0.16180851063829782,68.52127659574475,0,0,19.45744680851064,18.400000000000027
,,0,2025-11-15T01:10:00Z,2025-11-15T07:00:00Z,2025-11-15T05:22:46.271Z,corso_IoT,ESP_LEOPIZZI,Lecce,Stanza,-0.2775531914893618,0.11191489361702124,0.8958510638297877,-0.057553191489361694,-0.16244680851063834,-0.19478723404255321,68.6000000000001,0,0,17.72340425531915,18.400000000000027
,,0,2025-11-15T01:10:00Z,2025-11-15T07:00:00Z,2025-11-15T05:23:44.604Z,corso_IoT,ESP_LEOPIZZI,Lecce,Stanza,-0.2781914893617024,0.11276595744680844,0.8950000000000006,-0.05734042553191491,-0.18606382978723401,-0.18234042553191487,68.6000000000001,0,0,18.074468085106382,18.400000000000027
,,0,2025-11-15T01:10:00Z,2025-11-15T07:00:00Z,2025-11-15T05:24:42.937Z,corso_IoT,ESP_LEOPIZZI,Lecce,Stanza,-0.2790425531914897,0.11265957446808507,0.8932978723404261,-0.03936170212765958,-0.15882978723404256,-0.17521276595744675,68.6000000000001,0,0,19.617021276595743,18.400000000000027
,,0,2025-11-15T01:10:00Z,2025-11-15T07:00:00Z,2025-11-15T05:25:41.27Z,corso_IoT,ESP_LEOPIZZI,Lecce,Stanza,-0.2800000000000003,0.11105263157894732,0.8950526315789479,-0.03178947368421052,-0.19105263157894742,-0.16252631578947369,68.6000000000001,0,0,18.42105263157895,18.400000000000027
,,0,2025-11-15T01:10:00Z,2025-11-15T07:00:00Z,2025-11-15T05:26:39.603Z,corso_IoT,ESP_LEOPIZZI,Lecce,Stanza,-0.27978723404255346,0.1111702127659574,0.8952127659574475,-0.030319148936170215,-0.17031914893617026,-0.15404255319148935,68.6000000000001,0,0,18.095744680851062,18.400000000000027
,,0,2025-11-15T01:10:00Z,2025-11-15T07:00:00Z,2025-11-15T05:27:37.936Z,corso_IoT,ESP_LEOPIZZI,Lecce,Stanza,-0.2798947368421056,0.11147368421052628,0.8943157894736848,-0.040631578947368435,-0.17484210526315788,-0.1457894736842105,68.6000000000001,0,0,17.46315789473684,18.400000000000027
,,0,2025-11-15T01:10:00Z,2025-11-15T07:00:00Z,2025-11-15T05:28:36.269Z,corso_IoT,ESP_LEOPIZZI,Lecce,Stanza,-0.2798936170212769,0.11159574468085103,0.8930851063829792,-0.04053191489361703,-0.18234042553191487,-0.15925531914893612,68.6000000000001,0,0,16.638297872340427,18.400000000000027
,,0,2025-11-15T01:10:00Z,2025-11-15T07:00:00Z,2025-11-15T05:29:34.602Z,corso_IoT,ESP_LEOPIZZI,Lecce,Stanza,-0.2802127659574471,0.11223404255319144,0.8940425531914902,-0.00329787234042553,-0.17787234042553193,-0.15914893617021283,68.6000000000001,0,0,18.680851063829788,18.400000000000027
,,0,2025-11-15T01:10:00Z,2025-11-15T07:00:00Z,2025-11-15T05:30:32.935Z,corso_IoT,ESP_LEOPIZZI,Lecce,Stanza,-0.280105263157895,0.1117894736842105,0.8933684210526323,-0.05168421052631579,-0.19073684210526318,-0.1636842105263157,68.6000000000001,0,0,18.926315789473684,18.400000000000027
,,0,2025-11-15T01:10:00Z,2025-11-15T07:00:00Z,2025-11-15T05:31:31.268Z,corso_IoT,ESP_LEOPIZZI,Lecce,Stanza,-0.2803191489361705,0.11255319148936165,0.8929787234042558,0.009468085106382985,-0.1543617021276596,-0.14,68.6000000000001,0,0,20.425531914893618,18.400000000000027
,,0,2025-11-15T01:10:00Z,2025-11-15T07:00:00Z,2025-11-15T05:32:29.601Z,corso_IoT,ESP_LEOPIZZI,Lecce,Stanza,-0.28042105263157924,0.11263157894736836,0.8935789473684214,-0.07621052631578948,-0.17652631578947375,-0.19505263157894734,68.6000000000001,0,0,18.13684210526316,18.400000000000027
,,0,2025-11-15T01:10:00Z,2025-11-15T07:00:00Z,2025-11-15T05:33:27.934Z,corso_IoT,ESP_LEOPIZZI,Lecce,Stanza,-0.22351063829787232,0.09829787234042545,0.9102127659574476,0.03127659574468088,-0.23499999999999993,-0.13946808510638298,68.6000000000001,5.851063829787234,0,19.06382978723404,18.400000000000027
,,0,2025-11-15T01:10:00Z,2025-11-15T07:00:00Z,2025-11-15T05:34:26.267Z,corso_IoT,ESP_LEOPIZZI,Lecce,Stanza,-0.22010638297872334,0.09117021276595734,0.9213829787234055,-0.053723404255319136,-0.15808510638297865,-0.19936170212765955,68.6000000000001,0,0,18.5531914893617,18.400000000000027
,,0,2025-11-15T01:10:00Z,2025-11-15T07:00:00Z,2025-11-15T05:35:24.6Z,corso_IoT,ESP_LEOPIZZI,Lecce,Stanza,-0.21989361702127655,0.09127659574468074,0.9211702127659587,-0.019680851063829784,-0.16765957446808513,-0.20191489361702128,68.6000000000001,0,0,18.659574468085108,18.400000000000027
,,0,2025-11-15T01:10:00Z,2025-11-15T07:00:00Z,2025-11-15T05:36:22.933Z,corso_IoT,ESP_LEOPIZZI,Lecce,Stanza,-0.22,0.09095744680851053,0.9215957446808525,-0.06797872340425531,-0.23574468085106387,-0.20425531914893608,68.6000000000001,1.0638297872340425,0,19.106382978723403,18.400000000000027
,,0,2025-11-15T01:10:00Z,2025-11-15T07:00:00Z,2025-11-15T05:37:21.266Z,corso_IoT,ESP_LEOPIZZI,Lecce,Stanza,-0.22136842105263155,0.09126315789473675,0.9208421052631588,-0.039473684210526314,-0.14042105263157897,-0.20547368421052628,68.6000000000001,0,0,17.263157894736842,18.400000000000027
,,0,2025-11-15T01:10:00Z,2025-11-15T07:00:00Z,2025-11-15T05:38:19.599Z,corso_IoT,ESP_LEOPIZZI,Lecce,Stanza,-0.22157894736842107,0.09073684210526306,0.9208421052631591,-0.042947368421052616,-0.14810526315789466,-0.20115789473684215,68.6000000000001,0,0.043684210526315784,18.010526315789473,18.400000000000027
,,0,2025-11-15T01:10:00Z,2025-11-15T07:00:00Z,2025-11-15T05:39:17.932Z,corso_IoT,ESP_LEOPIZZI,Lecce,Stanza,-0.22085106382978725,0.09127659574468076,0.9208510638297884,-0.0604255319148936,-0.11712765957446802,-0.18872340425531917,68.59148936170219,0,0.33553191489361667,18.595744680851062,18.400000000000027
,,0,2025-11-15T01:10:00Z,2025-11-15T07:00:00Z,2025-11-15T05:40:16.265Z,corso_IoT,ESP_LEOPIZZI,Lecce,Stanza,-0.22084210526315792,0.09231578947368409,0.921578947368422,-0.02399999999999999,-0.16484210526315787,-0.19936842105263156,68.58736842105274,0,0.7950526315789462,20.431578947368422,18.400000000000027
,,0,2025-11-15T01:10:00Z,2025-11-15T07:00:00Z,2025-11-15T05:41:14.598Z,corso_IoT,ESP_LEOPIZZI,Lecce,Stanza,-0.22117021276595744,0.09265957446808498,0.9213829787234055,-0.044468085106383,-0.14989361702127665,-0.20234042553191486,68.55212765957455,0,0.8299999999999987,18.904255319148938,18.400000000000027
,,0,2025-11-15T01:10:00Z,2025-11-15T07:00:00Z,2025-11-15T05:42:12.931Z,corso_IoT,ESP_LEOPIZZI,Lecce,Stanza,-0.2211702127659574,0.09191489361702117,0.9209574468085114,-0.09861702127659575,-0.10957446808510635,-0.1895744680851064,68.50425531914894,0,0.8299999999999987,18.95744680851064,18.400000000000027
,,0,2025-11-15T01:10:00Z,2025-11-15T07:00:00Z,2025-11-15T05:43:11.264Z,corso_IoT,ESP_LEOPIZZI,Lecce,Stanza,-0.22063829787234038,0.0928723404255318,0.9202127659574478,-0.035106382978723386,-0.17808510638297875,-0.19478723404255313,68.5,0,0.8299999999999987,17.95744680851064,18.400000000000027
,,0,2025-11-15T01:10:00Z,2025-11-15T07:00:00Z,2025-11-15T05:44:09.597Z,corso_IoT,ESP_LEOPIZZI,Lecce,Stanza,-0.22107526881720432,0.09333333333333321,0.9201075268817216,-0.0520430107526882,-0.1539784946236559,-0.1949462365591398,68.5,0,0.8299999999999987,17.795698924731184,18.400000000000027
,,0,2025-11-15T01:10:00Z,2025-11-15T07:00:00Z,2025-11-15T05:45:07.93Z,corso_IoT,ESP_LEOPIZZI,Lecce,Stanza,-0.2206315789473684,0.09326315789473673,0.9203157894736853,-0.03831578947368422,-0.1457894736842105,-0.19589473684210518,68.5,0,0.8299999999999987,17.736842105263158,18.400000000000027
,,0,2025-11-15T01:10:00Z,2025-11-15T07:00:00Z,2025-11-15T05:46:06.263Z,corso_IoT,ESP_LEOPIZZI,Lecce,Stanza,-0.22170212765957448,0.09287234042553179,0.9193617021276606,-0.04085106382978724,-0.1561702127659574,-0.18457446808510639,68.49574468085106,0,0.8299999999999987,18.48936170212766,18.400000000000027
,,0,2025-11-15T01:10:00Z,2025-11-15T07:00:00Z,2025-11-15T05:47:04.596Z,corso_IoT,ESP_LEOPIZZI,Lecce,Stanza,-0.22223404255319157,0.09319148936170199,0.9198936170212778,-0.03382978723404254,-0.1451063829787234,-0.20127659574468088,68.5,0,0.8299999999999987,20.180851063829788,18.400000000000027
,,0,2025-11-15T01:10:00Z,2025-11-15T07:00:00Z,2025-11-15T05:48:02.929Z,corso_IoT,ESP_LEOPIZZI,Lecce,Stanza,-0.2212631578947368,0.09484210526315776,0.9201052631578959,-0.06452631578947367,-0.14568421052631583,-0.21442105263157907,68.51263157894742,0,0.8299999999999987,17.53684210526316,18.400000000000027
,,0,2025-11-15T01:10:00Z,2025-11-15T07:00:00Z,2025-11-15T05:49:01.262Z,corso_IoT,ESP_LEOPIZZI,Lecce,Stanza,-0.22085106382978723,0.09329787234042541,0.9193617021276606,-0.029042553191489365,-0.168936170212766,-0.17755319148936163,68.5382978723404,0,0.8299999999999987,18.159574468085108,18.400000000000027
,,0,2025-11-15T01:10:00Z,2025-11-15T07:00:00Z,2025-11-15T05:49:59.595Z,corso_IoT,ESP_LEOPIZZI,Lecce,Stanza,-0.2223404255319149,0.09351063829787223,0.919468085106384,-0.02382978723404256,-0.13063829787234033,-0.18042553191489352,68.5,0,0.8299999999999987,18.170212765957448,18.400000000000027
,,0,2025-11-15T01:10:00Z,2025-11-15T07:00:00Z,2025-11-15T05:50:57.928Z,corso_IoT,ESP_LEOPIZZI,Lecce,Stanza,-0.22157894736842107,0.09305263157894723,0.919157894736843,-0.045473684210526326,-0.12189473684210526,-0.22200000000000003,68.5,0,0.8299999999999987,18.557894736842105,18.400000000000027
,,0,2025-11-15T01:10:00Z,2025-11-15T07:00:00Z,2025-11-15T05:51:56.261Z,corso_IoT,ESP_LEOPIZZI,Lecce,Stanza,-0.010638297872340389,0.056063829787233975,0.9320212765957445,-0.45202127659574476,-0.5559574468085107,-0.17138297872340433,68.5,7.9787234042553195,0.8299999999999987,20.51063829787234,18.400000000000027
,,0,2025-11-15T01:10:00Z,2025-11-15T07:00:00Z,2025-11-15T05:52:54.594Z,corso_IoT,ESP_LEOPIZZI,Lecce,Stanza,0.14638297872340444,0.011489361702127665,0.9511702127659588,-0.020957446808510628,-0.2705319148936171,-0.19382978723404257,68.5,1.0638297872340425,1.0980851063829784,19.095744680851062,18.400000000000027
,,0,2025-11-15T01:10:00Z,2025-11-15T07:00:00Z,2025-11-15T05:53:52.927Z,corso_IoT,ESP_LEOPIZZI,Lecce,Stanza,0.15010638297872364,0.011276595744680859,0.948936170212767,-0.0275531914893617,-0.17478723404255322,-0.17553191489361694,68.5,0,1.6074468085106377,18.861702127659573,18.400000000000027
,,0,2025-11-15T01:10:00Z,2025-11-15T07:00:00Z,2025-11-15T05:54:51.26Z,corso_IoT,ESP_LEOPIZZI,Lecce,Stanza,0.15147368421052654,0.01126315789473685,0.9485263157894746,-0.029473684210526315,-0.13294736842105262,-0.187578947368421,68.5,0,1.6699999999999986,18.33684210526316,18.400000000000027
,,0,2025-11-15T01:10:00Z,2025-11-15T07:00:00Z,2025-11-15T05:55:49.593Z,corso_IoT,ESP_LEOPIZZI,Lecce,Stanza,0.15326315789473705,0.01094736842105264,0.9471578947368431,-0.031368421052631566,-0.11736842105263158,-0.20536842105263156,68.5,0,1.6699999999999986,18.673684210526314,18.400000000000027
,,0,2025-11-15T01:10:00Z,2025-11-15T07:00:00Z,2025-11-15T05:56:47.926Z,corso_IoT,ESP_LEOPIZZI,Lecce,Stanza,0.15255319148936192,0.012234042553191498,0.9458510638297877,-0.038617021276595755,-0.1309574468085106,-0.17319148936170214,68.5,0,1.6699999999999986,19.829787234042552,18.400000000000027
,,0,2025-11-15T01:10:00Z,2025-11-15T07:00:00Z,2025-11-15T05:57:46.259Z,corso_IoT,ESP_LEOPIZZI,Lecce,Stanza,0.1537894736842107,0.01231578947368422,0.9458947368421057,-0.034315789473684216,-0.11589473684210529,-0.18115789473684216,68.48736842105258,0,1.6699999999999986,18.094736842105263,18.400000000000027
,,0,2025-11-15T01:10:00Z,2025-11-15T07:00:00Z,2025-11-15T05:58:44.592Z,corso_IoT,ESP_LEOPIZZI,Lecce,Stanza,0.1551063829787236,0.012127659574468094,0.945744680851064,-0.04297872340425532,-0.15531914893617021,-0.20127659574468088,68.42021276595734,0,1.6699999999999986,17.861702127659573,18.400000000000027
,,0,2025-11-15T01:10:00Z,2025-11-15T07:00:00Z,2025-11-15T05:59:42.925Z,corso_IoT,ESP_LEOPIZZI,Lecce,Stanza,0.15606382978723418,0.013297872340425539,0.9463829787234046,-0.05042553191489362,-0.10478723404255319,-0.203404255319149,68.3999999999999,0,1.6699999999999986,19.21276595744681,18.400000000000027
,,0,2025-11-15T01:10:00Z,2025-11-15T07:00:00Z,2025-11-15T06:00:41.258Z,corso_IoT,ESP_LEOPIZZI,Lecce,Stanza,0.15600000000000017,0.013263157894736852,0.9451578947368426,-0.03494736842105261,-0.16273684210526324,-0.18452631578947373,68.3999999999999,0,1.6699999999999986,18.821052631578947,18.400000000000027
,,0,2025-11-15T01:10:00Z,2025-11-15T07:00:00Z,2025-11-15T06:01:39.591Z,corso_IoT,ESP_LEOPIZZI,Lecce,Stanza,0.1560638297872342,0.013297872340425539,0.9446808510638297,-0.055319148936170216,-0.13659574468085103,-0.15765957446808512,68.3999999999999,0,1.6699999999999986,22.159574468085108,18.400000000000027
,,0,2025-11-15T01:10:00Z,2025-11-15T07:00:00Z,2025-11-15T06:02:37.924Z,corso_IoT,ESP_LEOPIZZI,Lecce,Stanza,0.15831578947368433,0.014315789473684221,0.9454736842105266,-0.05726315789473688,-0.11536842105263151,-0.16094736842105256,68.3999999999999,0,1.6699999999999986,18.210526315789473,18.400000000000027
,,0,2025-11-15T01:10:00Z,2025-11-15T07:00:00Z,2025-11-15T06:03:36.257Z,corso_IoT,ESP_LEOPIZZI,Lecce,Stanza,0.1588505747126438,0.014367816091954033,0.9450574712643678,-0.06333333333333332,-0.11126436781609193,-0.17724137931034484,68.39999999999993,0,1.8894252873563222,18.344827586206897,18.400000000000023
,,0,2025-11-15T01:10:00Z,2025-11-15T07:00:00Z,2025-11-15T06:04:34.59Z,corso_IoT,ESP_LEOPIZZI,Lecce,Stanza,0.1588372093023257,0.014534883720930243,0.9446511627906976,-0.02976744186046511,-0.1551162790697675,-0.18825581395348834,68.39999999999993,0,2.4903488372093023,17.848837209302324,18.400000000000023
,,0,2025-11-15T01:10:00Z,2025-11-15T07:00:00Z,2025-11-15T06:05:32.923Z,corso_IoT,ESP_LEOPIZZI,Lecce,Stanza,0.15797872340425545,0.01446808510638299,0.9445744680851061,-0.05127659574468085,-0.15010638297872336,-0.166063829787234,68.3999999999999,0,2.5,18.5,18.400000000000027
,,0,2025-11-15T01:10:00Z,2025-11-15T07:00:00Z,2025-11-15T06:06:31.256Z,corso_IoT,ESP_LEOPIZZI,Lecce,Stanza,0.15819148936170224,0.015106382978723415,0.9441489361702129,-0.03872340425531913,-0.1444680851063829,-0.17340425531914894,68.3999999999999,0,2.5,17.03191489361702,18.400000000000027
,,0,2025-11-15T01:10:00Z,2025-11-15T07:00:00Z,2025-11-15T06:07:29.589Z,corso_IoT,ESP_LEOPIZZI,Lecce,Stanza,0.1589361702127661,0.014574468085106394,0.9432978723404253,-0.07106382978723406,-0.16723404255319155,-0.18372340425531908,68.3999999999999,0,2.5,18.117021276595743,18.400000000000027
,,0,2025-11-15T01:10:00Z,2025-11-15T07:00:00Z,2025-11-15T06:08:27.922Z,corso_IoT,ESP_LEOPIZZI,Lecce,Stanza,0.1596808510638299,0.015531914893617032,0.9437234042553188,-0.05117021276595745,-0.13382978723404257,-0.1654255319148936,68.3999999999999,0,2.5,16.93617021276596,18.400000000000027
,,0,2025-11-15T01:10:00Z,2025-11-15T07:00:00Z,2025-11-15T06:09:26.255Z,corso_IoT,ESP_LEOPIZZI,Lecce,Stanza,0.1595744680851065,0.014893617021276607,0.9434042553191487,-0.04712765957446807,-0.1371276595744681,-0.1573404255319149,68.3999999999999,0,2.5,18.28723404255319,18.400000000000027
,,0,2025-11-15T01:10:00Z,2025-11-15T07:00:00Z,2025-11-15T06:10:24.588Z,corso_IoT,ESP_LEOPIZZI,Lecce,Stanza,0.1592553191489363,0.015106382978723415,0.9426595744680847,-0.02904255319148935,-0.13382978723404249,-0.1627659574468084,68.3999999999999,0,2.5,18.80851063829787,18.400000000000027
,,0,2025-11-15T01:10:00Z,2025-11-15T07:00:00Z,2025-11-15T06:11:22.921Z,corso_IoT,ESP_LEOPIZZI,Lecce,Stanza,0.15926315789473697,0.014736842105263166,0.9431578947368418,-0.033894736842105255,-0.1263157894736842,-0.14221052631578948,68.3999999999999,0,2.5,15.968421052631578,18.400000000000027
,,0,2025-11-15T01:10:00Z,2025-11-15T07:00:00Z,2025-11-15T06:12:21.254Z,corso_IoT,ESP_LEOPIZZI,Lecce,Stanza,0.1595698924731184,0.015376344086021516,0.9425806451612898,-0.04268817204301076,-0.12344086021505382,-0.19043010752688172,68.3999999999999,0,2.508924731182796,16.967741935483872,18.400000000000027
,,0,2025-11-15T01:10:00Z,2025-11-15T07:00:00Z,2025-11-15T06:13:19.587Z,corso_IoT,ESP_LEOPIZZI,Lecce,Stanza,0.15872340425531928,0.014893617021276605,0.9440425531914893,-0.05382978723404254,-0.14085106382978724,-0.1837234042553192,68.3999999999999,0,2.906170212765961,16.93617021276596,18.400000000000027
,,0,2025-11-15T01:10:00Z,2025-11-15T07:00:00Z,2025-11-15T06:14:17.92Z,corso_IoT,ESP_LEOPIZZI,Lecce,Stanza,0.1595698924731184,0.014731182795698936,0.9424731182795695,-0.03795698924731181,-0.14774193548387096,-0.21849462365591404,68.3999999999999,0,3.330000000000002,17.70967741935484,18.400000000000027
,,0,2025-11-15T01:10:00Z,2025-11-15T07:00:00Z,2025-11-15T06:15:16.253Z,corso_IoT,ESP_LEOPIZZI,Lecce,Stanza,0.1597872340425533,0.015000000000000012,0.9431914893617018,-0.06563829787234043,-0.12191489361702129,-0.1791489361702127,68.3999999999999,0,3.3300000000000014,17.829787234042552,18.400000000000027
,,0,2025-11-15T01:10:00Z,2025-11-15T07:00:00Z,2025-11-15T06:16:14.586Z,corso_IoT,ESP_LEOPIZZI,Lecce,Stanza,0.1597872340425533,0.015319148936170224,0.9427659574468081,-0.03925531914893617,-0.13723404255319155,-0.1753191489361702,68.3999999999999,0,3.3300000000000014,17.25531914893617,18.400000000000027
,,0,2025-11-15T01:10:00Z,2025-11-15T07:00:00Z,2025-11-15T06:17:12.919Z,corso_IoT,ESP_LEOPIZZI,Lecce,Stanza,0.15945652173913055,0.016739130434782618,0.9438043478260868,-0.03913043478260871,-0.15543478260869564,-0.17260869565217393,68.3999999999999,0,3.330000000000002,18.032608695652176,18.400000000000027
,,0,2025-11-15T01:10:00Z,2025-11-15T07:00:00Z,2025-11-15T06:18:11.252Z,corso_IoT,ESP_LEOPIZZI,Lecce,Stanza,0.1598936170212767,0.015531914893617032,0.9424468085106378,-0.04542553191489363,-0.11999999999999997,-0.15691489361702132,68.3999999999999,0,3.3300000000000014,19.872340425531913,18.400000000000027
,,0,2025-11-15T01:10:00Z,2025-11-15T07:00:00Z,2025-11-15T06:19:09.585Z,corso_IoT,ESP_LEOPIZZI,Lecce,Stanza,0.16000000000000011,0.015319148936170224,0.9424468085106376,-0.04010638297872341,-0.10595744680851064,-0.1757446808510638,68.3999999999999,0,3.3300000000000014,16.71276595744681,18.400000000000027
,,0,2025-11-15T01:10:00Z,2025-11-15T07:00:00Z,2025-11-15T06:20:07.918Z,corso_IoT,ESP_LEOPIZZI,Lecce,Stanza,0.16000000000000011,0.01606382978723405,0.9421276595744676,-0.03510638297872341,-0.12542553191489356,-0.18063829787234043,68.3999999999999,0,3.3300000000000014,16.914893617021278,18.400000000000027
,,0,2025-11-15T01:10:00Z,2025-11-15T07:00:00Z,2025-11-15T06:21:06.251Z,corso_IoT,ESP_LEOPIZZI,Lecce,Stanza,0.16000000000000011,0.015851063829787244,0.9427659574468079,-0.03053191489361702,-0.14244680851063832,-0.16553191489361702,68.3999999999999,0,3.3300000000000014,19.393617021276597,18.400000000000027
,,0,2025-11-15T01:10:00Z,2025-11-15T07:00:00Z,2025-11-15T06:22:04.584Z,corso_IoT,ESP_LEOPIZZI,Lecce,Stanza,0.1603191489361703,0.01606382978723405,0.9430851063829788,-0.04287234042553192,-0.1448936170212766,-0.18829787234042553,68.3999999999999,0,3.6606382978723424,18.574468085106382,18.400000000000027
,,0,2025-11-15T01:10:00Z,2025-11-15T07:00:00Z,2025-11-15T06:23:02.917Z,corso_IoT,ESP_LEOPIZZI,Lecce,Stanza,0.16010752688172053,0.016451612903225818,0.9427956989247308,-0.03322580645161289,-0.1548387096774194,-0.1865591397849462,68.3999999999999,0,4.170000000000002,19.29032258064516,18.400000000000027
,,0,2025-11-15T01:10:00Z,2025-11-15T07:00:00Z,2025-11-15T06:24:01.25Z,corso_IoT,ESP_LEOPIZZI,Lecce,Stanza,0.16021505376344097,0.01623655913978496,0.9427956989247308,-0.036666666666666646,-0.1275268817204301,-0.1840860215053764,68.3999999999999,0,4.170000000000002,16.204301075268816,18.400000000000027
,,0,2025-11-15T01:10:00Z,2025-11-15T07:00:00Z,2025-11-15T06:24:59.583Z,corso_IoT,ESP_LEOPIZZI,Lecce,Stanza,0.16074468085106391,0.015851063829787244,0.9419148936170206,-0.03872340425531912,-0.1373404255319148,-0.16351063829787232,68.3999999999999,0,4.170000000000002,19.074468085106382,18.400000000000027
,,0,2025-11-15T01:10:00Z,2025-11-15T07:00:00Z,2025-11-15T06:25:57.916Z,corso_IoT,ESP_LEOPIZZI,Lecce,Stanza,0.16010526315789483,0.01673684210526317,0.941684210526315,-0.033578947368421055,-0.1495789473684211,-0.17863157894736836,68.3999999999999,0,4.161157894736844,18.347368421052632,18.400000000000027
,,0,2025-11-15T01:10:00Z,2025-11-15T07:00:00Z,2025-11-15T06:26:56.249Z,corso_IoT,ESP_LEOPIZZI,Lecce,Stanza,0.047111111111111124,0.07666666666666667,0.9274444444444455,0.02900000000000004,0.12788888888888897,-0.12299999999999998,68.39999999999992,5,4.170000000000002,19.72222222222222,18.400000000000027
,,0,2025-11-15T01:10:00Z,2025-11-15T07:00:00Z,2025-11-15T06:27:54.582Z,corso_IoT,ESP_LEOPIZZI,Lecce,Stanza,0.040212765957446835,0.08680851063829784,0.9240425531914905,-0.08382978723404255,-0.09957446808510642,-0.12542553191489364,68.3999999999999,0,4.170000000000002,24.69148936170213,18.400000000000027
,,0,2025-11-15T01:10:00Z,2025-11-15T07:00:00Z,2025-11-15T06:28:52.915Z,corso_IoT,ESP_LEOPIZZI,Lecce,Stanza,0.03935483870967744,0.08924731182795691,0.9219354838709689,-0.0682795698924731,-0.11967741935483876,-0.14645161290322592,68.3999999999999,0,4.241397849462366,20.268817204301076,18.400000000000027
,,0,2025-11-15T01:10:00Z,2025-11-15T07:00:00Z,2025-11-15T06:29:51.248Z,corso_IoT,ESP_LEOPIZZI,Lecce,Stanza,0.03860215053763442,0.08903225806451605,0.9219354838709689,-0.09225806451612903,-0.11526881720430104,-0.15827956989247313,68.36559139784943,0,4.5448387096774185,20.806451612903224,18.400000000000027
,,0,2025-11-15T01:10:00Z,2025-11-15T07:00:00Z,2025-11-15T06:30:49.581Z,corso_IoT,ESP_LEOPIZZI,Lecce,Stanza,0.03860215053763442,0.0884946236559139,0.923225806451614,-0.1541935483870968,-0.06462365591397852,-0.13731182795698918,68.3999999999999,0,4.955376344086022,18.70967741935484,18.400000000000027
,,0,2025-11-15T01:10:00Z,2025-11-15T07:00:00Z,2025-11-15T06:31:47.914Z,corso_IoT,ESP_LEOPIZZI,Lecce,Stanza,-0.03634408602150537,0.15150537634408617,0.8766666666666665,-0.28752688172043,-0.03408602150537635,-0.2862365591397849,68.3999999999999,48.924731182795696,4.928602150537634,22.70967741935484,18.400000000000027
,,0,2025-11-15T01:10:00Z,2025-11-15T07:00:00Z,2025-11-15T06:32:46.247Z,corso_IoT,ESP_LEOPIZZI,Lecce,Stanza,-0.03723404255319149,0.155744680851064,0.8762765957446808,-0.04787234042553191,-0.12297872340425535,-0.191595744680851,68.3999999999999,49.46808510638298,5,23.93617021276596,18.400000000000027
,,0,2025-11-15T01:10:00Z,2025-11-15T07:00:00Z,2025-11-15T06:33:44.58Z,corso_IoT,ESP_LEOPIZZI,Lecce,Stanza,-0.036413043478260854,0.15641304347826102,0.8755434782608702,-0.03630434782608695,-0.07369565217391305,-0.20369565217391292,68.3999999999999,50,4.9185869565217395,25.32608695652174,18.400000000000027
,,0,2025-11-15T01:10:00Z,2025-11-15T07:00:00Z,2025-11-15T06:34:42.913Z,corso_IoT,ESP_LEOPIZZI,Lecce,Stanza,-0.03731182795698925,0.1565591397849464,0.8755913978494625,-0.05720430107526882,-0.127741935483871,-0.1897849462365592,68.3999999999999,49.46236559139785,5,24.365591397849464,18.400000000000027
,,0,2025-11-15T01:10:00Z,2025-11-15T07:00:00Z,2025-11-15T06:35:41.246Z,corso_IoT,ESP_LEOPIZZI,Lecce,Stanza,-0.07065934065934071,0.15736263736263748,0.875824175824176,-0.8339560439560447,-0.07439560439560441,-0.21032967032967043,68.39999999999992,47.8021978021978,5,22.285714285714285,18.400000000000027
,,0,2025-11-15T01:10:00Z,2025-11-15T07:00:00Z,2025-11-15T06:36:39.579Z,corso_IoT,ESP_LEOPIZZI,Lecce,Stanza,-0.07706521739130441,0.15923913043478272,0.8767391304347827,-0.051086956521739134,-0.09749999999999995,-0.1515217391304348,68.3999999999999,47.28260869565217,5,24.391304347826086,18.400000000000027
,,0,2025-11-15T01:10:00Z,2025-11-15T07:00:00Z,2025-11-15T06:37:37.912Z,corso_IoT,ESP_LEOPIZZI,Lecce,Stanza,-0.07780219780219787,0.15901098901098915,0.8767032967032966,-0.01989010989010989,-0.11956043956043957,-0.17560439560439564,68.39999999999992,48.35164835164835,5,22.494505494505493,18.400000000000027
,,0,2025-11-15T01:10:00Z,2025-11-15T07:00:00Z,2025-11-15T06:38:36.245Z,corso_IoT,ESP_LEOPIZZI,Lecce,Stanza,-0.07881720430107533,0.15860215053763455,0.8762365591397849,-0.046666666666666634,-0.09763440860215054,-0.1653763440860215,68.3999999999999,47.8494623655914,5,23.473118279569892,18.400000000000027
,,0,2025-11-15T01:10:00Z,2025-11-15T07:00:00Z,2025-11-15T06:39:34.578Z,corso_IoT,ESP_LEOPIZZI,Lecce,Stanza,-0.07769230769230777,0.15879120879120892,0.876813186813187,-0.06285714285714286,-0.11472527472527466,-0.16087912087912085,68.39999999999992,46.7032967032967,5,20.934065934065934,18.400000000000027
,,0,2025-11-15T01:10:00Z,2025-11-15T07:00:00Z,2025-11-15T06:40:32.911Z,corso_IoT,ESP_LEOPIZZI,Lecce,Stanza,-0.0781318681318682,0.15945054945054957,0.8764835164835162,-0.07021978021978023,-0.10186813186813184,-0.18153846153846148,68.39999999999992,48.9010989010989,5,20.142857142857142,18.400000000000027
,,0,2025-11-15T01:10:00Z,2025-11-15T07:00:00Z,2025-11-15T06:41:31.244Z,corso_IoT,ESP_LEOPIZZI,Lecce,Stanza,-0.07902173913043485,0.15913043478260883,0.8770652173913042,-0.06619565217391302,-0.0996739130434783,-0.15880434782608688,68.3999999999999,46.19565217391305,5,22.17391304347826,18.400000000000027
,,0,2025-11-15T01:10:00Z,2025-11-15T07:00:00Z,2025-11-15T06:42:29.577Z,corso_IoT,ESP_LEOPIZZI,Lecce,Stanza,-0.0794565217391305,0.15913043478260883,0.8777173913043476,-0.052717391304347834,-0.12586956521739132,-0.17467391304347826,68.3999999999999,44.56521739130435,5,22.152173913043477,18.400000000000027
,,0,2025-11-15T01:10:00Z,2025-11-15T07:00:00Z,2025-11-15T06:43:27.91Z,corso_IoT,ESP_LEOPIZZI,Lecce,Stanza,-0.15304347826086953,0.155217391304348,0.8740217391304349,-0.3985869565217391,-0.4552173913043481,-0.10608695652173906,68.36739130434786,16.304347826086957,5,23.532608695652176,18.400000000000027
,,0,2025-11-15T01:10:00Z,2025-11-15T07:00:00Z,2025-11-15T06:44:26.243Z,corso_IoT,ESP_LEOPIZZI,Lecce,Stanza,-0.17042553191489357,0.15425531914893634,0.874468085106383,-0.061276595744680855,-0.11499999999999999,-0.1727659574468085,68.35000000000008,3.723404255319149,5,20.24468085106383,18.400000000000027
,,0,2025-11-15T01:10:00Z,2025-11-15T07:00:00Z,2025-11-15T06:45:24.576Z,corso_IoT,ESP_LEOPIZZI,Lecce,Stanza,-0.128021978021978,0.14120879120879098,0.8891208791208783,-0.2787912087912087,-0.4306593406593408,-0.09000000000000001,68.30000000000011,9.340659340659341,5,19.076923076923077,18.400000000000027
,,0,2025-11-15T01:10:00Z,2025-11-15T07:00:00Z,2025-11-15T06:46:22.909Z,corso_IoT,ESP_LEOPIZZI,Lecce,Stanza,-0.07913978494623664,0.12032258064516113,0.9083870967741927,-0.06075268817204302,-0.12150537634408594,-0.19279569892473114,68.32365591397848,0,5,24.043010752688172,18.400000000000027
,,0,2025-11-15T01:10:00Z,2025-11-15T07:00:00Z,2025-11-15T06:47:21.242Z,corso_IoT,ESP_LEOPIZZI,Lecce,Stanza,-0.07913043478260874,0.12032608695652158,0.9089130434782592,-0.03978260869565216,-0.11750000000000001,-0.19999999999999996,68.36086956521746,0,5,20.07608695652174,18.400000000000027
,,0,2025-11-15T01:10:00Z,2025-11-15T07:00:00Z,2025-11-15T06:48:19.575Z,corso_IoT,ESP_LEOPIZZI,Lecce,Stanza,-0.07619565217391311,0.12271739130434776,0.9071739130434773,-0.04282608695652175,-0.06760869565217391,-0.20532608695652163,68.3032608695653,0,5,20.293478260869566,18.400000000000027
,,0,2025-11-15T01:10:00Z,2025-11-15T07:00:00Z,2025-11-15T06:49:17.908Z,corso_IoT,ESP_LEOPIZZI,Lecce,Stanza,-0.07455555555555561,0.1213333333333332,0.9062222222222215,-0.04666666666666667,-0.11122222222222224,-0.21122222222222217,68.33222222222228,0,5,22.68888888888889,18.400000000000027
,,0,2025-11-15T01:10:00Z,2025-11-15T07:00:00Z,2025-11-15T06:50:16.241Z,corso_IoT,ESP_LEOPIZZI,Lecce,Stanza,-0.07351648351648359,0.12208791208791199,0.9057142857142852,-0.04010989010989011,-0.12164835164835161,-0.1857142857142857,68.38241758241756,0,5,20.483516483516482,18.400000000000027
,,0,2025-11-15T01:10:00Z,2025-11-15T07:00:00Z,2025-11-15T06:51:14.574Z,corso_IoT,ESP_LEOPIZZI,Lecce,Stanza,-0.07391304347826093,0.12315217391304342,0.9047826086956515,-0.05086956521739131,-0.11749999999999998,-0.17249999999999996,68.39565217391296,0,4.990978260869565,20.695652173913043,18.400000000000027
,,0,2025-11-15T01:10:00Z,2025-11-15T07:00:00Z,2025-11-15T06:52:12.907Z,corso_IoT,ESP_LEOPIZZI,Lecce,Stanza,-0.007888888888888897,0.17655555555555583,0.8466666666666669,-0.27288888888888885,-0.16133333333333336,-0.12244444444444443,68.39999999999992,34.44444444444444,5,22.42222222222222,18.400000000000027
,,0,2025-11-15T01:10:00Z,2025-11-15T07:00:00Z,2025-11-15T06:53:11.24Z,corso_IoT,ESP_LEOPIZZI,Lecce,Stanza,0.038279569892473136,0.21602150537634424,0.8070967741935487,-0.07698924731182795,-0.09053763440860219,-0.12838709677419355,68.3999999999999,50,5,20.913978494623656,18.400000000000027
,,0,2025-11-15T01:10:00Z,2025-11-15T07:00:00Z,2025-11-15T06:54:09.573Z,corso_IoT,ESP_LEOPIZZI,Lecce,Stanza,0.03870967741935485,0.2165591397849464,0.8077419354838715,-0.06526881720430107,-0.07634408602150539,-0.15107526881720426,68.3999999999999,50,5,23.419354838709676,18.400000000000027
,,0,2025-11-15T01:10:00Z,2025-11-15T07:00:00Z,2025-11-15T06:55:07.906Z,corso_IoT,ESP_LEOPIZZI,Lecce,Stanza,0.01065217391304348,0.20054347826086968,0.8266304347826087,-0.23619565217391308,-0.08097826086956524,-0.18684782608695655,68.3999999999999,50,5,26.02173913043478,18.400000000000027
,,0,2025-11-15T01:10:00Z,2025-11-15T07:00:00Z,2025-11-15T06:56:06.239Z,corso_IoT,ESP_LEOPIZZI,Lecce,Stanza,-0.008924731182795704,0.180537634408602,0.8493548387096775,-0.04096774193548384,-0.08204301075268818,-0.129247311827957,68.3999999999999,50,5.151720430107525,26.43010752688172,18.400000000000027
,,0,2025-11-15T01:10:00Z,2025-11-15T07:00:00Z,2025-11-15T06:57:04.572Z,corso_IoT,ESP_LEOPIZZI,Lecce,Stanza,-0.008021978021978026,0.18131868131868112,0.8485714285714289,-0.05296703296703298,-0.08999999999999997,-0.12054945054945052,68.39999999999992,50,5.611098901098897,25.593406593406595,18.400000000000027
,,0,2025-11-15T01:10:00Z,2025-11-15T07:00:00Z,2025-11-15T06:58:02.905Z,corso_IoT,ESP_LEOPIZZI,Lecce,Stanza,0.018241758241758242,0.14582417582417564,0.8692307692307695,-0.9745054945054944,-0.29967032967032964,-0.279010989010989,68.39999999999992,46.15384615384615,5.638461538461537,28.065934065934066,18.400000000000027
,,0,2025-11-15T01:10:00Z,2025-11-15T07:00:00Z,2025-11-15T06:59:01.238Z,corso_IoT,ESP_LEOPIZZI,Lecce,Stanza,-0.1261538461538462,0.04230769230769231,0.9646153846153849,-0.7723076923076924,-0.17538461538461536,-0.35076923076923083,68.39999999999999,3.8461538461538463,5.702307692307692,35.69230769230769,18.400000000000002

