#group,false,false,true,true,false,true,true,true,true,false,false,false,false,false,false,false,false,false,false,false
#datatype,string,long,dateTime:RFC3339,dateTime:RFC3339,dateTime:RFC3339,string,string,string,string,double,double,double,double,double,double,double,double,double,double,double
#default,mean,,,,,,,,,,,,,,,,,,,
,result,table,_start,_stop,_time,_measurement,host,location,room,accel_x,accel_y,accel_z,gyro_x,gyro_y,gyro_z,humidity,is_moving,light,mic,temperature
,,0,2025-11-23T00:08:00Z,2025-11-23T06:10:00Z,2025-11-23T00:08:12.216Z,corso_IoT,ESP_LEOPIZZI,Lecce,Stanza,-0.020769230769230766,0.009999999999999998,1.003076923076923,-2.323076923076923,-3.4838461538461534,0.6384615384615384,68.89999999999999,50,0,19.53846153846154,18.400000000000002
,,0,2025-11-23T00:08:00Z,2025-11-23T06:10:00Z,2025-11-23T00:09:12.549Z,corso_IoT,ESP_LEOPIZZI,Lecce,Stanza,-0.022285714285714298,0.010142857142857148,1.0017142857142858,-2.302,-3.491714285714286,0.7160000000000002,68.80285714285723,49.285714285714285,0,24.32857142857143,18.400000000000006
,,0,2025-11-23T00:08:00Z,2025-11-23T06:10:00Z,2025-11-23T00:10:12.882Z,corso_IoT,ESP_LEOPIZZI,Lecce,Stanza,-0.02202898550724639,0.010579710144927543,1.0015942028985507,-2.2804347826086957,-3.479999999999998,0.7123188405797102,68.65797101449276,49.27536231884058,0,21.246376811594203,18.400000000000006
,,0,2025-11-23T00:08:00Z,2025-11-23T06:10:00Z,2025-11-23T00:11:13.215Z,corso_IoT,ESP_LEOPIZZI,Lecce,Stanza,-0.022923076923076935,0.010615384615384622,1.002,-2.303076923076923,-3.5047692307692304,0.7084615384615384,68.60461538461536,50,0,20.892307692307693,18.426153846153838
,,0,2025-11-23T00:08:00Z,2025-11-23T06:10:00Z,2025-11-23T00:12:13.548Z,corso_IoT,ESP_LEOPIZZI,Lecce,Stanza,-0.022500000000000013,0.010735294117647065,1.0016176470588238,-2.3158823529411765,-3.4875,0.7379411764705881,68.6,50,0,19.647058823529413,18.5
,,0,2025-11-23T00:08:00Z,2025-11-23T06:10:00Z,2025-11-23T00:13:13.881Z,corso_IoT,ESP_LEOPIZZI,Lecce,Stanza,-0.024210526315789488,0.010921052631578955,1.0014473684210528,-2.3107894736842103,-3.507894736842105,0.7132894736842107,68.55131578947373,50,0,21.236842105263158,18.5
,,0,2025-11-23T00:08:00Z,2025-11-23T06:10:00Z,2025-11-23T00:14:14.214Z,corso_IoT,ESP_LEOPIZZI,Lecce,Stanza,-0.022763157894736857,0.011315789473684218,1.0017105263157895,-2.310526315789473,-3.4801315789473684,0.6980263157894738,68.43815789473679,50,0,21.539473684210527,18.5
,,0,2025-11-23T00:08:00Z,2025-11-23T06:10:00Z,2025-11-23T00:15:14.547Z,corso_IoT,ESP_LEOPIZZI,Lecce,Stanza,-0.022051282051282064,0.01128205128205129,1.0012820512820515,-2.3043589743589745,-3.4993589743589757,0.6953846153846156,68.35512820512831,50,0,21.615384615384617,18.544871794871778
,,0,2025-11-23T00:08:00Z,2025-11-23T06:10:00Z,2025-11-23T00:16:14.88Z,corso_IoT,ESP_LEOPIZZI,Lecce,Stanza,-0.022000000000000016,0.011466666666666674,1.0012,-2.294133333333333,-3.477066666666666,0.7097333333333335,68.26533333333334,50,0,22.36,18.599999999999987
,,0,2025-11-23T00:08:00Z,2025-11-23T06:10:00Z,2025-11-23T00:17:15.213Z,corso_IoT,ESP_LEOPIZZI,Lecce,Stanza,-0.023235294117647076,0.011176470588235302,1.0013235294117648,-2.2869117647058825,-3.476470588235294,0.6816176470588238,68.2382352941176,50,0,19.58823529411765,18.599999999999994
,,0,2025-11-23T00:08:00Z,2025-11-23T06:10:00Z,2025-11-23T00:18:15.546Z,corso_IoT,ESP_LEOPIZZI,Lecce,Stanza,-0.023125000000000014,0.011875000000000007,1.0003125,-2.29859375,-3.4817187499999993,0.7071875000000003,67.9734375,50,0,23.71875,18.6
,,0,2025-11-23T00:08:00Z,2025-11-23T06:10:00Z,2025-11-23T00:19:15.879Z,corso_IoT,ESP_LEOPIZZI,Lecce,Stanza,-0.022957746478873258,0.011830985915492965,1.0004225352112677,-2.3012676056338033,-3.5121126760563373,0.7212676056338029,67.89999999999999,50,0,22.943661971830984,18.59999999999999
,,0,2025-11-23T00:08:00Z,2025-11-23T06:10:00Z,2025-11-23T00:20:16.212Z,corso_IoT,ESP_LEOPIZZI,Lecce,Stanza,-0.022077922077922096,0.011558441558441566,1.00012987012987,-2.265454545454545,-3.511168831168831,0.6967532467532468,67.89999999999996,50,0,20.948051948051948,18.646753246753256
,,0,2025-11-23T00:08:00Z,2025-11-23T06:10:00Z,2025-11-23T00:21:16.545Z,corso_IoT,ESP_LEOPIZZI,Lecce,Stanza,-0.022467532467532483,0.011558441558441566,1.000909090909091,-2.314025974025973,-3.4879220779220788,0.6942857142857141,67.84935064935077,49.35064935064935,0,21.142857142857142,18.700000000000024
,,0,2025-11-23T00:08:00Z,2025-11-23T06:10:00Z,2025-11-23T00:22:16.878Z,corso_IoT,ESP_LEOPIZZI,Lecce,Stanza,-0.02243589743589745,0.012051282051282058,1.0017948717948724,-2.2961538461538455,-3.5120512820512815,0.7126923076923077,67.8000000000001,50,0,21.307692307692307,18.700000000000024
,,0,2025-11-23T00:08:00Z,2025-11-23T06:10:00Z,2025-11-23T00:23:17.211Z,corso_IoT,ESP_LEOPIZZI,Lecce,Stanza,-0.022820512820512836,0.011410256410256418,1.000897435897436,-2.299871794871795,-3.508076923076923,0.6942307692307693,67.77564102564104,50,0,21.58974358974359,18.700000000000024
,,0,2025-11-23T00:08:00Z,2025-11-23T06:10:00Z,2025-11-23T00:24:17.544Z,corso_IoT,ESP_LEOPIZZI,Lecce,Stanza,-0.023076923076923092,0.012051282051282058,1.001025641025641,-2.3056410256410262,-3.5319230769230763,0.6965384615384616,67.66538461538451,50,0,22.346153846153847,18.700000000000024
,,0,2025-11-23T00:08:00Z,2025-11-23T06:10:00Z,2025-11-23T00:25:17.877Z,corso_IoT,ESP_LEOPIZZI,Lecce,Stanza,-0.02186666666666668,0.011866666666666675,1.0008000000000001,-2.3032000000000004,-3.5138666666666682,0.6837333333333333,67.59199999999996,50,0,22.64,18.78133333333331
,,0,2025-11-23T00:08:00Z,2025-11-23T06:10:00Z,2025-11-23T00:26:18.21Z,corso_IoT,ESP_LEOPIZZI,Lecce,Stanza,-0.023417721518987356,0.011392405063291146,1.0007594936708863,-2.2794936708860756,-3.52126582278481,0.6741772151898732,67.46202531645562,49.36708860759494,0,18.240506329113924,18.79620253164554
,,0,2025-11-23T00:08:00Z,2025-11-23T06:10:00Z,2025-11-23T00:27:18.543Z,corso_IoT,ESP_LEOPIZZI,Lecce,Stanza,-0.022405063291139258,0.012784810126582287,0.9987341772151898,-2.279367088607595,-3.547594936708861,0.6973417721518991,67.39999999999996,50,0,20.78481012658228,18.799999999999976
,,0,2025-11-23T00:08:00Z,2025-11-23T06:10:00Z,2025-11-23T00:28:18.876Z,corso_IoT,ESP_LEOPIZZI,Lecce,Stanza,-0.022307692307692324,0.011666666666666674,0.9998717948717948,-2.3228205128205124,-3.5196153846153844,0.6793589743589744,67.39999999999996,50,0,18.358974358974358,18.799999999999976
,,0,2025-11-23T00:08:00Z,2025-11-23T06:10:00Z,2025-11-23T00:29:19.209Z,corso_IoT,ESP_LEOPIZZI,Lecce,Stanza,-0.023291139240506346,0.011518987341772159,1.0024050632911392,-2.3267088607594935,-3.3858227848101254,0.6288607594936712,67.36202531645567,49.36708860759494,0,18.620253164556964,18.799999999999976
,,0,2025-11-23T00:08:00Z,2025-11-23T06:10:00Z,2025-11-23T00:30:19.542Z,corso_IoT,ESP_LEOPIZZI,Lecce,Stanza,-0.03901960784313727,0.009411764705882357,1.006470588235294,-2.294509803921568,-3.527843137254903,0.6868627450980391,67.36862745098044,50,0,21.784313725490197,18.799999999999983
,,0,2025-11-23T00:08:00Z,2025-11-23T06:10:00Z,2025-11-23T00:31:19.875Z,corso_IoT,ESP_LEOPIZZI,Lecce,Stanza,-0.036268656716417914,0.009402985074626872,1.0047761194029847,-2.306417910447761,-3.502835820895521,0.7126865671641792,67.29552238805978,50,0,19.119402985074625,18.79999999999998
,,0,2025-11-23T00:08:00Z,2025-11-23T06:10:00Z,2025-11-23T00:32:20.208Z,corso_IoT,ESP_LEOPIZZI,Lecce,Stanza,-0.03679487179487179,0.009615384615384621,1.0058974358974362,-2.2842307692307697,-3.4851282051282046,0.7038461538461539,67.21538461538451,50,0,21.205128205128204,18.799999999999976
,,0,2025-11-23T00:08:00Z,2025-11-23T06:10:00Z,2025-11-23T00:33:20.541Z,corso_IoT,ESP_LEOPIZZI,Lecce,Stanza,-0.03524999999999999,0.009250000000000005,1.0058750000000003,-2.2958749999999997,-3.547124999999999,0.6987500000000003,67.24125000000005,50,0,19.1625,18.799999999999976
,,0,2025-11-23T00:08:00Z,2025-11-23T06:10:00Z,2025-11-23T00:34:20.874Z,corso_IoT,ESP_LEOPIZZI,Lecce,Stanza,-0.03587301587301589,0.009682539682539688,1.0060317460317456,-2.2479365079365077,-3.551746031746031,0.6857142857142857,67.19999999999992,50,0,18.6984126984127,18.79999999999998
,,0,2025-11-23T00:08:00Z,2025-11-23T06:10:00Z,2025-11-23T00:35:21.207Z,corso_IoT,ESP_LEOPIZZI,Lecce,Stanza,-0.037575757575757596,0.009545454545454551,1.005454545454545,-2.3075757575757567,-3.5078787878787887,0.6730303030303032,67.19999999999992,50,0,19.227272727272727,18.79999999999998
,,0,2025-11-23T00:08:00Z,2025-11-23T06:10:00Z,2025-11-23T00:36:21.54Z,corso_IoT,ESP_LEOPIZZI,Lecce,Stanza,-0.03693548387096775,0.009677419354838715,1.0051612903225806,-2.3311290322580653,-3.5570967741935475,0.7161290322580641,67.224193548387,50,0,20.177419354838708,18.79999999999998
,,0,2025-11-23T00:08:00Z,2025-11-23T06:10:00Z,2025-11-23T00:37:21.873Z,corso_IoT,ESP_LEOPIZZI,Lecce,Stanza,-0.036052631578947364,0.009868421052631585,1.0057894736842108,-2.2956578947368427,-3.5449999999999995,0.6702631578947367,67.1999999999999,50,0,18.289473684210527,18.81973684210526
,,0,2025-11-23T00:08:00Z,2025-11-23T06:10:00Z,2025-11-23T00:38:22.206Z,corso_IoT,ESP_LEOPIZZI,Lecce,Stanza,-0.037702702702702706,0.009459459459459465,1.005810810810811,-2.2962162162162163,-3.516891891891892,0.6862162162162163,67.19189189189184,50,0,19.256756756756758,18.895945945945957
,,0,2025-11-23T00:08:00Z,2025-11-23T06:10:00Z,2025-11-23T00:39:22.539Z,corso_IoT,ESP_LEOPIZZI,Lecce,Stanza,-0.03775000000000001,0.009750000000000005,1.0062500000000003,-2.2973749999999993,-3.5308749999999995,0.6878750000000002,67.04624999999999,50,0,18.6625,18.887500000000006
,,0,2025-11-23T00:08:00Z,2025-11-23T06:10:00Z,2025-11-23T00:40:22.872Z,corso_IoT,ESP_LEOPIZZI,Lecce,Stanza,-0.03754385964912283,0.009649122807017548,1.0052631578947364,-2.2887719298245615,-3.565087719298246,0.6814035087719299,67.00350877192982,50,0,21.45614035087719,18.85263157894735
,,0,2025-11-23T00:08:00Z,2025-11-23T06:10:00Z,2025-11-23T00:41:23.205Z,corso_IoT,ESP_LEOPIZZI,Lecce,Stanza,-0.03626865671641792,0.009552238805970155,1.0038805970149254,-2.3074626865671637,-3.549701492537312,0.6694029850746268,67.0119402985075,50,0,21.55223880597015,18.831343283582093
,,0,2025-11-23T00:08:00Z,2025-11-23T06:10:00Z,2025-11-23T00:42:23.538Z,corso_IoT,ESP_LEOPIZZI,Lecce,Stanza,-0.03714285714285715,0.009870129870129876,1.0053246753246752,-2.2789610389610386,-3.5440259740259754,0.6690909090909088,66.98961038961033,50,0,20.22077922077922,18.870129870129855
,,0,2025-11-23T00:08:00Z,2025-11-23T06:10:00Z,2025-11-23T00:43:23.871Z,corso_IoT,ESP_LEOPIZZI,Lecce,Stanza,-0.03726027397260275,0.010000000000000005,1.0054794520547945,-2.306301369863013,-3.556027397260274,0.6843835616438354,66.99863013698629,49.31506849315068,0,19.068493150684933,18.799999999999976
,,0,2025-11-23T00:08:00Z,2025-11-23T06:10:00Z,2025-11-23T00:44:24.204Z,corso_IoT,ESP_LEOPIZZI,Lecce,Stanza,-0.03792207792207795,0.009740259740259745,1.005584415584416,-2.2837662337662343,-3.5580519480519484,0.6568831168831166,67.0116883116883,50,0,15.87012987012987,18.881818181818197
,,0,2025-11-23T00:08:00Z,2025-11-23T06:10:00Z,2025-11-23T00:45:24.537Z,corso_IoT,ESP_LEOPIZZI,Lecce,Stanza,-0.036849315068493156,0.009589041095890417,1.0050684931506848,-2.3145205479452056,-3.5806849315068483,0.6652054794520552,66.95205479452052,50,0,23.945205479452056,18.90000000000001
,,0,2025-11-23T00:08:00Z,2025-11-23T06:10:00Z,2025-11-23T00:46:24.87Z,corso_IoT,ESP_LEOPIZZI,Lecce,Stanza,-0.03626865671641792,0.009552238805970155,1.0052238805970146,-2.2940298507462695,-3.544925373134327,0.6807462686567165,66.90000000000003,50,0,21.388059701492537,18.877611940298515
,,0,2025-11-23T00:08:00Z,2025-11-23T06:10:00Z,2025-11-23T00:47:25.203Z,corso_IoT,ESP_LEOPIZZI,Lecce,Stanza,-0.03736111111111112,0.00944444444444445,1.0061111111111112,-2.3045833333333325,-3.5577777777777766,0.665694444444444,66.9,50,0,21.26388888888889,18.89166666666667
,,0,2025-11-23T00:08:00Z,2025-11-23T06:10:00Z,2025-11-23T00:48:25.536Z,corso_IoT,ESP_LEOPIZZI,Lecce,Stanza,-0.03718309859154931,0.010000000000000005,1.0056338028169012,-2.3094366197183094,-3.5543661971830978,0.662676056338028,66.9,50,0,17.901408450704224,18.90000000000001
,,0,2025-11-23T00:08:00Z,2025-11-23T06:10:00Z,2025-11-23T00:49:25.869Z,corso_IoT,ESP_LEOPIZZI,Lecce,Stanza,-0.03771428571428573,0.009571428571428576,1.0044285714285714,-2.3028571428571425,-3.5662857142857143,0.6325714285714287,66.90000000000002,50,0,17.057142857142857,18.900000000000006
,,0,2025-11-23T00:08:00Z,2025-11-23T06:10:00Z,2025-11-23T00:50:26.202Z,corso_IoT,ESP_LEOPIZZI,Lecce,Stanza,-0.03803278688524591,0.009836065573770496,1.0055737704918029,-2.3093442622950815,-3.5116393442622957,0.6591803278688526,66.90000000000006,50,0,19.491803278688526,18.899999999999995
,,0,2025-11-23T00:08:00Z,2025-11-23T06:10:00Z,2025-11-23T00:51:26.535Z,corso_IoT,ESP_LEOPIZZI,Lecce,Stanza,-0.036986301369863014,0.009863013698630142,1.0043835616438357,-2.3024657534246566,-3.5843835616438344,0.663150684931507,66.8287671232877,50,0,18.164383561643834,18.90000000000001
,,0,2025-11-23T00:08:00Z,2025-11-23T06:10:00Z,2025-11-23T00:52:26.868Z,corso_IoT,ESP_LEOPIZZI,Lecce,Stanza,-0.0757777777777778,0.010666666666666673,1.0104444444444445,-2.2904444444444447,-3.6284444444444444,0.6662222222222223,66.90000000000005,50,0,18.4,18.899999999999984
,,0,2025-11-23T00:08:00Z,2025-11-23T06:10:00Z,2025-11-23T00:53:27.201Z,corso_IoT,ESP_LEOPIZZI,Lecce,Stanza,-0.0791428571428572,0.011428571428571436,1.01,-2.292571428571429,-3.5392857142857133,0.665142857142857,66.8657142857143,50,0,20.5,18.900000000000006
,,0,2025-11-23T00:08:00Z,2025-11-23T06:10:00Z,2025-11-23T00:54:27.534Z,corso_IoT,ESP_LEOPIZZI,Lecce,Stanza,-0.07789473684210532,0.011052631578947376,1.0105263157894742,-2.2702631578947354,-3.5455263157894725,0.6639473684210527,66.83289473684214,50,0,17.13157894736842,18.900000000000013
,,0,2025-11-23T00:08:00Z,2025-11-23T06:10:00Z,2025-11-23T00:55:27.867Z,corso_IoT,ESP_LEOPIZZI,Lecce,Stanza,-0.0793055555555556,0.011666666666666674,1.010416666666667,-2.2891666666666675,-3.581388888888889,0.6815277777777781,66.80277777777786,50,0,18.819444444444443,18.90000000000001
,,0,2025-11-23T00:08:00Z,2025-11-23T06:10:00Z,2025-11-23T00:56:28.2Z,corso_IoT,ESP_LEOPIZZI,Lecce,Stanza,-0.07883116883116888,0.011688311688311696,1.0109090909090912,-2.306493506493506,-3.576883116883117,0.6676623376623378,66.8000000000001,50,0,20.116883116883116,18.900000000000013
,,0,2025-11-23T00:08:00Z,2025-11-23T06:10:00Z,2025-11-23T00:57:28.533Z,corso_IoT,ESP_LEOPIZZI,Lecce,Stanza,-0.0780519480519481,0.012077922077922085,1.00974025974026,-2.2853246753246754,-3.5646753246753233,0.6627272727272728,66.79480519480528,49.35064935064935,0,20.48051948051948,18.900000000000013
,,0,2025-11-23T00:08:00Z,2025-11-23T06:10:00Z,2025-11-23T00:58:28.866Z,corso_IoT,ESP_LEOPIZZI,Lecce,Stanza,-0.07881578947368424,0.011973684210526324,1.010657894736842,-2.272631578947368,-3.604342105263158,0.6557894736842104,66.76184210526323,50,0,19.710526315789473,18.8921052631579
,,0,2025-11-23T00:08:00Z,2025-11-23T06:10:00Z,2025-11-23T00:59:29.199Z,corso_IoT,ESP_LEOPIZZI,Lecce,Stanza,-0.07794871794871801,0.013333333333333343,1.0105128205128209,-2.294358974358974,-3.5806410256410275,0.6516666666666667,66.8000000000001,50,0,19.346153846153847,18.892307692307703
,,0,2025-11-23T00:08:00Z,2025-11-23T06:10:00Z,2025-11-23T01:00:29.532Z,corso_IoT,ESP_LEOPIZZI,Lecce,Stanza,-0.07830508474576274,0.011694915254237296,1.0101694915254233,-2.2867796610169497,-3.549830508474576,0.6486440677966099,66.80000000000007,49.152542372881356,0,21.28813559322034,18.89999999999999
,,0,2025-11-23T00:08:00Z,2025-11-23T06:10:00Z,2025-11-23T01:01:29.865Z,corso_IoT,ESP_LEOPIZZI,Lecce,Stanza,-0.0789473684210527,0.012500000000000008,1.0098684210526319,-2.276973684210527,-3.582105263157895,0.6419736842105263,66.78289473684214,50,0,20.07894736842105,18.89078947368421
,,0,2025-11-23T00:08:00Z,2025-11-23T06:10:00Z,2025-11-23T01:02:30.198Z,corso_IoT,ESP_LEOPIZZI,Lecce,Stanza,-0.07845070422535216,0.012535211267605642,1.0100000000000002,-2.301690140845071,-3.6032394366197176,0.6564788732394368,66.78873239436629,50,0,18.901408450704224,18.86478873239438
,,0,2025-11-23T00:08:00Z,2025-11-23T06:10:00Z,2025-11-23T01:03:30.531Z,corso_IoT,ESP_LEOPIZZI,Lecce,Stanza,-0.07808823529411771,0.01191176470588236,1.0107352941176464,-2.33735294117647,-3.5967647058823538,0.6630882352941176,66.80441176470596,50,0,16.970588235294116,18.900000000000006
,,0,2025-11-23T00:08:00Z,2025-11-23T06:10:00Z,2025-11-23T01:04:30.864Z,corso_IoT,ESP_LEOPIZZI,Lecce,Stanza,-0.07878378378378384,0.013648648648648658,1.0106756756756758,-2.314324324324324,-3.5855405405405394,0.6359459459459458,66.8000000000001,50,0,18.37837837837838,18.900000000000013
,,0,2025-11-23T00:08:00Z,2025-11-23T06:10:00Z,2025-11-23T01:05:31.197Z,corso_IoT,ESP_LEOPIZZI,Lecce,Stanza,-0.07942307692307696,0.012500000000000004,1.0105769230769233,-2.319615384615385,-3.579999999999999,0.6586538461538465,66.77692307692308,50,0,25,18.892307692307675
,,0,2025-11-23T00:08:00Z,2025-11-23T06:10:00Z,2025-11-23T01:06:31.53Z,corso_IoT,ESP_LEOPIZZI,Lecce,Stanza,-0.07906250000000005,0.013125000000000008,1.0104687499999996,-2.3275000000000015,-3.60703125,0.6871875000000001,66.79375000000007,50,0,20.859375,18.79999999999998
,,0,2025-11-23T00:08:00Z,2025-11-23T06:10:00Z,2025-11-23T01:07:31.863Z,corso_IoT,ESP_LEOPIZZI,Lecce,Stanza,-0.07895833333333337,0.013541666666666672,1.0097916666666664,-2.317083333333334,-3.6064583333333324,0.6533333333333332,66.80000000000005,50,0,19.1875,18.806249999999988
,,0,2025-11-23T00:08:00Z,2025-11-23T06:10:00Z,2025-11-23T01:08:32.196Z,corso_IoT,ESP_LEOPIZZI,Lecce,Stanza,-0.07921052631578952,0.01276315789473685,1.0093421052631582,-2.3039473684210527,-3.6301315789473696,0.665,66.8000000000001,50,0,19.986842105263158,18.803947368421028
,,0,2025-11-23T00:08:00Z,2025-11-23T06:10:00Z,2025-11-23T01:09:32.529Z,corso_IoT,ESP_LEOPIZZI,Lecce,Stanza,-0.07935064935064941,0.014025974025974036,1.0101298701298704,-2.297662337662338,-3.6284415584415584,0.6363636363636366,66.8000000000001,50,0,17.51948051948052,18.799999999999976
,,0,2025-11-23T00:08:00Z,2025-11-23T06:10:00Z,2025-11-23T01:10:32.862Z,corso_IoT,ESP_LEOPIZZI,Lecce,Stanza,-0.07922077922077927,0.014415584415584423,1.0097402597402603,-2.3080519480519475,-3.6364935064935056,0.6564935064935067,66.8000000000001,50,0,19.948051948051948,18.85324675324677
,,0,2025-11-23T00:08:00Z,2025-11-23T06:10:00Z,2025-11-23T01:11:33.195Z,corso_IoT,ESP_LEOPIZZI,Lecce,Stanza,-0.07815789473684216,0.013684210526315799,1.0094736842105263,-2.2882894736842103,-3.598947368421053,0.6607894736842106,66.7763157894737,50,0,19.81578947368421,18.892105263157905
,,0,2025-11-23T00:08:00Z,2025-11-23T06:10:00Z,2025-11-23T01:12:33.528Z,corso_IoT,ESP_LEOPIZZI,Lecce,Stanza,-0.0790476190476191,0.013015873015873024,1.0107936507936501,-2.3350793650793658,-3.5930158730158737,0.6487301587301587,66.75079365079365,50,0,19.063492063492063,18.88095238095237
,,0,2025-11-23T00:08:00Z,2025-11-23T06:10:00Z,2025-11-23T01:13:33.861Z,corso_IoT,ESP_LEOPIZZI,Lecce,Stanza,-0.08000000000000003,0.012727272727272731,1.0100000000000007,-2.289090909090909,-3.5212121212121223,0.6199999999999999,66.75454545454545,50,0,23.818181818181817,18.899999999999988
,,0,2025-11-23T00:08:00Z,2025-11-23T06:10:00Z,2025-11-23T01:14:34.194Z,corso_IoT,ESP_LEOPIZZI,Lecce,Stanza,-0.07881355932203392,0.013728813559322043,1.0096610169491522,-2.2767796610169495,-3.604915254237289,0.6242372881355932,66.75084745762715,49.152542372881356,0,15.94915254237288,18.89999999999999
,,0,2025-11-23T00:08:00Z,2025-11-23T06:10:00Z,2025-11-23T01:15:34.527Z,corso_IoT,ESP_LEOPIZZI,Lecce,Stanza,-0.07800000000000001,0.012600000000000005,1.0092,-2.3167999999999997,-3.6268000000000002,0.6242,66.69999999999995,50,0,18.6,18.899999999999984
,,0,2025-11-23T00:08:00Z,2025-11-23T06:10:00Z,2025-11-23T01:16:34.86Z,corso_IoT,ESP_LEOPIZZI,Lecce,Stanza,-0.07826923076923081,0.012115384615384622,1.0084615384615385,-2.301153846153846,-3.674807692307691,0.6238461538461538,66.71153846153844,50,0,18.903846153846153,18.899999999999984
,,0,2025-11-23T00:08:00Z,2025-11-23T06:10:00Z,2025-11-23T01:17:35.193Z,corso_IoT,ESP_LEOPIZZI,Lecce,Stanza,-0.11305084745762717,0.0240677966101695,1.0037288135593216,-2.0166101694915257,-2.5149152542372866,0.6884745762711867,66.68983050847451,49.152542372881356,0,17.084745762711865,18.89999999999999
,,0,2025-11-23T00:08:00Z,2025-11-23T06:10:00Z,2025-11-23T01:18:35.526Z,corso_IoT,ESP_LEOPIZZI,Lecce,Stanza,-0.2896825396825392,0.09952380952380943,0.962698412698413,-2.292539682539683,-3.6496825396825403,0.6379365079365079,66.67142857142854,50,0,18.19047619047619,18.9
,,0,2025-11-23T00:08:00Z,2025-11-23T06:10:00Z,2025-11-23T01:19:35.859Z,corso_IoT,ESP_LEOPIZZI,Lecce,Stanza,-0.29749999999999976,0.09859374999999994,0.9609375000000004,-2.36359375,-3.5384375000000006,0.630625,66.59999999999995,48.4375,0,18.84375,18.9
,,0,2025-11-23T00:08:00Z,2025-11-23T06:10:00Z,2025-11-23T01:20:36.192Z,corso_IoT,ESP_LEOPIZZI,Lecce,Stanza,-0.3155072463768116,0.09826086956521728,0.9592753623188409,-2.279855072463768,-3.560289855072463,0.6149275362318841,66.61739130434779,50,0,19.579710144927535,18.900000000000006
,,0,2025-11-23T00:08:00Z,2025-11-23T06:10:00Z,2025-11-23T01:21:36.525Z,corso_IoT,ESP_LEOPIZZI,Lecce,Stanza,-0.31885714285714306,0.09985714285714277,0.9581428571428574,-2.2718571428571424,-3.6191428571428585,0.6211428571428573,66.59999999999998,50,0,20.485714285714284,18.900000000000006
,,0,2025-11-23T00:08:00Z,2025-11-23T06:10:00Z,2025-11-23T01:22:36.858Z,corso_IoT,ESP_LEOPIZZI,Lecce,Stanza,-0.3200000000000002,0.0999999999999999,0.9578082191780828,-2.323972602739727,-3.5867123287671223,0.5947945205479452,66.60000000000001,50,0,17.863013698630137,18.932876712328756
,,0,2025-11-23T00:08:00Z,2025-11-23T06:10:00Z,2025-11-23T01:23:37.191Z,corso_IoT,ESP_LEOPIZZI,Lecce,Stanza,-0.3195384615384616,0.10369230769230778,0.9540000000000013,-2.150615384615385,-3.404307692307692,0.6516923076923077,66.59999999999995,46.15384615384615,0,19.584615384615386,19
,,0,2025-11-23T00:08:00Z,2025-11-23T06:10:00Z,2025-11-23T01:24:37.524Z,corso_IoT,ESP_LEOPIZZI,Lecce,Stanza,-0.3121428571428573,0.1088095238095238,0.951666666666667,-2.2649999999999992,-3.5571428571428574,0.6085714285714287,66.5880952380952,50,0,21.238095238095237,19
,,0,2025-11-23T00:08:00Z,2025-11-23T06:10:00Z,2025-11-23T01:25:37.857Z,corso_IoT,ESP_LEOPIZZI,Lecce,Stanza,-0.31061538461538446,0.11030769230769243,0.951076923076924,-2.274153846153846,-3.555076923076922,0.5956923076923077,66.43846153846157,50,0,21.8,18.975384615384616
,,0,2025-11-23T00:08:00Z,2025-11-23T06:10:00Z,2025-11-23T01:26:38.19Z,corso_IoT,ESP_LEOPIZZI,Lecce,Stanza,-0.31081632653061236,0.11040816326530616,0.9510204081632662,-2.282448979591837,-3.6344897959183675,0.6348979591836735,66.51020408163265,50,0,21.081632653061224,19
,,0,2025-11-23T00:08:00Z,2025-11-23T06:10:00Z,2025-11-23T01:27:38.523Z,corso_IoT,ESP_LEOPIZZI,Lecce,Stanza,-0.3094520547945204,0.11054794520547956,0.9509589041095903,-2.2967123287671227,-3.6108219178082175,0.5908219178082191,66.42328767123286,49.31506849315068,0,17.643835616438356,18.980821917808218
,,0,2025-11-23T00:08:00Z,2025-11-23T06:10:00Z,2025-11-23T01:28:38.856Z,corso_IoT,ESP_LEOPIZZI,Lecce,Stanza,-0.19813333333333316,0.0805333333333333,0.9653333333333334,-2.3443999999999994,-3.8338666666666663,0.6175999999999998,66.4546666666667,47.333333333333336,0,18.013333333333332,18.935999999999993
,,0,2025-11-23T00:08:00Z,2025-11-23T06:10:00Z,2025-11-23T01:29:39.189Z,corso_IoT,ESP_LEOPIZZI,Lecce,Stanza,-0.03804347826086958,0.043695652173913066,0.9808695652173907,-2.2917391304347827,-3.674347826086956,0.6202173913043477,66.42608695652179,50,0,22.97826086956522,18.926086956521726
,,0,2025-11-23T00:08:00Z,2025-11-23T06:10:00Z,2025-11-23T01:30:39.522Z,corso_IoT,ESP_LEOPIZZI,Lecce,Stanza,-0.03076923076923079,0.044615384615384626,0.9811538461538452,-2.2896153846153853,-3.622307692307693,0.591153846153846,66.52499999999999,50,0,20.51923076923077,18.899999999999984
,,0,2025-11-23T00:08:00Z,2025-11-23T06:10:00Z,2025-11-23T01:31:39.855Z,corso_IoT,ESP_LEOPIZZI,Lecce,Stanza,-0.030000000000000023,0.04542372881355933,0.9794915254237276,-2.2840677966101692,-3.689322033898305,0.5901694915254239,66.58983050847452,50,0,18.677966101694917,18.89999999999999
,,0,2025-11-23T00:08:00Z,2025-11-23T06:10:00Z,2025-11-23T01:32:40.188Z,corso_IoT,ESP_LEOPIZZI,Lecce,Stanza,-0.029857142857142867,0.044857142857142845,0.9794285714285704,-2.3185714285714285,-3.672428571428572,0.5862857142857142,66.59999999999998,50,0,19.15714285714286,18.900000000000006
,,0,2025-11-23T00:08:00Z,2025-11-23T06:10:00Z,2025-11-23T01:33:40.521Z,corso_IoT,ESP_LEOPIZZI,Lecce,Stanza,-0.029999999999999995,0.045714285714285686,0.9783116883116877,-2.281688311688311,-3.607922077922079,0.618831168831169,66.59610389610393,50,0,18.363636363636363,18.900000000000013
,,0,2025-11-23T00:08:00Z,2025-11-23T06:10:00Z,2025-11-23T01:34:40.854Z,corso_IoT,ESP_LEOPIZZI,Lecce,Stanza,-0.029857142857142867,0.045571428571428554,0.9778571428571421,-2.3060000000000005,-3.622571428571429,0.5742857142857142,66.59999999999998,50,0,18.32857142857143,18.900000000000006
,,0,2025-11-23T00:08:00Z,2025-11-23T06:10:00Z,2025-11-23T01:35:41.187Z,corso_IoT,ESP_LEOPIZZI,Lecce,Stanza,-0.02892857142857145,0.04535714285714287,0.9787499999999989,-2.320357142857144,-3.6755357142857137,0.6276785714285716,66.59999999999994,50,0,20.535714285714285,18.899999999999984
,,0,2025-11-23T00:08:00Z,2025-11-23T06:10:00Z,2025-11-23T01:36:41.52Z,corso_IoT,ESP_LEOPIZZI,Lecce,Stanza,0.020465116279069776,0.034186046511627925,0.9739534883720924,-2.78906976744186,-3.493720930232558,0.8209302325581395,66.60465116279065,50,0,22.511627906976745,18.899999999999984
,,0,2025-11-23T00:08:00Z,2025-11-23T06:10:00Z,2025-11-23T01:37:41.853Z,corso_IoT,ESP_LEOPIZZI,Lecce,Stanza,0.024032258064516143,0.03483870967741937,0.9716129032258058,-2.3245161290322582,-3.594032258064515,0.6201612903225806,66.60322580645155,50,0,20.661290322580644,18.899999999999995
,,0,2025-11-23T00:08:00Z,2025-11-23T06:10:00Z,2025-11-23T01:38:42.186Z,corso_IoT,ESP_LEOPIZZI,Lecce,Stanza,0.025500000000000016,0.03575000000000002,0.9699999999999995,-2.293,-3.6295,0.6349999999999997,66.69499999999998,50,0,20.35,18.89499999999999
,,0,2025-11-23T00:08:00Z,2025-11-23T06:10:00Z,2025-11-23T01:39:42.519Z,corso_IoT,ESP_LEOPIZZI,Lecce,Stanza,0.02446153846153848,0.037076923076923084,0.969846153846153,-2.294923076923076,-3.5896923076923093,0.5926153846153847,66.69999999999992,50,0,22.23076923076923,18.835384615384587
,,0,2025-11-23T00:08:00Z,2025-11-23T06:10:00Z,2025-11-23T01:40:42.852Z,corso_IoT,ESP_LEOPIZZI,Lecce,Stanza,0.02461538461538463,0.038717948717948744,0.9687179487179483,-2.311538461538462,-3.6679487179487182,0.6387179487179484,66.77948717948719,50,0,22.846153846153847,18.812820512820505
,,0,2025-11-23T00:08:00Z,2025-11-23T06:10:00Z,2025-11-23T01:41:43.185Z,corso_IoT,ESP_LEOPIZZI,Lecce,Stanza,0.024722222222222236,0.038611111111111124,0.9680555555555554,-2.3155555555555565,-3.639166666666665,0.5780555555555557,66.80000000000001,50,0,26.02777777777778,18.841666666666665
,,0,2025-11-23T00:08:00Z,2025-11-23T06:10:00Z,2025-11-23T01:42:43.518Z,corso_IoT,ESP_LEOPIZZI,Lecce,Stanza,0.02543478260869567,0.03869565217391306,0.9695652173913037,-2.309130434782609,-3.5815217391304346,0.5673913043478259,66.80000000000004,50,0,22.97826086956522,18.832608695652155
,,0,2025-11-23T00:08:00Z,2025-11-23T06:10:00Z,2025-11-23T01:43:43.851Z,corso_IoT,ESP_LEOPIZZI,Lecce,Stanza,0.023888888888888907,0.0388888888888889,0.9672222222222219,-2.301805555555555,-3.6400000000000006,0.6163888888888889,66.8000000000001,50,0,20.63888888888889,18.799999999999976
,,0,2025-11-23T00:08:00Z,2025-11-23T06:10:00Z,2025-11-23T01:44:44.184Z,corso_IoT,ESP_LEOPIZZI,Lecce,Stanza,0.02297872340425533,0.03851063829787236,0.9680851063829784,-2.2819148936170217,-3.6729787234042557,0.5893617021276596,66.81276595744684,50,0,24.404255319148938,18.799999999999986
,,0,2025-11-23T00:08:00Z,2025-11-23T06:10:00Z,2025-11-23T01:45:44.517Z,corso_IoT,ESP_LEOPIZZI,Lecce,Stanza,0.024375000000000015,0.040000000000000015,0.9678124999999997,-2.3284375,-3.6815624999999996,0.6587500000000001,66.79999999999998,50,0,35.3125,18.809375
,,0,2025-11-23T00:08:00Z,2025-11-23T06:10:00Z,2025-11-23T01:46:44.85Z,corso_IoT,ESP_LEOPIZZI,Lecce,Stanza,0.02588235294117649,0.03941176470588237,0.9688235294117644,-2.308235294117647,-3.677941176470588,0.6326470588235293,66.8,50,0,23.176470588235293,18.808823529411757
,,0,2025-11-23T00:08:00Z,2025-11-23T06:10:00Z,2025-11-23T01:47:45.183Z,corso_IoT,ESP_LEOPIZZI,Lecce,Stanza,0.025263157894736855,0.039210526315789494,0.966578947368421,-2.304736842105264,-3.617368421052632,0.6050000000000001,66.80000000000001,50,0,24.36842105263158,18.799999999999994
,,0,2025-11-23T00:08:00Z,2025-11-23T06:10:00Z,2025-11-23T01:48:45.516Z,corso_IoT,ESP_LEOPIZZI,Lecce,Stanza,0.025652173913043492,0.040434782608695666,0.9682608695652172,-2.2308695652173913,-3.6478260869565213,0.5500000000000002,66.79999999999997,50,0,20.782608695652176,18.800000000000008
,,0,2025-11-23T00:08:00Z,2025-11-23T06:10:00Z,2025-11-23T01:49:45.849Z,corso_IoT,ESP_LEOPIZZI,Lecce,Stanza,0.025970149253731364,0.03955223880597017,0.9671641791044772,-2.2998507462686573,-3.6659701492537318,0.5962686567164178,66.80000000000008,50,0,17.328358208955223,18.79999999999998
,,0,2025-11-23T00:08:00Z,2025-11-23T06:10:00Z,2025-11-23T01:50:46.182Z,corso_IoT,ESP_LEOPIZZI,Lecce,Stanza,0.02750000000000002,0.039545454545454564,0.967272727272727,-2.3259090909090916,-3.6947727272727273,0.6102272727272727,66.80000000000004,50,0,23.75,18.799999999999986
,,0,2025-11-23T00:08:00Z,2025-11-23T06:10:00Z,2025-11-23T01:51:46.515Z,corso_IoT,ESP_LEOPIZZI,Lecce,Stanza,0.025581395348837226,0.04000000000000002,0.9669767441860463,-2.2909302325581398,-3.6627906976744184,0.6265116279069768,66.89534883720935,50,0,22.13953488372093,18.79999999999999
,,0,2025-11-23T00:08:00Z,2025-11-23T06:10:00Z,2025-11-23T01:52:46.848Z,corso_IoT,ESP_LEOPIZZI,Lecce,Stanza,0.025897435897435914,0.03948717948717951,0.9658974358974357,-2.337948717948719,-3.6289743589743577,0.6007692307692308,66.90000000000005,50,0,20.41025641025641,18.799999999999994
,,0,2025-11-23T00:08:00Z,2025-11-23T06:10:00Z,2025-11-23T01:53:47.181Z,corso_IoT,ESP_LEOPIZZI,Lecce,Stanza,0.02513513513513515,0.040000000000000015,0.9656756756756758,-2.2732432432432437,-3.593243243243242,0.6075675675675675,66.90000000000005,50,0,21.324324324324323,18.799999999999994
,,0,2025-11-23T00:08:00Z,2025-11-23T06:10:00Z,2025-11-23T01:54:47.514Z,corso_IoT,ESP_LEOPIZZI,Lecce,Stanza,0.028000000000000018,0.03971428571428573,0.9660000000000001,-2.3140000000000005,-3.588571428571428,0.5634285714285714,66.90000000000003,50,0,20.6,18.799999999999997
,,0,2025-11-23T00:08:00Z,2025-11-23T06:10:00Z,2025-11-23T01:55:47.847Z,corso_IoT,ESP_LEOPIZZI,Lecce,Stanza,0.02540540540540542,0.040000000000000015,0.9651351351351352,-2.2964864864864873,-3.588378378378378,0.5289189189189187,66.90000000000005,50,0,21.72972972972973,18.799999999999994
,,0,2025-11-23T00:08:00Z,2025-11-23T06:10:00Z,2025-11-23T01:56:48.18Z,corso_IoT,ESP_LEOPIZZI,Lecce,Stanza,0.025660377358490586,0.039811320754717,0.9666037735849053,-2.2998113207547166,-3.6733962264150937,0.5873584905660378,66.90000000000006,50,0,23.471698113207548,18.799999999999983
,,0,2025-11-23T00:08:00Z,2025-11-23T06:10:00Z,2025-11-23T01:57:48.513Z,corso_IoT,ESP_LEOPIZZI,Lecce,Stanza,0.02608695652173914,0.040000000000000015,0.9669565217391304,-2.2878260869565215,-3.638260869565217,0.5391304347826086,66.90000000000002,50,0,29.347826086956523,18.800000000000008
,,0,2025-11-23T00:08:00Z,2025-11-23T06:10:00Z,2025-11-23T01:58:48.846Z,corso_IoT,ESP_LEOPIZZI,Lecce,Stanza,0.027000000000000014,0.03975000000000002,0.9654999999999999,-2.3552500000000003,-3.5889999999999995,0.6030000000000002,66.82750000000001,50,0,18.6,18.849999999999987
,,0,2025-11-23T00:08:00Z,2025-11-23T06:10:00Z,2025-11-23T01:59:49.179Z,corso_IoT,ESP_LEOPIZZI,Lecce,Stanza,0.027307692307692324,0.04000000000000001,0.9650000000000001,-2.2153846153846155,-3.6907692307692304,0.5000000000000001,66.82692307692308,50,0,26.346153846153847,18.800000000000008
,,0,2025-11-23T00:08:00Z,2025-11-23T06:10:00Z,2025-11-23T02:00:49.512Z,corso_IoT,ESP_LEOPIZZI,Lecce,Stanza,0.02722222222222224,0.040185185185185206,0.966111111111111,-2.314814814814815,-3.6440740740740742,0.5594444444444445,66.8907407407408,50,0,24.703703703703702,18.799999999999983
,,0,2025-11-23T00:08:00Z,2025-11-23T06:10:00Z,2025-11-23T02:01:49.845Z,corso_IoT,ESP_LEOPIZZI,Lecce,Stanza,0.027164179104477628,0.03970149253731346,0.9646268656716417,-2.304776119402985,-3.6646268656716416,0.6098507462686568,66.8313432835822,50,0,20.597014925373134,18.79999999999998
,,0,2025-11-23T00:08:00Z,2025-11-23T06:10:00Z,2025-11-23T02:02:50.178Z,corso_IoT,ESP_LEOPIZZI,Lecce,Stanza,0.028333333333333346,0.039444444444444456,0.9627777777777781,-2.2999999999999994,-3.634999999999999,0.5511111111111113,66.85,50,0,47.5,18.800000000000004
,,0,2025-11-23T00:08:00Z,2025-11-23T06:10:00Z,2025-11-23T02:03:50.511Z,corso_IoT,ESP_LEOPIZZI,Lecce,Stanza,0.026481481481481498,0.04092592592592595,0.9648148148148148,-2.3007407407407414,-3.6316666666666664,0.5637037037037037,66.90000000000006,50,0,21.962962962962962,18.799999999999983
,,0,2025-11-23T00:08:00Z,2025-11-23T06:10:00Z,2025-11-23T02:04:50.844Z,corso_IoT,ESP_LEOPIZZI,Lecce,Stanza,0.026904761904761917,0.040952380952380976,0.9645238095238095,-2.3116666666666674,-3.6102380952380946,0.5449999999999999,66.87380952380958,50,0,20,18.79999999999999
,,0,2025-11-23T00:08:00Z,2025-11-23T06:10:00Z,2025-11-23T02:05:51.177Z,corso_IoT,ESP_LEOPIZZI,Lecce,Stanza,0.028484848484848505,0.04015151515151517,0.9648484848484847,-2.297878787878788,-3.6401515151515147,0.6207575757575758,66.84545454545456,50,0,17.984848484848484,18.79999999999998
,,0,2025-11-23T00:08:00Z,2025-11-23T06:10:00Z,2025-11-23T02:06:51.51Z,corso_IoT,ESP_LEOPIZZI,Lecce,Stanza,0.027903225806451635,0.040161290322580666,0.9653225806451612,-2.3230645161290324,-3.62774193548387,0.6014516129032258,66.90000000000006,50,0,17.741935483870968,18.79999999999998
,,0,2025-11-23T00:08:00Z,2025-11-23T06:10:00Z,2025-11-23T02:07:51.843Z,corso_IoT,ESP_LEOPIZZI,Lecce,Stanza,0.027307692307692318,0.04153846153846156,0.9653846153846156,-2.333846153846154,-3.5911538461538464,0.6276923076923077,66.91538461538465,50,0,26.346153846153847,18.800000000000008
,,0,2025-11-23T00:08:00Z,2025-11-23T06:10:00Z,2025-11-23T02:08:52.176Z,corso_IoT,ESP_LEOPIZZI,Lecce,Stanza,0.028157894736842125,0.04078947368421054,0.9649999999999999,-2.3376315789473687,-3.622105263157895,0.5994736842105264,66.90000000000005,50,0,22.68421052631579,18.799999999999994
,,0,2025-11-23T00:08:00Z,2025-11-23T06:10:00Z,2025-11-23T02:09:52.509Z,corso_IoT,ESP_LEOPIZZI,Lecce,Stanza,0.028378378378378397,0.040270270270270296,0.9651351351351349,-2.290810810810812,-3.5708108108108103,0.5875675675675678,66.92702702702707,50,0,25.216216216216218,18.799999999999994
,,0,2025-11-23T00:08:00Z,2025-11-23T06:10:00Z,2025-11-23T02:10:52.842Z,corso_IoT,ESP_LEOPIZZI,Lecce,Stanza,0.027368421052631597,0.040000000000000015,0.9639473684210527,-2.3278947368421052,-3.629736842105263,0.5849999999999999,66.90000000000005,50,0,26.07894736842105,18.799999999999994
,,0,2025-11-23T00:08:00Z,2025-11-23T06:10:00Z,2025-11-23T02:11:53.175Z,corso_IoT,ESP_LEOPIZZI,Lecce,Stanza,0.026250000000000016,0.040312500000000015,0.9634375000000003,-2.2899999999999996,-3.6643750000000006,0.6003125,66.90000000000003,50,0,23.375,18.8
,,0,2025-11-23T00:08:00Z,2025-11-23T06:10:00Z,2025-11-23T02:12:53.508Z,corso_IoT,ESP_LEOPIZZI,Lecce,Stanza,0.02813953488372095,0.04000000000000003,0.9644186046511628,-2.307674418604651,-3.6576744186046497,0.5837209302325581,66.90000000000005,50,0,25.58139534883721,18.79999999999999
,,0,2025-11-23T00:08:00Z,2025-11-23T06:10:00Z,2025-11-23T02:13:53.841Z,corso_IoT,ESP_LEOPIZZI,Lecce,Stanza,0.02700000000000002,0.040000000000000015,0.9638,-2.3020000000000005,-3.6819999999999995,0.5626,66.90000000000005,50,0,23.3,18.799999999999983
,,0,2025-11-23T00:08:00Z,2025-11-23T06:10:00Z,2025-11-23T02:14:54.174Z,corso_IoT,ESP_LEOPIZZI,Lecce,Stanza,0.026923076923076942,0.040256410256410274,0.9623076923076925,-2.315897435897436,-3.5887179487179472,0.5894871794871794,66.90000000000005,50,0,23.666666666666668,18.799999999999994
,,0,2025-11-23T00:08:00Z,2025-11-23T06:10:00Z,2025-11-23T02:15:54.507Z,corso_IoT,ESP_LEOPIZZI,Lecce,Stanza,0.028115942028985527,0.03956521739130437,0.9639130434782609,-2.296376811594203,-3.683913043478261,0.5940579710144926,66.90869565217392,50,0,18.246376811594203,18.799999999999976
,,0,2025-11-23T00:08:00Z,2025-11-23T06:10:00Z,2025-11-23T02:16:54.84Z,corso_IoT,ESP_LEOPIZZI,Lecce,Stanza,0.026849315068493168,0.04027397260273975,0.9639726027397255,-2.271917808219178,-3.609589041095892,0.6146575342465754,66.9534246575342,50,0,19.534246575342465,18.799999999999976
,,0,2025-11-23T00:08:00Z,2025-11-23T06:10:00Z,2025-11-23T02:17:55.173Z,corso_IoT,ESP_LEOPIZZI,Lecce,Stanza,0.028032786885245922,0.04032786885245904,0.9637704918032788,-2.2983606557377048,-3.614754098360655,0.5804918032786885,66.90000000000006,50,0,18.21311475409836,18.79999999999998
,,0,2025-11-23T00:08:00Z,2025-11-23T06:10:00Z,2025-11-23T02:18:55.506Z,corso_IoT,ESP_LEOPIZZI,Lecce,Stanza,0.0022727272727272848,0.04363636363636364,0.9631818181818184,-0.4963636363636361,-0.141363636363637,1.8131818181818182,66.90000000000002,50,0,33.27272727272727,18.800000000000008
,,0,2025-11-23T00:08:00Z,2025-11-23T06:10:00Z,2025-11-23T02:19:55.839Z,corso_IoT,ESP_LEOPIZZI,Lecce,Stanza,0.04909090909090907,0.04981818181818179,0.9514545454545462,-2.2998181818181815,-3.5721818181818192,0.6272727272727275,66.98,50,0,24.054545454545455,18.799999999999983
,,0,2025-11-23T00:08:00Z,2025-11-23T06:10:00Z,2025-11-23T02:20:56.172Z,corso_IoT,ESP_LEOPIZZI,Lecce,Stanza,0.04745762711864404,0.05050847457627116,0.951016949152543,-2.261525423728814,-3.5298305084745762,0.6835593220338984,66.97796610169493,50,0,22.23728813559322,18.799999999999983
,,0,2025-11-23T00:08:00Z,2025-11-23T06:10:00Z,2025-11-23T02:21:56.505Z,corso_IoT,ESP_LEOPIZZI,Lecce,Stanza,0.06872727272727275,0.07181818181818181,0.9274545454545462,-2.4252727272727275,-3.256727272727271,0.553090909090909,66.97636363636364,49.09090909090909,0,22.036363636363635,18.799999999999983
,,0,2025-11-23T00:08:00Z,2025-11-23T06:10:00Z,2025-11-23T02:22:56.838Z,corso_IoT,ESP_LEOPIZZI,Lecce,Stanza,-0.01894736842105264,0.08543859649122802,0.9468421052631583,-2.319122807017544,-3.5917543859649106,0.6012280701754386,66.91578947368426,49.12280701754386,0,21.035087719298247,18.799999999999983
,,0,2025-11-23T00:08:00Z,2025-11-23T06:10:00Z,2025-11-23T02:23:57.171Z,corso_IoT,ESP_LEOPIZZI,Lecce,Stanza,-0.02000000000000001,0.08795454545454541,0.9445454545454546,-2.2806818181818183,-3.6550000000000016,0.6009090909090907,66.93409090909094,50,0,22.818181818181817,18.799999999999986
,,0,2025-11-23T00:08:00Z,2025-11-23T06:10:00Z,2025-11-23T02:24:57.504Z,corso_IoT,ESP_LEOPIZZI,Lecce,Stanza,-0.020625000000000008,0.08968749999999998,0.944375,-2.2259375,-3.6062500000000006,0.6390625000000001,66.94062500000004,50,0,21.03125,18.8
,,0,2025-11-23T00:08:00Z,2025-11-23T06:10:00Z,2025-11-23T02:25:57.837Z,corso_IoT,ESP_LEOPIZZI,Lecce,Stanza,-0.020000000000000007,0.08980392156862738,0.9425490196078428,-2.346078431372549,-3.5845098039215686,0.592549019607843,66.9843137254902,50,0,20,18.799999999999983
,,0,2025-11-23T00:08:00Z,2025-11-23T06:10:00Z,2025-11-23T02:26:58.17Z,corso_IoT,ESP_LEOPIZZI,Lecce,Stanza,-0.019600000000000006,0.09040000000000001,0.9416000000000002,-2.2447999999999997,-3.6032000000000006,0.5892000000000001,66.988,50,0,26.32,18.800000000000008
,,0,2025-11-23T00:08:00Z,2025-11-23T06:10:00Z,2025-11-23T02:27:58.503Z,corso_IoT,ESP_LEOPIZZI,Lecce,Stanza,-0.02000000000000001,0.09121212121212112,0.9412121212121206,-2.29590909090909,-3.6342424242424243,0.6472727272727273,67,50,0,19.636363636363637,18.79999999999998
,,0,2025-11-23T00:08:00Z,2025-11-23T06:10:00Z,2025-11-23T02:28:58.836Z,corso_IoT,ESP_LEOPIZZI,Lecce,Stanza,-0.02000000000000001,0.09088888888888882,0.9404444444444441,-2.2662222222222224,-3.5984444444444446,0.6586666666666666,67,50,0,19.733333333333334,18.799999999999986
,,0,2025-11-23T00:08:00Z,2025-11-23T06:10:00Z,2025-11-23T02:29:59.169Z,corso_IoT,ESP_LEOPIZZI,Lecce,Stanza,0.07018181818181822,0.08654545454545452,0.9180000000000001,-2.169818181818182,-3.690909090909091,0.6712727272727274,67.0090909090909,49.09090909090909,0,21.12727272727273,18.799999999999983
,,0,2025-11-23T00:08:00Z,2025-11-23T06:10:00Z,2025-11-23T02:30:59.502Z,corso_IoT,ESP_LEOPIZZI,Lecce,Stanza,0.08025000000000004,0.08524999999999999,0.9137500000000001,-2.3417499999999998,-3.65175,0.6012500000000001,66.94000000000005,50,0,22.4,18.79999999999999
,,0,2025-11-23T00:08:00Z,2025-11-23T06:10:00Z,2025-11-23T02:31:59.835Z,corso_IoT,ESP_LEOPIZZI,Lecce,Stanza,0.08269230769230769,0.09230769230769226,0.906346153846153,-2.3094230769230775,-3.6199999999999997,0.6278846153846155,66.98653846153846,50,0,24.73076923076923,18.799999999999983
,,0,2025-11-23T00:08:00Z,2025-11-23T06:10:00Z,2025-11-23T02:33:00.168Z,corso_IoT,ESP_LEOPIZZI,Lecce,Stanza,0.08275862068965519,0.09482758620689649,0.9029310344827578,-2.322758620689656,-3.646724137931035,0.604655172413793,67,50,0,20.879310344827587,18.799999999999983
,,0,2025-11-23T00:08:00Z,2025-11-23T06:10:00Z,2025-11-23T02:34:00.501Z,corso_IoT,ESP_LEOPIZZI,Lecce,Stanza,0.08492957746478871,0.09704225352112665,0.9032394366197173,-2.2864788732394357,-3.6294366197183106,0.582112676056338,67,50,0,20.943661971830984,18.799999999999976
,,0,2025-11-23T00:08:00Z,2025-11-23T06:10:00Z,2025-11-23T02:35:00.834Z,corso_IoT,ESP_LEOPIZZI,Lecce,Stanza,0.08537037037037035,0.09555555555555549,0.9024074074074064,-2.292222222222222,-3.643518518518518,0.604074074074074,67,50,0,16.425925925925927,18.799999999999983
,,0,2025-11-23T00:08:00Z,2025-11-23T06:10:00Z,2025-11-23T02:36:01.167Z,corso_IoT,ESP_LEOPIZZI,Lecce,Stanza,0.08611111111111108,0.09648148148148143,0.9018518518518511,-2.303518518518519,-3.591481481481482,0.628703703703704,67,50,0,19.055555555555557,18.799999999999983
,,0,2025-11-23T00:08:00Z,2025-11-23T06:10:00Z,2025-11-23T02:37:01.5Z,corso_IoT,ESP_LEOPIZZI,Lecce,Stanza,0.0868965517241379,0.09758620689655166,0.9017241379310337,-2.2824137931034487,-3.6298275862068974,0.6477586206896551,67,50,0,20.517241379310345,18.799999999999983
,,0,2025-11-23T00:08:00Z,2025-11-23T06:10:00Z,2025-11-23T02:38:01.833Z,corso_IoT,ESP_LEOPIZZI,Lecce,Stanza,0.08826086956521742,0.09826086956521742,0.9013043478260868,-2.386086956521739,-3.628695652173914,0.6086956521739131,67,50,0,28.217391304347824,18.800000000000008
,,0,2025-11-23T00:08:00Z,2025-11-23T06:10:00Z,2025-11-23T02:39:02.166Z,corso_IoT,ESP_LEOPIZZI,Lecce,Stanza,0.08857142857142852,0.09678571428571424,0.9008928571428563,-2.3407142857142857,-3.6482142857142854,0.6157142857142859,67,50,0,18.214285714285715,18.799999999999983
,,0,2025-11-23T00:08:00Z,2025-11-23T06:10:00Z,2025-11-23T02:40:02.499Z,corso_IoT,ESP_LEOPIZZI,Lecce,Stanza,0.08830769230769224,0.09738461538461528,0.9018461538461527,-2.3238461538461546,-3.646923076923078,0.5753846153846155,67.00461538461538,50,0,25.307692307692307,18.7953846153846
,,0,2025-11-23T00:08:00Z,2025-11-23T06:10:00Z,2025-11-23T02:41:02.832Z,corso_IoT,ESP_LEOPIZZI,Lecce,Stanza,0.08836363636363632,0.09836363636363629,0.899818181818181,-2.2672727272727276,-3.650181818181818,0.6492727272727276,67,50,0,19.69090909090909,18.799999999999983
,,0,2025-11-23T00:08:00Z,2025-11-23T06:10:00Z,2025-11-23T02:42:03.165Z,corso_IoT,ESP_LEOPIZZI,Lecce,Stanza,0.08870129870129863,0.09896103896103883,0.8993506493506488,-2.3174025974025985,-3.615714285714284,0.6200000000000001,67,50,0,20.116883116883116,18.799999999999976
,,0,2025-11-23T00:08:00Z,2025-11-23T06:10:00Z,2025-11-23T02:43:03.498Z,corso_IoT,ESP_LEOPIZZI,Lecce,Stanza,0.08906976744186043,0.09883720930232558,0.8990697674418601,-2.352790697674419,-3.606279069767441,0.579767441860465,67.00232558139534,50,0,20.046511627906977,18.797674418604643
,,0,2025-11-23T00:08:00Z,2025-11-23T06:10:00Z,2025-11-23T02:44:03.831Z,corso_IoT,ESP_LEOPIZZI,Lecce,Stanza,0.08809523809523806,0.09976190476190479,0.8990476190476183,-2.3528571428571428,-3.585238095238096,0.6578571428571427,67.11904761904755,50,0,20.261904761904763,18.70000000000001
,,0,2025-11-23T00:08:00Z,2025-11-23T06:10:00Z,2025-11-23T02:45:04.164Z,corso_IoT,ESP_LEOPIZZI,Lecce,Stanza,0.0890196078431372,0.09941176470588232,0.8990196078431366,-2.3268627450980395,-3.6378431372549014,0.6000000000000002,67.15882352941168,50,0,17.176470588235293,18.700000000000017
,,0,2025-11-23T00:08:00Z,2025-11-23T06:10:00Z,2025-11-23T02:46:04.497Z,corso_IoT,ESP_LEOPIZZI,Lecce,Stanza,0.08971428571428568,0.10028571428571433,0.8982857142857138,-2.340857142857143,-3.6388571428571432,0.6782857142857144,67.20857142857142,50,0,25.742857142857144,18.700000000000003
,,0,2025-11-23T00:08:00Z,2025-11-23T06:10:00Z,2025-11-23T02:47:04.83Z,corso_IoT,ESP_LEOPIZZI,Lecce,Stanza,0.0895454545454545,0.09954545454545456,0.8972727272727269,-2.325227272727272,-3.6279545454545454,0.6086363636363638,67.04318181818182,50,0,22.59090909090909,18.795454545454533
,,0,2025-11-23T00:08:00Z,2025-11-23T06:10:00Z,2025-11-23T02:48:05.163Z,corso_IoT,ESP_LEOPIZZI,Lecce,Stanza,0.08999999999999991,0.09944444444444432,0.8973611111111105,-2.3234722222222226,-3.6097222222222225,0.6073611111111114,67,50,0,18.47222222222222,18.799999999999976
,,0,2025-11-23T00:08:00Z,2025-11-23T06:10:00Z,2025-11-23T02:49:05.496Z,corso_IoT,ESP_LEOPIZZI,Lecce,Stanza,0.0894285714285714,0.09971428571428577,0.8971428571428571,-2.3128571428571423,-3.656285714285713,0.5777142857142857,66.9714285714286,50,0,18.771428571428572,18.799999999999997
,,0,2025-11-23T00:08:00Z,2025-11-23T06:10:00Z,2025-11-23T02:50:05.829Z,corso_IoT,ESP_LEOPIZZI,Lecce,Stanza,0.09439999999999998,0.10340000000000005,0.8930000000000002,-2.342600000000001,-3.633000000000001,0.6062000000000001,66.98399999999998,50,0,21.84,18.746000000000024
,,0,2025-11-23T00:08:00Z,2025-11-23T06:10:00Z,2025-11-23T02:51:06.162Z,corso_IoT,ESP_LEOPIZZI,Lecce,Stanza,0.10209302325581397,0.06953488372093022,0.9093023255813952,-2.265116279069768,-3.5613953488372094,0.6562790697674419,67.01162790697674,48.83720930232558,0,19.58139534883721,18.788372093023245
,,0,2025-11-23T00:08:00Z,2025-11-23T06:10:00Z,2025-11-23T02:52:06.495Z,corso_IoT,ESP_LEOPIZZI,Lecce,Stanza,0.10105263157894734,0.03824561403508774,0.9373684210526311,-2.336315789473684,-3.6126315789473677,0.6431578947368418,67.05087719298241,50,0,21.19298245614035,18.749122807017553
,,0,2025-11-23T00:08:00Z,2025-11-23T06:10:00Z,2025-11-23T02:53:06.828Z,corso_IoT,ESP_LEOPIZZI,Lecce,Stanza,0.10324324324324319,0.03689189189189189,0.9370270270270264,-2.2905405405405395,-3.6163513513513506,0.617972972972973,67.0918918918919,49.32432432432432,0,19.716216216216218,18.708108108108128
,,0,2025-11-23T00:08:00Z,2025-11-23T06:10:00Z,2025-11-23T02:54:07.161Z,corso_IoT,ESP_LEOPIZZI,Lecce,Stanza,0.10107692307692298,0.06953846153846154,0.9118461538461526,-2.156769230769231,-3.6044615384615377,0.5603076923076923,67.03692307692307,50,0,19.26153846153846,18.77692307692305
,,0,2025-11-23T00:08:00Z,2025-11-23T06:10:00Z,2025-11-23T02:55:07.494Z,corso_IoT,ESP_LEOPIZZI,Lecce,Stanza,0.10081632653061222,0.07469387755102039,0.9104081632653054,-2.3051020408163256,-3.612040816326532,0.5836734693877552,67.04285714285712,50,0,26.714285714285715,18.757142857142874
,,0,2025-11-23T00:08:00Z,2025-11-23T06:10:00Z,2025-11-23T02:56:07.827Z,corso_IoT,ESP_LEOPIZZI,Lecce,Stanza,0.10102941176470585,0.07176470588235291,0.9120588235294113,-2.38485294117647,-3.73,0.7319117647058824,67.10882352941172,46.3235294117647,0,19.558823529411764,18.70000000000002
,,0,2025-11-23T00:08:00Z,2025-11-23T06:10:00Z,2025-11-23T02:57:08.16Z,corso_IoT,ESP_LEOPIZZI,Lecce,Stanza,0.1275757575757575,0.053939393939393974,0.9148484848484851,-2.3369696969696974,-3.613333333333333,0.6212121212121211,67.20000000000002,50,0,29.96969696969697,18.7
,,0,2025-11-23T00:08:00Z,2025-11-23T06:10:00Z,2025-11-23T02:58:08.493Z,corso_IoT,ESP_LEOPIZZI,Lecce,Stanza,0.1262162162162162,0.051621621621621656,0.9151351351351357,-2.3418918918918927,-3.585675675675675,0.6232432432432432,67.18378378378377,50,0,28.18918918918919,18.748648648648636
,,0,2025-11-23T00:08:00Z,2025-11-23T06:10:00Z,2025-11-23T02:59:08.826Z,corso_IoT,ESP_LEOPIZZI,Lecce,Stanza,0.12766666666666662,0.052499999999999984,0.9146666666666666,-2.3261666666666665,-3.6186666666666674,0.5991666666666665,67,50,0,27.15,18.79999999999998
,,0,2025-11-23T00:08:00Z,2025-11-23T06:10:00Z,2025-11-23T03:00:09.159Z,corso_IoT,ESP_LEOPIZZI,Lecce,Stanza,0.12850746268656715,0.053432835820895495,0.9141791044776115,-2.3370149253731345,-3.6270149253731327,0.6070149253731345,67.01791044776121,50,0,19.402985074626866,18.782089552238798
,,0,2025-11-23T00:08:00Z,2025-11-23T06:10:00Z,2025-11-23T03:01:09.492Z,corso_IoT,ESP_LEOPIZZI,Lecce,Stanza,0.12887323943661974,0.053239436619718285,0.9136619718309852,-2.32112676056338,-3.5704225352112675,0.607323943661972,67.09014084507042,50,0,16.929577464788732,18.7098591549296
,,0,2025-11-23T00:08:00Z,2025-11-23T06:10:00Z,2025-11-23T03:02:09.825Z,corso_IoT,ESP_LEOPIZZI,Lecce,Stanza,0.12894736842105256,0.054912280701754385,0.9133333333333332,-2.3114035087719307,-3.6112280701754402,0.5901754385964911,67.12807017543851,50,0,20.82456140350877,18.700000000000017
,,0,2025-11-23T00:08:00Z,2025-11-23T06:10:00Z,2025-11-23T03:03:10.158Z,corso_IoT,ESP_LEOPIZZI,Lecce,Stanza,0.1285714285714285,0.05571428571428572,0.9130612244897955,-2.2781632653061235,-3.6118367346938767,0.5889795918367349,67.18163265306124,50,0,22.244897959183675,18.700000000000017
,,0,2025-11-23T00:08:00Z,2025-11-23T06:10:00Z,2025-11-23T03:04:10.491Z,corso_IoT,ESP_LEOPIZZI,Lecce,Stanza,0.12999999999999992,0.05400000000000003,0.9142857142857145,-2.3345714285714285,-3.585428571428571,0.5985714285714285,67.16857142857141,50,0,23.142857142857142,18.708571428571435
,,0,2025-11-23T00:08:00Z,2025-11-23T06:10:00Z,2025-11-23T03:05:10.824Z,corso_IoT,ESP_LEOPIZZI,Lecce,Stanza,0.12945454545454538,0.05472727272727272,0.9121818181818174,-2.3272727272727267,-3.5530909090909093,0.5939999999999999,67.11999999999992,50,0,21.618181818181817,18.700000000000017
,,0,2025-11-23T00:08:00Z,2025-11-23T06:10:00Z,2025-11-23T03:06:11.157Z,corso_IoT,ESP_LEOPIZZI,Lecce,Stanza,0.12981818181818172,0.055636363636363664,0.9116363636363629,-2.3185454545454545,-3.592909090909091,0.6112727272727272,67.28000000000007,50,0,19.072727272727274,18.700000000000017
,,0,2025-11-23T00:08:00Z,2025-11-23T06:10:00Z,2025-11-23T03:07:11.49Z,corso_IoT,ESP_LEOPIZZI,Lecce,Stanza,0.12910256410256418,0.05615384615384613,0.9126923076923068,-2.322435897435897,-3.5953846153846145,0.6180769230769229,67.3000000000001,50,0,19.67948717948718,18.700000000000024
,,0,2025-11-23T00:08:00Z,2025-11-23T06:10:00Z,2025-11-23T03:08:11.823Z,corso_IoT,ESP_LEOPIZZI,Lecce,Stanza,0.12999999999999992,0.05818181818181822,0.9106060606060608,-2.3000000000000003,-3.5654545454545454,0.5833333333333333,67.29999999999998,50,0,28.424242424242426,18.7
,,0,2025-11-23T00:08:00Z,2025-11-23T06:10:00Z,2025-11-23T03:09:12.156Z,corso_IoT,ESP_LEOPIZZI,Lecce,Stanza,0.1298113207547169,0.053773584905660386,0.9118867924528293,-2.3247169811320756,-3.576037735849055,0.5775471698113208,67.28490566037736,50,0,23.20754716981132,18.700000000000017
,,0,2025-11-23T00:08:00Z,2025-11-23T06:10:00Z,2025-11-23T03:10:12.489Z,corso_IoT,ESP_LEOPIZZI,Lecce,Stanza,0.12965517241379304,0.05724137931034486,0.9113793103448277,-2.3351724137931034,-3.5944827586206896,0.6224137931034484,67.24827586206898,50,0,22.93103448275862,18.699999999999996
,,0,2025-11-23T00:08:00Z,2025-11-23T06:10:00Z,2025-11-23T03:11:12.822Z,corso_IoT,ESP_LEOPIZZI,Lecce,Stanza,0.12999999999999992,0.056666666666666705,0.9124242424242426,-2.276363636363636,-3.6124242424242423,0.5715151515151515,67.22727272727275,50,0,25.181818181818183,18.7
,,0,2025-11-23T00:08:00Z,2025-11-23T06:10:00Z,2025-11-23T03:12:13.155Z,corso_IoT,ESP_LEOPIZZI,Lecce,Stanza,0.12965517241379304,0.05637931034482759,0.9115517241379303,-2.2994827586206896,-3.5741379310344827,0.619310344827586,67.19999999999993,50,0,18.79310344827586,18.700000000000017
,,0,2025-11-23T00:08:00Z,2025-11-23T06:10:00Z,2025-11-23T03:13:13.488Z,corso_IoT,ESP_LEOPIZZI,Lecce,Stanza,0.07674999999999996,0.05700000000000003,0.9189999999999999,-2.62725,-1.8352499999999996,0.7485000000000002,67.17749999999998,47.5,0,15.525,18.70000000000001
,,0,2025-11-23T00:08:00Z,2025-11-23T06:10:00Z,2025-11-23T03:14:13.821Z,corso_IoT,ESP_LEOPIZZI,Lecce,Stanza,-0.08399999999999996,0.35509090909090896,0.6703636363636369,-1.7447272727272731,-3.829999999999999,0.6596363636363637,67.46000000000001,50,0,20.145454545454545,18.700000000000017
,,0,2025-11-23T00:08:00Z,2025-11-23T06:10:00Z,2025-11-23T03:15:14.154Z,corso_IoT,ESP_LEOPIZZI,Lecce,Stanza,-0.09015384615384607,0.35784615384615376,0.6689230769230776,-2.362923076923077,-3.629538461538461,0.6247692307692309,67.32923076923085,50,0,18.584615384615386,18.70000000000002
,,0,2025-11-23T00:08:00Z,2025-11-23T06:10:00Z,2025-11-23T03:16:14.487Z,corso_IoT,ESP_LEOPIZZI,Lecce,Stanza,-0.09418604651162793,0.35744186046511606,0.6674418604651166,-2.301395348837209,-3.5423255813953487,0.6176744186046513,67.30000000000004,50,0,28.186046511627907,18.70000000000001
,,0,2025-11-23T00:08:00Z,2025-11-23T06:10:00Z,2025-11-23T03:17:14.82Z,corso_IoT,ESP_LEOPIZZI,Lecce,Stanza,-0.09757575757575747,0.3592424242424239,0.668030303030304,-2.326060606060606,-3.608484848484847,0.624242424242424,67.30000000000008,50,0,22.560606060606062,18.70000000000002
,,0,2025-11-23T00:08:00Z,2025-11-23T06:10:00Z,2025-11-23T03:18:15.153Z,corso_IoT,ESP_LEOPIZZI,Lecce,Stanza,-0.09863013698630124,0.3591780821917805,0.6663013698630142,-2.3204109589041106,-3.584794520547946,0.5813698630136986,67.3000000000001,50,0,21.17808219178082,18.700000000000024
,,0,2025-11-23T00:08:00Z,2025-11-23T06:10:00Z,2025-11-23T03:19:15.486Z,corso_IoT,ESP_LEOPIZZI,Lecce,Stanza,-0.10068493150684926,0.36068493150684916,0.6623287671232876,-2.183698630136985,-3.5758904109589045,0.49191780821917785,67.3000000000001,50,0,18.82191780821918,18.700000000000024
,,0,2025-11-23T00:08:00Z,2025-11-23T06:10:00Z,2025-11-23T03:20:15.819Z,corso_IoT,ESP_LEOPIZZI,Lecce,Stanza,-0.11666666666666668,0.3711594202898552,0.6492753623188399,-2.309565217391304,-3.6449275362318834,0.5763768115942028,67.3000000000001,50,0,20.840579710144926,18.700000000000024
,,0,2025-11-23T00:08:00Z,2025-11-23T06:10:00Z,2025-11-23T03:21:16.152Z,corso_IoT,ESP_LEOPIZZI,Lecce,Stanza,-0.06226415094339627,0.36056603773584883,0.6524528301886787,-2.3198113207547175,-3.4047169811320743,0.5867924528301888,67.30377358490571,50,0,22.849056603773583,18.700000000000017
,,0,2025-11-23T00:08:00Z,2025-11-23T06:10:00Z,2025-11-23T03:22:16.485Z,corso_IoT,ESP_LEOPIZZI,Lecce,Stanza,-0.0627027027027027,0.36297297297297265,0.6490540540540537,-2.24,-3.2379729729729734,0.7617567567567568,67.16621621621624,50,0,24.10810810810811,18.667567567567566
,,0,2025-11-23T00:08:00Z,2025-11-23T06:10:00Z,2025-11-23T03:23:16.818Z,corso_IoT,ESP_LEOPIZZI,Lecce,Stanza,-0.09246575342465742,0.375753424657534,0.6373972602739731,-2.3153424657534254,-3.5446575342465754,0.6554794520547945,67.03698630136985,50,0,25.164383561643834,18.695890410958928
,,0,2025-11-23T00:08:00Z,2025-11-23T06:10:00Z,2025-11-23T03:24:17.151Z,corso_IoT,ESP_LEOPIZZI,Lecce,Stanza,-0.0935999999999999,0.3753333333333333,0.6380000000000005,-2.333333333333334,-3.562266666666666,0.6653333333333334,67.04133333333337,50,0,26.026666666666667,18.654666666666653
,,0,2025-11-23T00:08:00Z,2025-11-23T06:10:00Z,2025-11-23T03:25:17.484Z,corso_IoT,ESP_LEOPIZZI,Lecce,Stanza,-0.09459459459459449,0.37540540540540535,0.6385135135135138,-2.3216216216216212,-3.577837837837838,0.6671621621621623,67.10000000000001,50,0,22.675675675675677,18.599999999999987
,,0,2025-11-23T00:08:00Z,2025-11-23T06:10:00Z,2025-11-23T03:26:17.817Z,corso_IoT,ESP_LEOPIZZI,Lecce,Stanza,-0.09662162162162152,0.3766216216216216,0.637702702702703,-2.317567567567566,-3.6082432432432423,0.6621621621621623,67.09594594594596,50,0,21.283783783783782,18.599999999999987
,,0,2025-11-23T00:08:00Z,2025-11-23T06:10:00Z,2025-11-23T03:27:18.15Z,corso_IoT,ESP_LEOPIZZI,Lecce,Stanza,-0.09697368421052618,0.3760526315789473,0.6373684210526321,-2.315657894736842,-3.5763157894736866,0.6507894736842107,67.16315789473673,50,0,18,18.599999999999987
,,0,2025-11-23T00:08:00Z,2025-11-23T06:10:00Z,2025-11-23T03:28:18.483Z,corso_IoT,ESP_LEOPIZZI,Lecce,Stanza,-0.09743589743589731,0.3752564102564101,0.6387179487179492,-2.3539743589743596,-3.5751282051282054,0.6619230769230766,67.20384615384606,50,0,18.628205128205128,18.599999999999984
,,0,2025-11-23T00:08:00Z,2025-11-23T06:10:00Z,2025-11-23T03:29:18.816Z,corso_IoT,ESP_LEOPIZZI,Lecce,Stanza,-0.0951249999999999,0.38362500000000027,0.6249999999999994,-2.394874999999999,-3.6550000000000002,0.683375,67.2650000000001,50,0,20.9625,18.599999999999984
,,0,2025-11-23T00:08:00Z,2025-11-23T06:10:00Z,2025-11-23T03:30:19.149Z,corso_IoT,ESP_LEOPIZZI,Lecce,Stanza,-0.09453124999999993,0.3876562500000002,0.6174999999999997,-2.3557812499999997,-3.6028124999999993,0.6539062500000002,67.30000000000008,50,0,20.25,18.6
,,0,2025-11-23T00:08:00Z,2025-11-23T06:10:00Z,2025-11-23T03:31:19.482Z,corso_IoT,ESP_LEOPIZZI,Lecce,Stanza,-0.09444444444444434,0.38833333333333353,0.6177777777777773,-2.3106944444444437,-3.605555555555555,0.6411111111111111,67.3000000000001,50,0,21.944444444444443,18.59999999999999
,,0,2025-11-23T00:08:00Z,2025-11-23T06:10:00Z,2025-11-23T03:32:19.815Z,corso_IoT,ESP_LEOPIZZI,Lecce,Stanza,-0.09402597402597393,0.3890909090909094,0.6171428571428565,-2.325844155844155,-3.622207792207791,0.6518181818181819,67.3000000000001,50,0,17.649350649350648,18.646753246753274
,,0,2025-11-23T00:08:00Z,2025-11-23T06:10:00Z,2025-11-23T03:33:20.148Z,corso_IoT,ESP_LEOPIZZI,Lecce,Stanza,-0.09475409836065567,0.3885245901639347,0.6160655737704915,-2.322786885245901,-3.60672131147541,0.6560655737704917,67.30000000000008,50,0,19.37704918032787,18.6344262295082
,,0,2025-11-23T00:08:00Z,2025-11-23T06:10:00Z,2025-11-23T03:34:20.481Z,corso_IoT,ESP_LEOPIZZI,Lecce,Stanza,-0.09638888888888879,0.3887500000000003,0.6162499999999995,-2.2995833333333326,-3.571111111111111,0.6752777777777775,67.2958333333334,50,0,23.680555555555557,18.680555555555582
,,0,2025-11-23T00:08:00Z,2025-11-23T06:10:00Z,2025-11-23T03:35:20.814Z,corso_IoT,ESP_LEOPIZZI,Lecce,Stanza,-0.09624999999999996,0.3883333333333336,0.616875,-2.319583333333333,-3.626666666666667,0.6443749999999998,67.18749999999997,50,0,19.3125,18.700000000000014
,,0,2025-11-23T00:08:00Z,2025-11-23T06:10:00Z,2025-11-23T03:36:21.147Z,corso_IoT,ESP_LEOPIZZI,Lecce,Stanza,-0.09619718309859145,0.38873239436619744,0.6180281690140842,-2.3404225352112684,-3.590985915492957,0.6722535211267606,67.1,50,0,17.830985915492956,18.700000000000024
,,0,2025-11-23T00:08:00Z,2025-11-23T06:10:00Z,2025-11-23T03:37:21.48Z,corso_IoT,ESP_LEOPIZZI,Lecce,Stanza,-0.09666666666666655,0.38833333333333353,0.6189743589743584,-2.354743589743589,-3.65474358974359,0.6364102564102562,67.10000000000002,50,0,19.064102564102566,18.700000000000024
,,0,2025-11-23T00:08:00Z,2025-11-23T06:10:00Z,2025-11-23T03:38:21.813Z,corso_IoT,ESP_LEOPIZZI,Lecce,Stanza,-0.09717948717948706,0.38897435897435934,0.6179487179487173,-2.320897435897435,-3.655,0.6435897435897437,67.10384615384616,50,0,17.141025641025642,18.700000000000024
,,0,2025-11-23T00:08:00Z,2025-11-23T06:10:00Z,2025-11-23T03:39:22.146Z,corso_IoT,ESP_LEOPIZZI,Lecce,Stanza,-0.108,0.3896666666666667,0.616,-2.2634999999999996,-3.7058333333333335,0.6298333333333335,67.19166666666666,50,0,18.316666666666666,18.641666666666673
,,0,2025-11-23T00:08:00Z,2025-11-23T06:10:00Z,2025-11-23T03:40:22.479Z,corso_IoT,ESP_LEOPIZZI,Lecce,Stanza,-0.1334666666666667,0.39693333333333297,0.611733333333333,-2.3121333333333327,-3.626533333333332,0.6026666666666667,67.29600000000009,50,0,20.413333333333334,18.664000000000026
,,0,2025-11-23T00:08:00Z,2025-11-23T06:10:00Z,2025-11-23T03:41:22.812Z,corso_IoT,ESP_LEOPIZZI,Lecce,Stanza,-0.13972972972972977,0.3975675675675673,0.610135135135135,-2.3174324324324327,-3.6621621621621623,0.5941891891891895,67.25135135135145,50,0,25.2972972972973,18.62432432432431
,,0,2025-11-23T00:08:00Z,2025-11-23T06:10:00Z,2025-11-23T03:42:23.145Z,corso_IoT,ESP_LEOPIZZI,Lecce,Stanza,-0.14000000000000004,0.3989473684210521,0.6086842105263156,-2.3731578947368415,-3.6140789473684207,0.6085526315789476,67.3000000000001,50,0,19,18.599999999999987
,,0,2025-11-23T00:08:00Z,2025-11-23T06:10:00Z,2025-11-23T03:43:23.478Z,corso_IoT,ESP_LEOPIZZI,Lecce,Stanza,-0.14506666666666676,0.4014666666666664,0.6037333333333338,-2.500533333333333,-3.519066666666667,0.5888000000000001,67.3000000000001,50,0,22.28,18.599999999999987
,,0,2025-11-23T00:08:00Z,2025-11-23T06:10:00Z,2025-11-23T03:44:23.811Z,corso_IoT,ESP_LEOPIZZI,Lecce,Stanza,-0.1500000000000002,0.40333333333333304,0.5992000000000008,-2.326533333333334,-3.697333333333333,0.5794666666666668,67.3000000000001,50,0,20.14666666666667,18.644000000000027
,,0,2025-11-23T00:08:00Z,2025-11-23T06:10:00Z,2025-11-23T03:45:24.144Z,corso_IoT,ESP_LEOPIZZI,Lecce,Stanza,-0.15066666666666687,0.404133333333333,0.5978666666666675,-2.326933333333333,-3.6783999999999986,0.5858666666666668,67.3000000000001,50,0,19.6,18.688000000000017
,,0,2025-11-23T00:08:00Z,2025-11-23T06:10:00Z,2025-11-23T03:46:24.477Z,corso_IoT,ESP_LEOPIZZI,Lecce,Stanza,-0.15093333333333353,0.40346666666666636,0.5985333333333341,-2.3194666666666666,-3.679333333333333,0.5813333333333335,67.3000000000001,50,0,21.12,18.607999999999986
,,0,2025-11-23T00:08:00Z,2025-11-23T06:10:00Z,2025-11-23T03:47:24.81Z,corso_IoT,ESP_LEOPIZZI,Lecce,Stanza,-0.15105263157894755,0.4032894736842102,0.598552631578948,-2.322631578947369,-3.6413157894736834,0.5797368421052633,67.3000000000001,50,0,16.710526315789473,18.60394736842104
,,0,2025-11-23T00:08:00Z,2025-11-23T06:10:00Z,2025-11-23T03:48:25.143Z,corso_IoT,ESP_LEOPIZZI,Lecce,Stanza,-0.15157894736842126,0.40407894736842076,0.5988157894736851,-2.304605263157895,-3.6299999999999986,0.5668421052631576,67.3000000000001,50,0,20.223684210526315,18.599999999999987
,,0,2025-11-23T00:08:00Z,2025-11-23T06:10:00Z,2025-11-23T03:49:25.476Z,corso_IoT,ESP_LEOPIZZI,Lecce,Stanza,-0.05518518518518504,0.3785185185185188,0.6174074074074071,-2.5850617283950608,-3.898888888888888,0.6985185185185186,67.3000000000001,50,0,18.814814814814813,18.608641975308636
,,0,2025-11-23T00:08:00Z,2025-11-23T06:10:00Z,2025-11-23T03:50:25.809Z,corso_IoT,ESP_LEOPIZZI,Lecce,Stanza,-0.012500000000000008,0.36937500000000006,0.62375,-2.310937499999999,-3.672968749999999,0.5599999999999998,67.30000000000008,50,0,21.4375,18.690625000000022
,,0,2025-11-23T00:08:00Z,2025-11-23T06:10:00Z,2025-11-23T03:51:26.142Z,corso_IoT,ESP_LEOPIZZI,Lecce,Stanza,-0.011549295774647894,0.3692957746478875,0.622676056338028,-2.323943661971831,-3.662957746478873,0.5428169014084506,67.3000000000001,50,0,17.845070422535212,18.700000000000024
,,0,2025-11-23T00:08:00Z,2025-11-23T06:10:00Z,2025-11-23T03:52:26.475Z,corso_IoT,ESP_LEOPIZZI,Lecce,Stanza,-0.010129870129870136,0.36974025974026,0.6210389610389605,-2.3015584415584414,-3.686363636363636,0.5340259740259741,67.3000000000001,50,0,17.324675324675326,18.696103896103917
,,0,2025-11-23T00:08:00Z,2025-11-23T06:10:00Z,2025-11-23T03:53:26.808Z,corso_IoT,ESP_LEOPIZZI,Lecce,Stanza,-0.0428169014084507,0.3426760563380281,0.6471830985915491,-1.6254929577464798,-3.5757746478873242,0.3397183098591549,67.3000000000001,50,0,22.971830985915492,18.645070422535202
,,0,2025-11-23T00:08:00Z,2025-11-23T06:10:00Z,2025-11-23T03:54:27.141Z,corso_IoT,ESP_LEOPIZZI,Lecce,Stanza,-0.15024691358024658,0.13617283950617265,0.9269135802469128,-2.4206172839506177,-4.0650617283950625,0.6380246913580245,67.31851851851862,46.91358024691358,0,19.604938271604937,18.683950617283973
,,0,2025-11-23T00:08:00Z,2025-11-23T06:10:00Z,2025-11-23T03:55:27.474Z,corso_IoT,ESP_LEOPIZZI,Lecce,Stanza,-0.11533333333333344,0.11816666666666677,0.9394999999999991,-2.350666666666667,-3.671666666666665,0.6413333333333332,67.11666666666662,50,0,19.983333333333334,18.70000000000002
,,0,2025-11-23T00:08:00Z,2025-11-23T06:10:00Z,2025-11-23T03:56:27.807Z,corso_IoT,ESP_LEOPIZZI,Lecce,Stanza,-0.11178082191780835,0.11712328767123294,0.9399999999999993,-2.3563013698630133,-3.6641095890410953,0.634931506849315,67,50,0,21.36986301369863,18.700000000000024
,,0,2025-11-23T00:08:00Z,2025-11-23T06:10:00Z,2025-11-23T03:57:28.14Z,corso_IoT,ESP_LEOPIZZI,Lecce,Stanza,-0.11066666666666676,0.11700000000000009,0.9388333333333326,-2.3691666666666653,-3.622333333333334,0.6065,67.005,50,0,22.45,18.70000000000002
,,0,2025-11-23T00:08:00Z,2025-11-23T06:10:00Z,2025-11-23T03:58:28.473Z,corso_IoT,ESP_LEOPIZZI,Lecce,Stanza,-0.11013513513513526,0.11743243243243247,0.9393243243243234,-2.341351351351351,-3.626216216216215,0.5909459459459458,67.03513513513519,50,0,20.06756756756757,18.700000000000024
,,0,2025-11-23T00:08:00Z,2025-11-23T06:10:00Z,2025-11-23T03:59:28.806Z,corso_IoT,ESP_LEOPIZZI,Lecce,Stanza,-0.11012987012987023,0.11675324675324676,0.9396103896103888,-2.355844155844156,-3.6597402597402597,0.6097402597402599,67.10000000000002,50,0,20.337662337662337,18.69610389610392
,,0,2025-11-23T00:08:00Z,2025-11-23T06:10:00Z,2025-11-23T04:00:29.139Z,corso_IoT,ESP_LEOPIZZI,Lecce,Stanza,-0.1101785714285715,0.11857142857142865,0.9383928571428566,-2.355714285714286,-3.6960714285714293,0.6351785714285713,67.09999999999994,50,0,22.910714285714285,18.700000000000017
,,0,2025-11-23T00:08:00Z,2025-11-23T06:10:00Z,2025-11-23T04:01:29.472Z,corso_IoT,ESP_LEOPIZZI,Lecce,Stanza,-0.11015151515151526,0.11818181818181826,0.937727272727272,-2.3446969696969697,-3.6631818181818185,0.6136363636363638,67.10909090909084,50,0,19.71212121212121,18.69545454545456
,,0,2025-11-23T00:08:00Z,2025-11-23T06:10:00Z,2025-11-23T04:02:29.805Z,corso_IoT,ESP_LEOPIZZI,Lecce,Stanza,-0.10985074626865683,0.11820895522388068,0.9380597014925366,-2.3422388059701493,-3.610149253731344,0.6085074626865672,67.21492537313429,50,0,17.80597014925373,18.601492537313433
,,0,2025-11-23T00:08:00Z,2025-11-23T06:10:00Z,2025-11-23T04:03:30.138Z,corso_IoT,ESP_LEOPIZZI,Lecce,Stanza,-0.1101492537313434,0.11865671641791055,0.9373134328358205,-2.3534328358208954,-3.6177611940298506,0.6173134328358211,67.30000000000008,50,0,21.83582089552239,18.602985074626865
,,0,2025-11-23T00:08:00Z,2025-11-23T06:10:00Z,2025-11-23T04:04:30.471Z,corso_IoT,ESP_LEOPIZZI,Lecce,Stanza,-0.1098360655737706,0.11737704918032797,0.9377049180327861,-2.341311475409836,-3.6357377049180344,0.5975409836065576,67.31639344262301,50,0,22.770491803278688,18.600000000000005
,,0,2025-11-23T00:08:00Z,2025-11-23T06:10:00Z,2025-11-23T04:05:30.804Z,corso_IoT,ESP_LEOPIZZI,Lecce,Stanza,-0.10963636363636371,0.11890909090909099,0.937636363636363,-2.3254545454545448,-3.653454545454545,0.6450909090909089,67.40000000000006,50,0,18.90909090909091,18.600000000000016
,,0,2025-11-23T00:08:00Z,2025-11-23T06:10:00Z,2025-11-23T04:06:31.137Z,corso_IoT,ESP_LEOPIZZI,Lecce,Stanza,-0.10950000000000008,0.11933333333333343,0.9376666666666662,-2.3518333333333334,-3.612499999999999,0.623,67.40000000000006,50,0,19.533333333333335,18.60000000000001
,,0,2025-11-23T00:08:00Z,2025-11-23T06:10:00Z,2025-11-23T04:07:31.47Z,corso_IoT,ESP_LEOPIZZI,Lecce,Stanza,-0.10999999999999999,0.11875000000000009,0.93725,-2.3522499999999993,-3.61575,0.5912499999999998,67.39250000000004,50,0,20.525,18.600000000000016
,,0,2025-11-23T00:08:00Z,2025-11-23T06:10:00Z,2025-11-23T04:08:31.803Z,corso_IoT,ESP_LEOPIZZI,Lecce,Stanza,-0.10833333333333334,0.11875000000000004,0.9379166666666666,-2.3425000000000002,-3.7150000000000003,0.5441666666666667,67.40000000000002,50,0,23.291666666666668,18.60000000000001
,,0,2025-11-23T00:08:00Z,2025-11-23T06:10:00Z,2025-11-23T04:09:32.136Z,corso_IoT,ESP_LEOPIZZI,Lecce,Stanza,-0.11,0.11692307692307696,0.9365384615384618,-2.301923076923077,-3.6073076923076917,0.5711538461538462,67.40000000000003,50,0,22.76923076923077,18.60000000000001
,,0,2025-11-23T00:08:00Z,2025-11-23T06:10:00Z,2025-11-23T04:10:32.469Z,corso_IoT,ESP_LEOPIZZI,Lecce,Stanza,-0.10918032786885254,0.11819672131147552,0.9377049180327862,-2.288852459016394,-3.63655737704918,0.5785245901639345,67.49344262295082,50,0,22.19672131147541,18.600000000000005
,,0,2025-11-23T00:08:00Z,2025-11-23T06:10:00Z,2025-11-23T04:11:32.802Z,corso_IoT,ESP_LEOPIZZI,Lecce,Stanza,-0.10900000000000007,0.11916666666666677,0.9374999999999993,-2.3314999999999997,-3.6578333333333335,0.6053333333333335,67.505,50,0,18.05,18.59500000000001
,,0,2025-11-23T00:08:00Z,2025-11-23T06:10:00Z,2025-11-23T04:12:33.135Z,corso_IoT,ESP_LEOPIZZI,Lecce,Stanza,-0.13595238095238094,0.1304761904761904,0.9326190476190477,-1.989761904761904,-3.8511904761904763,0.49952380952380954,67.58809523809519,50,0,21.214285714285715,18.511904761904763
,,0,2025-11-23T00:08:00Z,2025-11-23T06:10:00Z,2025-11-23T04:13:33.468Z,corso_IoT,ESP_LEOPIZZI,Lecce,Stanza,-0.13785714285714273,0.1283928571428571,0.931785714285714,-2.362678571428572,-3.6108928571428556,0.5741071428571429,67.5946428571428,50,0,18.482142857142858,18.505357142857147
,,0,2025-11-23T00:08:00Z,2025-11-23T06:10:00Z,2025-11-23T04:14:33.801Z,corso_IoT,ESP_LEOPIZZI,Lecce,Stanza,-0.1377966101694914,0.12932203389830502,0.9333898305084743,-2.3457627118644067,-3.6796610169491526,0.5971186440677967,67.59491525423722,50,0,19.64406779661017,18.505084745762712
,,0,2025-11-23T00:08:00Z,2025-11-23T06:10:00Z,2025-11-23T04:15:34.134Z,corso_IoT,ESP_LEOPIZZI,Lecce,Stanza,-0.13860759493670893,0.1287341772151899,0.9307594936708866,-2.323164556962025,-3.6605063291139235,0.5796202531645569,67.60000000000004,50,0,18.645569620253166,18.5
,,0,2025-11-23T00:08:00Z,2025-11-23T06:10:00Z,2025-11-23T04:16:34.467Z,corso_IoT,ESP_LEOPIZZI,Lecce,Stanza,-0.13863013698630144,0.12890410958904114,0.9324657534246574,-2.326027397260274,-3.6527397260273964,0.6094520547945208,67.6232876712328,50,0,22.041095890410958,18.5
,,0,2025-11-23T00:08:00Z,2025-11-23T06:10:00Z,2025-11-23T04:17:34.8Z,corso_IoT,ESP_LEOPIZZI,Lecce,Stanza,-0.13800000000000004,0.12959999999999994,0.9347999999999999,-2.3135999999999997,-3.6595999999999997,0.6579999999999998,67.70000000000003,50,0,37.2,18.5
,,0,2025-11-23T00:08:00Z,2025-11-23T06:10:00Z,2025-11-23T04:18:35.133Z,corso_IoT,ESP_LEOPIZZI,Lecce,Stanza,-0.13833333333333336,0.1288888888888889,0.9320833333333332,-2.3447222222222215,-3.6812499999999986,0.5894444444444447,67.67916666666662,50,0,17.01388888888889,18.5
,,0,2025-11-23T00:08:00Z,2025-11-23T06:10:00Z,2025-11-23T04:19:35.466Z,corso_IoT,ESP_LEOPIZZI,Lecce,Stanza,-0.1379452054794521,0.12917808219178084,0.9319178082191781,-2.2987671232876705,-3.678904109589041,0.6064383561643838,67.53150684931506,50,0,22.561643835616437,18.573972602739715
,,0,2025-11-23T00:08:00Z,2025-11-23T06:10:00Z,2025-11-23T04:20:35.799Z,corso_IoT,ESP_LEOPIZZI,Lecce,Stanza,-0.13901408450704228,0.12929577464788736,0.9332394366197182,-2.3366197183098585,-3.6988732394366206,0.5884507042253523,67.52676056338032,50,0,24.577464788732396,18.573239436619726
,,0,2025-11-23T00:08:00Z,2025-11-23T06:10:00Z,2025-11-23T04:21:36.132Z,corso_IoT,ESP_LEOPIZZI,Lecce,Stanza,-0.13835820895522388,0.12925373134328358,0.9319402985074623,-2.32134328358209,-3.6365671641791035,0.5925373134328358,67.52537313432835,50,0,21.567164179104477,18.57462686567164
,,0,2025-11-23T00:08:00Z,2025-11-23T06:10:00Z,2025-11-23T04:22:36.465Z,corso_IoT,ESP_LEOPIZZI,Lecce,Stanza,-0.1392307692307693,0.1287179487179488,0.9317948717948722,-2.3374358974358973,-3.6726923076923073,0.6152564102564102,67.54999999999997,50,0,21.935897435897434,18.54999999999998
,,0,2025-11-23T00:08:00Z,2025-11-23T06:10:00Z,2025-11-23T04:23:36.798Z,corso_IoT,ESP_LEOPIZZI,Lecce,Stanza,-0.13807692307692315,0.1287179487179488,0.9324358974358977,-2.3479487179487175,-3.6869230769230783,0.5875641025641026,67.55384615384621,50,0,21.08974358974359,18.54615384615385
,,0,2025-11-23T00:08:00Z,2025-11-23T06:10:00Z,2025-11-23T04:24:37.131Z,corso_IoT,ESP_LEOPIZZI,Lecce,Stanza,-0.13858974358974366,0.12910256410256415,0.9311538461538464,-2.3038461538461528,-3.65948717948718,0.5942307692307692,67.65769230769224,50,0,19.76923076923077,18.5
,,0,2025-11-23T00:08:00Z,2025-11-23T06:10:00Z,2025-11-23T04:25:37.464Z,corso_IoT,ESP_LEOPIZZI,Lecce,Stanza,-0.1387179487179488,0.1288461538461539,0.9324358974358977,-2.3007692307692307,-3.681794871794872,0.5705128205128204,67.60384615384616,50,0,21.871794871794872,18.549999999999994
,,0,2025-11-23T00:08:00Z,2025-11-23T06:10:00Z,2025-11-23T04:26:37.797Z,corso_IoT,ESP_LEOPIZZI,Lecce,Stanza,-0.1392307692307693,0.12961538461538472,0.9319230769230773,-2.3084615384615383,-3.644999999999999,0.5997435897435897,67.5,50,0,20.935897435897434,18.599999999999984
,,0,2025-11-23T00:08:00Z,2025-11-23T06:10:00Z,2025-11-23T04:27:38.13Z,corso_IoT,ESP_LEOPIZZI,Lecce,Stanza,-0.13763888888888892,0.1290277777777778,0.9316666666666669,-2.350277777777777,-3.691249999999999,0.5730555555555555,67.54444444444448,50,0,19.25,18.55555555555556
,,0,2025-11-23T00:08:00Z,2025-11-23T06:10:00Z,2025-11-23T04:28:38.463Z,corso_IoT,ESP_LEOPIZZI,Lecce,Stanza,-0.13890410958904112,0.1294520547945206,0.9317808219178083,-2.3360273972602745,-3.647808219178083,0.5786301369863014,67.6041095890411,50,0,19.28767123287671,18.5
,,0,2025-11-23T00:08:00Z,2025-11-23T06:10:00Z,2025-11-23T04:29:38.796Z,corso_IoT,ESP_LEOPIZZI,Lecce,Stanza,-0.139367088607595,0.12949367088607608,0.9325316455696203,-2.343291139240505,-3.6824050632911396,0.6129113924050635,67.66835443037965,50,0,19.17721518987342,18.5
,,0,2025-11-23T00:08:00Z,2025-11-23T06:10:00Z,2025-11-23T04:30:39.129Z,corso_IoT,ESP_LEOPIZZI,Lecce,Stanza,-0.13935897435897443,0.12935897435897442,0.9314102564102569,-2.3117948717948713,-3.6667948717948726,0.5923076923076923,67.6730769230769,50,0,18.17948717948718,18.5
,,0,2025-11-23T00:08:00Z,2025-11-23T06:10:00Z,2025-11-23T04:31:39.462Z,corso_IoT,ESP_LEOPIZZI,Lecce,Stanza,-0.13945205479452058,0.12917808219178087,0.9321917808219176,-2.3219178082191783,-3.6276712328767116,0.5831506849315071,67.68767123287661,50,0,20.301369863013697,18.5
,,0,2025-11-23T00:08:00Z,2025-11-23T06:10:00Z,2025-11-23T04:32:39.795Z,corso_IoT,ESP_LEOPIZZI,Lecce,Stanza,-0.13935064935064942,0.128961038961039,0.9314285714285718,-2.3309090909090897,-3.6896103896103885,0.6166233766233766,67.6597402597403,50,0,19.649350649350648,18.540259740259717
,,0,2025-11-23T00:08:00Z,2025-11-23T06:10:00Z,2025-11-23T04:33:40.128Z,corso_IoT,ESP_LEOPIZZI,Lecce,Stanza,-0.1391025641025642,0.12935897435897445,0.9314102564102569,-2.3301282051282053,-3.6842307692307688,0.5593589743589741,67.56923076923083,50,0,21.615384615384617,18.56410256410257
,,0,2025-11-23T00:08:00Z,2025-11-23T06:10:00Z,2025-11-23T04:34:40.461Z,corso_IoT,ESP_LEOPIZZI,Lecce,Stanza,-0.13884057971014496,0.1292753623188406,0.930869565217391,-2.3340579710144924,-3.6572463768115937,0.587536231884058,67.66086956521731,50,0,17.855072463768117,18.5
,,0,2025-11-23T00:08:00Z,2025-11-23T06:10:00Z,2025-11-23T04:35:40.794Z,corso_IoT,ESP_LEOPIZZI,Lecce,Stanza,-0.13921052631578953,0.12907894736842113,0.931842105263158,-2.336052631578946,-3.6296052631578943,0.5646052631578946,67.71973684210523,50,0,19.05263157894737,18.5
,,0,2025-11-23T00:08:00Z,2025-11-23T06:10:00Z,2025-11-23T04:36:41.127Z,corso_IoT,ESP_LEOPIZZI,Lecce,Stanza,-0.1396153846153847,0.12935897435897445,0.9311538461538464,-2.3329487179487187,-3.7078205128205117,0.5521794871794872,67.76025641025652,50,0,19.897435897435898,18.5
,,0,2025-11-23T00:08:00Z,2025-11-23T06:10:00Z,2025-11-23T04:37:41.46Z,corso_IoT,ESP_LEOPIZZI,Lecce,Stanza,-0.139367088607595,0.12974683544303808,0.9310126582278484,-2.325949367088608,-3.659746835443036,0.540506329113924,67.78607594936715,50,0,17.60759493670886,18.5
,,0,2025-11-23T00:08:00Z,2025-11-23T06:10:00Z,2025-11-23T04:38:41.793Z,corso_IoT,ESP_LEOPIZZI,Lecce,Stanza,-0.13916666666666672,0.1294444444444445,0.9306944444444445,-2.350833333333333,-3.628194444444444,0.5876388888888887,67.79027777777787,50,0,21.59722222222222,18.490277777777784
,,0,2025-11-23T00:08:00Z,2025-11-23T06:10:00Z,2025-11-23T04:39:42.126Z,corso_IoT,ESP_LEOPIZZI,Lecce,Stanza,-0.13881578947368425,0.12934210526315795,0.9307894736842106,-2.3238157894736835,-3.6809210526315788,0.596842105263158,67.81184210526325,50,0,20.236842105263158,18.49342105263158
,,0,2025-11-23T00:08:00Z,2025-11-23T06:10:00Z,2025-11-23T04:40:42.459Z,corso_IoT,ESP_LEOPIZZI,Lecce,Stanza,-0.1393506493506494,0.12987012987012997,0.9315584415584418,-2.328961038961039,-3.677792207792207,0.5571428571428572,67.8000000000001,50,0,17.493506493506494,18.5
,,0,2025-11-23T00:08:00Z,2025-11-23T06:10:00Z,2025-11-23T04:41:42.792Z,corso_IoT,ESP_LEOPIZZI,Lecce,Stanza,-0.13974358974358983,0.1291025641025642,0.9310256410256414,-2.334358974358974,-3.6865384615384604,0.5644871794871796,67.76282051282048,50,0,19.17948717948718,18.5
,,0,2025-11-23T00:08:00Z,2025-11-23T06:10:00Z,2025-11-23T04:42:43.125Z,corso_IoT,ESP_LEOPIZZI,Lecce,Stanza,-0.13987012987012992,0.1300000000000001,0.9307792207792208,-2.2936363636363635,-3.6484415584415593,0.5651948051948052,67.6999999999999,50,0,18.558441558441558,18.5
,,0,2025-11-23T00:08:00Z,2025-11-23T06:10:00Z,2025-11-23T04:43:43.458Z,corso_IoT,ESP_LEOPIZZI,Lecce,Stanza,-0.1393150684931507,0.12917808219178087,0.9309589041095891,-2.34068493150685,-3.672602739726027,0.5765753424657533,67.72739726027397,50,0,20.534246575342465,18.5
,,0,2025-11-23T00:08:00Z,2025-11-23T06:10:00Z,2025-11-23T04:44:43.791Z,corso_IoT,ESP_LEOPIZZI,Lecce,Stanza,-0.139367088607595,0.12974683544303806,0.9310126582278484,-2.345822784810126,-3.7048101265822777,0.5527848101265824,67.71645569620243,50,0,16.70886075949367,18.5
,,0,2025-11-23T00:08:00Z,2025-11-23T06:10:00Z,2025-11-23T04:45:44.124Z,corso_IoT,ESP_LEOPIZZI,Lecce,Stanza,-0.1397402597402598,0.1292207792207793,0.9310389610389612,-2.345324675324674,-3.7040259740259747,0.5629870129870129,67.6999999999999,50,0,20.233766233766232,18.5
,,0,2025-11-23T00:08:00Z,2025-11-23T06:10:00Z,2025-11-23T04:46:44.457Z,corso_IoT,ESP_LEOPIZZI,Lecce,Stanza,-0.13910256410256416,0.12935897435897442,0.9317948717948724,-2.3089743589743583,-3.640897435897436,0.5499999999999999,67.65512820512825,50,0,19.012820512820515,18.5
,,0,2025-11-23T00:08:00Z,2025-11-23T06:10:00Z,2025-11-23T04:47:44.79Z,corso_IoT,ESP_LEOPIZZI,Lecce,Stanza,-0.13961038961038968,0.12935064935064947,0.9314285714285716,-2.324285714285713,-3.681948051948051,0.5706493506493506,67.55324675324681,50,0,18.2987012987013,18.54675324675325
,,0,2025-11-23T00:08:00Z,2025-11-23T06:10:00Z,2025-11-23T04:48:45.123Z,corso_IoT,ESP_LEOPIZZI,Lecce,Stanza,-0.1397260273972603,0.13000000000000006,0.9312328767123288,-2.351643835616438,-3.685342465753425,0.5699999999999998,67.60000000000001,50,0,19.904109589041095,18.5
,,0,2025-11-23T00:08:00Z,2025-11-23T06:10:00Z,2025-11-23T04:49:45.456Z,corso_IoT,ESP_LEOPIZZI,Lecce,Stanza,-0.1396052631578948,0.12973684210526318,0.9315789473684214,-2.289210526315789,-3.651842105263158,0.5190789473684211,67.60000000000002,50,0,19.644736842105264,18.5
,,0,2025-11-23T00:08:00Z,2025-11-23T06:10:00Z,2025-11-23T04:50:45.789Z,corso_IoT,ESP_LEOPIZZI,Lecce,Stanza,-0.13909090909090915,0.12961038961038968,0.9309090909090914,-2.325454545454545,-3.708441558441558,0.5687012987012987,67.60000000000004,50,0,21.805194805194805,18.5
,,0,2025-11-23T00:08:00Z,2025-11-23T06:10:00Z,2025-11-23T04:51:46.122Z,corso_IoT,ESP_LEOPIZZI,Lecce,Stanza,-0.13972222222222225,0.13000000000000003,0.9304166666666668,-2.347083333333333,-3.68222222222222,0.5705555555555557,67.60000000000001,50,0,18.72222222222222,18.5
,,0,2025-11-23T00:08:00Z,2025-11-23T06:10:00Z,2025-11-23T04:52:46.455Z,corso_IoT,ESP_LEOPIZZI,Lecce,Stanza,-0.13918032786885237,0.12999999999999992,0.9306557377049177,-2.29655737704918,-3.6916393442622946,0.5644262295081968,67.59999999999995,50,0,19.983606557377048,18.48524590163935
,,0,2025-11-23T00:08:00Z,2025-11-23T06:10:00Z,2025-11-23T04:53:46.788Z,corso_IoT,ESP_LEOPIZZI,Lecce,Stanza,-0.13999999999999996,0.12999999999999995,0.9312698412698409,-2.306666666666666,-3.6960317460317453,0.5544444444444443,67.63968253968247,50,0,19.11111111111111,18.411111111111108
,,0,2025-11-23T00:08:00Z,2025-11-23T06:10:00Z,2025-11-23T04:54:47.121Z,corso_IoT,ESP_LEOPIZZI,Lecce,Stanza,-0.1398507462686567,0.12955223880597014,0.9313432835820892,-2.300746268656717,-3.721044776119404,0.5691044776119404,67.68955223880589,50,0,20.671641791044777,18.400000000000002
,,0,2025-11-23T00:08:00Z,2025-11-23T06:10:00Z,2025-11-23T04:55:47.454Z,corso_IoT,ESP_LEOPIZZI,Lecce,Stanza,-0.13942857142857146,0.1298571428571429,0.9318571428571427,-2.329428571428572,-3.7051428571428575,0.5827142857142856,67.79142857142865,50,0,21.6,18.428571428571416
,,0,2025-11-23T00:08:00Z,2025-11-23T06:10:00Z,2025-11-23T04:56:47.787Z,corso_IoT,ESP_LEOPIZZI,Lecce,Stanza,-0.13930555555555557,0.12986111111111115,0.931111111111111,-2.3025000000000007,-3.6354166666666674,0.5340277777777778,67.69305555555553,50,0,21.09722222222222,18.50694444444444
,,0,2025-11-23T00:08:00Z,2025-11-23T06:10:00Z,2025-11-23T04:57:48.12Z,corso_IoT,ESP_LEOPIZZI,Lecce,Stanza,-0.13970149253731343,0.12940298507462683,0.9311940298507461,-2.307014925373134,-3.710298507462686,0.5891044776119402,67.52537313432838,50,0,19.865671641791046,18.574626865671654
,,0,2025-11-23T00:08:00Z,2025-11-23T06:10:00Z,2025-11-23T04:58:48.453Z,corso_IoT,ESP_LEOPIZZI,Lecce,Stanza,-0.13971830985915495,0.12957746478873242,0.9308450704225353,-2.352535211267606,-3.6745070422535218,0.5788732394366194,67.60000000000001,50,0,24.887323943661972,18.5
,,0,2025-11-23T00:08:00Z,2025-11-23T06:10:00Z,2025-11-23T04:59:48.786Z,corso_IoT,ESP_LEOPIZZI,Lecce,Stanza,-0.15340425531914895,0.14234042553191484,0.9214893617021278,-1.8697872340425534,-3.5914893617021284,0.5106382978723405,67.52978723404254,47.87234042553192,0,17.404255319148938,18.5
,,0,2025-11-23T00:08:00Z,2025-11-23T06:10:00Z,2025-11-23T05:00:49.119Z,corso_IoT,ESP_LEOPIZZI,Lecce,Stanza,-0.22127272727272743,0.19254545454545452,0.880363636363637,-2.2963636363636355,-3.6829090909090905,0.5469090909090907,67.59999999999994,50,0,21.581818181818182,18.5
,,0,2025-11-23T00:08:00Z,2025-11-23T06:10:00Z,2025-11-23T05:01:49.452Z,corso_IoT,ESP_LEOPIZZI,Lecce,Stanza,-0.22260273972602765,0.1952054794520546,0.8787671232876717,-2.3265753424657536,-3.683424657534248,0.5368493150684932,67.60000000000001,50,0,18.041095890410958,18.5
,,0,2025-11-23T00:08:00Z,2025-11-23T06:10:00Z,2025-11-23T05:02:49.785Z,corso_IoT,ESP_LEOPIZZI,Lecce,Stanza,-0.22328125000000026,0.19531249999999986,0.8789062500000006,-2.3082812500000003,-3.682187499999999,0.5724999999999999,67.57812499999994,50,0,20.171875,18.507812499999993
,,0,2025-11-23T00:08:00Z,2025-11-23T06:10:00Z,2025-11-23T05:03:50.118Z,corso_IoT,ESP_LEOPIZZI,Lecce,Stanza,-0.22588235294117656,0.19382352941176487,0.8773529411764706,-2.2352941176470593,-3.750588235294117,0.568529411764706,67.43823529411767,50,0,23.08823529411765,18.600000000000012
,,0,2025-11-23T00:08:00Z,2025-11-23T06:10:00Z,2025-11-23T05:04:50.451Z,corso_IoT,ESP_LEOPIZZI,Lecce,Stanza,-0.22615384615384643,0.19442307692307692,0.8786538461538468,-2.2982692307692316,-3.619615384615386,0.5415384615384616,67.37115384615393,50,0,21.403846153846153,18.600000000000016
,,0,2025-11-23T00:08:00Z,2025-11-23T06:10:00Z,2025-11-23T05:05:50.784Z,corso_IoT,ESP_LEOPIZZI,Lecce,Stanza,-0.22515151515151546,0.19530303030303017,0.8789393939393948,-2.285454545454545,-3.724545454545455,0.5701515151515154,67.30000000000008,50,0,19.09090909090909,18.599999999999998
,,0,2025-11-23T00:08:00Z,2025-11-23T06:10:00Z,2025-11-23T05:06:51.117Z,corso_IoT,ESP_LEOPIZZI,Lecce,Stanza,-0.22720588235294145,0.19558823529411748,0.8776470588235299,-2.2739705882352927,-3.687058823529413,0.5710294117647059,67.30000000000008,50,0,18.073529411764707,18.599999999999994
,,0,2025-11-23T00:08:00Z,2025-11-23T06:10:00Z,2025-11-23T05:07:51.45Z,corso_IoT,ESP_LEOPIZZI,Lecce,Stanza,-0.2272580645161293,0.19629032258064502,0.8783870967741939,-2.3027419354838705,-3.6964516129032257,0.5529032258064517,67.30000000000008,50,0,23.241935483870968,18.600000000000005
,,0,2025-11-23T00:08:00Z,2025-11-23T06:10:00Z,2025-11-23T05:08:51.783Z,corso_IoT,ESP_LEOPIZZI,Lecce,Stanza,-0.22838235294117679,0.19676470588235273,0.8789705882352948,-2.318676470588235,-3.697941176470589,0.5588235294117647,67.30000000000008,50,0,22.705882352941178,18.599999999999994
,,0,2025-11-23T00:08:00Z,2025-11-23T06:10:00Z,2025-11-23T05:09:52.116Z,corso_IoT,ESP_LEOPIZZI,Lecce,Stanza,-0.2282758620689658,0.1951724137931034,0.8781034482758625,-2.314999999999999,-3.6510344827586194,0.587758620689655,67.34655172413797,50,0,18.448275862068964,18.553448275862074
,,0,2025-11-23T00:08:00Z,2025-11-23T06:10:00Z,2025-11-23T05:10:52.449Z,corso_IoT,ESP_LEOPIZZI,Lecce,Stanza,-0.22761904761904783,0.19714285714285726,0.8780952380952384,-2.306190476190475,-3.678571428571428,0.5097619047619049,67.40476190476195,50,0,17.714285714285715,18.5
,,0,2025-11-23T00:08:00Z,2025-11-23T06:10:00Z,2025-11-23T05:11:52.782Z,corso_IoT,ESP_LEOPIZZI,Lecce,Stanza,-0.22789473684210526,0.1973684210526316,0.8778947368421054,-2.321052631578947,-3.6731578947368426,0.47631578947368425,67.46315789473685,50,0,26.42105263157895,18.531578947368427
,,0,2025-11-23T00:08:00Z,2025-11-23T06:10:00Z,2025-11-23T05:12:53.115Z,corso_IoT,ESP_LEOPIZZI,Lecce,Stanza,-0.22750000000000026,0.19767857142857134,0.8782142857142864,-2.313928571428572,-3.684285714285715,0.5175,67.3464285714286,50,0,21.714285714285715,18.553571428571438
,,0,2025-11-23T00:08:00Z,2025-11-23T06:10:00Z,2025-11-23T05:13:53.448Z,corso_IoT,ESP_LEOPIZZI,Lecce,Stanza,-0.2265625000000003,0.19890624999999984,0.8770312499999999,-2.34328125,-3.6857812500000007,0.5543749999999998,67.40468750000004,50,0,17.8125,18.5
,,0,2025-11-23T00:08:00Z,2025-11-23T06:10:00Z,2025-11-23T05:14:53.781Z,corso_IoT,ESP_LEOPIZZI,Lecce,Stanza,-0.22661016949152568,0.19864406779661006,0.8759322033898304,-2.3316949152542383,-3.728135593220339,0.5316949152542372,67.40508474576278,50,0,21.016949152542374,18.5
,,0,2025-11-23T00:08:00Z,2025-11-23T06:10:00Z,2025-11-23T05:15:54.114Z,corso_IoT,ESP_LEOPIZZI,Lecce,Stanza,-0.22646153846153877,0.1990769230769229,0.8760000000000001,-2.3110769230769237,-3.6781538461538457,0.5193846153846153,67.32153846153852,50,0,19.56923076923077,18.578461538461543
,,0,2025-11-23T00:08:00Z,2025-11-23T06:10:00Z,2025-11-23T05:16:54.447Z,corso_IoT,ESP_LEOPIZZI,Lecce,Stanza,-0.2271428571428572,0.19809523809523816,0.8742857142857141,-2.3338095238095233,-3.6038095238095234,0.54,67.3285714285714,50,0,32.333333333333336,18.571428571428577
,,0,2025-11-23T00:08:00Z,2025-11-23T06:10:00Z,2025-11-23T05:17:54.78Z,corso_IoT,ESP_LEOPIZZI,Lecce,Stanza,-0.2275000000000002,0.19909090909090912,0.8754545454545452,-2.327954545454546,-3.6779545454545444,0.5379545454545455,67.27272727272722,50,0,25.681818181818183,18.600000000000016
,,0,2025-11-23T00:08:00Z,2025-11-23T06:10:00Z,2025-11-23T05:18:55.113Z,corso_IoT,ESP_LEOPIZZI,Lecce,Stanza,-0.22596774193548416,0.19854838709677403,0.874516129032258,-2.381935483870967,-3.640645161290323,0.5437096774193548,67.2612903225807,50,0,22.693548387096776,18.59677419354839
,,0,2025-11-23T00:08:00Z,2025-11-23T06:10:00Z,2025-11-23T05:19:55.446Z,corso_IoT,ESP_LEOPIZZI,Lecce,Stanza,-0.22727272727272763,0.19969696969696954,0.8742424242424237,-2.324393939393939,-3.6945454545454544,0.557424242424242,67.33333333333337,50,0,20.227272727272727,18.54848484848485
,,0,2025-11-23T00:08:00Z,2025-11-23T06:10:00Z,2025-11-23T05:20:55.779Z,corso_IoT,ESP_LEOPIZZI,Lecce,Stanza,-0.22803571428571454,0.199642857142857,0.8758928571428573,-2.289464285714286,-3.7275,0.5253571428571427,67.34642857142863,50,0,19.892857142857142,18.553571428571438
,,0,2025-11-23T00:08:00Z,2025-11-23T06:10:00Z,2025-11-23T05:21:56.112Z,corso_IoT,ESP_LEOPIZZI,Lecce,Stanza,-0.11230769230769215,0.15876923076923094,0.8986153846153841,-2.6289230769230763,-4.027846153846151,0.6083076923076921,67.30615384615392,49.23076923076923,0,21.138461538461538,18.59384615384615
,,0,2025-11-23T00:08:00Z,2025-11-23T06:10:00Z,2025-11-23T05:22:56.445Z,corso_IoT,ESP_LEOPIZZI,Lecce,Stanza,-0.05473684210526315,0.1547368421052633,0.8970175438596488,-2.2457894736842103,-3.8491228070175434,0.5682456140350876,67.3789473684211,50,0,20.789473684210527,18.521052631578954
,,0,2025-11-23T00:08:00Z,2025-11-23T06:10:00Z,2025-11-23T05:23:56.778Z,corso_IoT,ESP_LEOPIZZI,Lecce,Stanza,-0.054651162790697684,0.1539534883720931,0.8948837209302325,-2.370930232558139,-3.6941860465116276,0.6139534883720932,67.39534883720935,50,0,18.767441860465116,18.504651162790697
,,0,2025-11-23T00:08:00Z,2025-11-23T06:10:00Z,2025-11-23T05:24:57.111Z,corso_IoT,ESP_LEOPIZZI,Lecce,Stanza,-0.052500000000000026,0.1552500000000001,0.8939999999999999,-2.35625,-3.7072499999999993,0.5545,67.30000000000003,50,0,21.275,18.600000000000016
,,0,2025-11-23T00:08:00Z,2025-11-23T06:10:00Z,2025-11-23T05:25:57.444Z,corso_IoT,ESP_LEOPIZZI,Lecce,Stanza,-0.0521621621621622,0.15459459459459463,0.8943243243243242,-2.3594594594594596,-3.6867567567567567,0.5883783783783784,67.2621621621622,50,0,22,18.594594594594607
,,0,2025-11-23T00:08:00Z,2025-11-23T06:10:00Z,2025-11-23T05:26:57.777Z,corso_IoT,ESP_LEOPIZZI,Lecce,Stanza,-0.05075000000000003,0.15600000000000008,0.893,-2.3459999999999996,-3.618750000000001,0.54425,67.38750000000003,50,0,19.1,18.512500000000003
,,0,2025-11-23T00:08:00Z,2025-11-23T06:10:00Z,2025-11-23T05:27:58.11Z,corso_IoT,ESP_LEOPIZZI,Lecce,Stanza,-0.050000000000000024,0.1551428571428572,0.8925714285714286,-2.346571428571429,-3.734,0.5602857142857144,67.35428571428572,50,0,23.82857142857143,18.54571428571429
,,0,2025-11-23T00:08:00Z,2025-11-23T06:10:00Z,2025-11-23T05:28:58.443Z,corso_IoT,ESP_LEOPIZZI,Lecce,Stanza,-0.04999999999999998,0.15620000000000012,0.8924000000000002,-2.3146000000000004,-3.6874000000000002,0.5725999999999999,67.40000000000005,50,0,20.2,18.5
,,0,2025-11-23T00:08:00Z,2025-11-23T06:10:00Z,2025-11-23T05:29:58.776Z,corso_IoT,ESP_LEOPIZZI,Lecce,Stanza,-0.04975000000000003,0.15600000000000008,0.8922500000000001,-2.3682500000000006,-3.6885000000000003,0.5899999999999997,67.40000000000005,50,0,19.3,18.4975
,,0,2025-11-23T00:08:00Z,2025-11-23T06:10:00Z,2025-11-23T05:30:59.109Z,corso_IoT,ESP_LEOPIZZI,Lecce,Stanza,-0.1494736842105264,0.1843859649122807,0.8800000000000004,-1.7894736842105259,-3.891754385964912,0.7017543859649121,67.40000000000006,49.12280701754386,0,23.43859649122807,18.49824561403509
,,0,2025-11-23T00:08:00Z,2025-11-23T06:10:00Z,2025-11-23T05:31:59.442Z,corso_IoT,ESP_LEOPIZZI,Lecce,Stanza,-0.16054054054054062,0.21405405405405442,0.855945945945946,-2.407297297297297,-3.7571621621621625,0.5167567567567568,67.41216216216219,50,0,19.04054054054054,18.42297297297298
,,0,2025-11-23T00:08:00Z,2025-11-23T06:10:00Z,2025-11-23T05:32:59.775Z,corso_IoT,ESP_LEOPIZZI,Lecce,Stanza,-0.1607407407407408,0.21777777777777774,0.855185185185185,-2.326666666666666,-3.7155555555555546,0.48370370370370375,67.46666666666667,50,0,24.444444444444443,18.485185185185188
,,0,2025-11-23T00:08:00Z,2025-11-23T06:10:00Z,2025-11-23T05:34:00.108Z,corso_IoT,ESP_LEOPIZZI,Lecce,Stanza,-0.16047619047619055,0.21809523809523815,0.8533333333333336,-2.313333333333332,-3.7604761904761905,0.5573809523809524,67.47857142857144,50,0,18.928571428571427,18.5
,,0,2025-11-23T00:08:00Z,2025-11-23T06:10:00Z,2025-11-23T05:35:00.441Z,corso_IoT,ESP_LEOPIZZI,Lecce,Stanza,-0.16000000000000006,0.2196428571428571,0.8539285714285715,-2.204642857142857,-3.819285714285715,0.5439285714285715,67.49285714285715,50,0,20.857142857142858,18.474999999999994
,,0,2025-11-23T00:08:00Z,2025-11-23T06:10:00Z,2025-11-23T05:36:00.774Z,corso_IoT,ESP_LEOPIZZI,Lecce,Stanza,-0.16254901960784318,0.2186274509803923,0.8525490196078437,-2.358823529411764,-3.677058823529411,0.5068627450980391,67.56078431372543,50,0,18.705882352941178,18.40196078431371
,,0,2025-11-23T00:08:00Z,2025-11-23T06:10:00Z,2025-11-23T05:37:01.107Z,corso_IoT,ESP_LEOPIZZI,Lecce,Stanza,-0.16119402985074635,0.2195522388059704,0.8520895522388064,-2.3564179104477607,-3.6877611940298505,0.5311940298507463,67.59999999999998,50,0,18.238805970149254,18.400000000000002
,,0,2025-11-23T00:08:00Z,2025-11-23T06:10:00Z,2025-11-23T05:38:01.44Z,corso_IoT,ESP_LEOPIZZI,Lecce,Stanza,-0.161219512195122,0.22,0.8517073170731713,-2.2895121951219513,-3.7897560975609754,0.5207317073170733,67.61219512195119,50,0,21.926829268292682,18.399999999999984
,,0,2025-11-23T00:08:00Z,2025-11-23T06:10:00Z,2025-11-23T05:39:01.773Z,corso_IoT,ESP_LEOPIZZI,Lecce,Stanza,-0.16333333333333336,0.21976190476190477,0.8504761904761909,-2.2966666666666673,-3.699047619047618,0.5128571428571428,67.59999999999995,50,0,21.857142857142858,18.399999999999984
,,0,2025-11-23T00:08:00Z,2025-11-23T06:10:00Z,2025-11-23T05:40:02.106Z,corso_IoT,ESP_LEOPIZZI,Lecce,Stanza,-0.16375000000000003,0.21982142857142875,0.8510714285714291,-2.406785714285714,-3.68392857142857,0.5223214285714287,67.62142857142852,50,0,21.785714285714285,18.399999999999984
,,0,2025-11-23T00:08:00Z,2025-11-23T06:10:00Z,2025-11-23T05:41:02.439Z,corso_IoT,ESP_LEOPIZZI,Lecce,Stanza,-0.1641379310344828,0.22000000000000017,0.8513793103448284,-2.334482758620689,-3.6918965517241373,0.5122413793103447,67.59999999999994,50,0,20.120689655172413,18.399999999999988
,,0,2025-11-23T00:08:00Z,2025-11-23T06:10:00Z,2025-11-23T05:42:02.772Z,corso_IoT,ESP_LEOPIZZI,Lecce,Stanza,-0.1644444444444445,0.2198611111111114,0.8511111111111117,-2.3373611111111097,-3.6937499999999996,0.5138888888888888,67.60000000000001,50,0,19.01388888888889,18.40000000000001
,,0,2025-11-23T00:08:00Z,2025-11-23T06:10:00Z,2025-11-23T05:43:03.105Z,corso_IoT,ESP_LEOPIZZI,Lecce,Stanza,-0.16482758620689658,0.22017241379310365,0.8513793103448282,-2.304482758620689,-3.703793103448276,0.5070689655172413,67.63793103448269,50,0,18.224137931034484,18.399999999999988
,,0,2025-11-23T00:08:00Z,2025-11-23T06:10:00Z,2025-11-23T05:44:03.438Z,corso_IoT,ESP_LEOPIZZI,Lecce,Stanza,-0.1658974358974359,0.22025641025641024,0.8512820512820519,-2.324615384615385,-3.662564102564102,0.5182051282051283,67.69230769230768,50,0,24.871794871794872,18.399999999999984
,,0,2025-11-23T00:08:00Z,2025-11-23T06:10:00Z,2025-11-23T05:45:03.771Z,corso_IoT,ESP_LEOPIZZI,Lecce,Stanza,-0.16549999999999998,0.22050000000000006,0.8515,-2.3979999999999997,-3.54,0.5385000000000002,67.63500000000002,50,0,29.6,18.399999999999995
,,0,2025-11-23T00:08:00Z,2025-11-23T06:10:00Z,2025-11-23T05:46:04.104Z,corso_IoT,ESP_LEOPIZZI,Lecce,Stanza,-0.16874999999999996,0.22,0.8525,-2.3441666666666663,-3.6758333333333333,0.5141666666666668,67.65833333333335,50,0,34.75,18.39999999999999
,,0,2025-11-23T00:08:00Z,2025-11-23T06:10:00Z,2025-11-23T05:47:04.437Z,corso_IoT,ESP_LEOPIZZI,Lecce,Stanza,-0.16606060606060605,0.22060606060606056,0.8506060606060609,-2.324242424242424,-3.6487878787878785,0.5333333333333333,67.73333333333332,50,0,18.87878787878788,18.34242424242424
,,0,2025-11-23T00:08:00Z,2025-11-23T06:10:00Z,2025-11-23T05:48:04.77Z,corso_IoT,ESP_LEOPIZZI,Lecce,Stanza,-0.16589743589743589,0.21999999999999995,0.850512820512821,-2.3187179487179486,-3.7558974358974355,0.5556410256410255,67.7589743589744,50,0,29.897435897435898,18.33076923076922
,,0,2025-11-23T00:08:00Z,2025-11-23T06:10:00Z,2025-11-23T05:49:05.103Z,corso_IoT,ESP_LEOPIZZI,Lecce,Stanza,-0.16636363636363635,0.22136363636363646,0.8502272727272733,-2.3109090909090915,-3.752272727272727,0.51,67.85454545454549,50,0,20.613636363636363,18.299999999999986
,,0,2025-11-23T00:08:00Z,2025-11-23T06:10:00Z,2025-11-23T05:50:05.436Z,corso_IoT,ESP_LEOPIZZI,Lecce,Stanza,-0.16732142857142857,0.22017857142857158,0.8494642857142863,-2.3387499999999997,-3.733928571428572,0.525,67.89642857142863,50,0,18.107142857142858,18.299999999999983
,,0,2025-11-23T00:08:00Z,2025-11-23T06:10:00Z,2025-11-23T05:51:05.769Z,corso_IoT,ESP_LEOPIZZI,Lecce,Stanza,-0.16695652173913042,0.22000000000000025,0.8504347826086964,-2.3278260869565224,-3.721159420289855,0.5385507246376813,67.84782608695663,50,0,21.246376811594203,18.299999999999976
,,0,2025-11-23T00:08:00Z,2025-11-23T06:10:00Z,2025-11-23T05:52:06.102Z,corso_IoT,ESP_LEOPIZZI,Lecce,Stanza,-0.16781249999999998,0.2204687500000002,0.8503125000000008,-2.328125000000001,-3.7260937499999995,0.5328124999999999,67.80937500000007,50,0,18.65625,18.29999999999998
,,0,2025-11-23T00:08:00Z,2025-11-23T06:10:00Z,2025-11-23T05:53:06.435Z,corso_IoT,ESP_LEOPIZZI,Lecce,Stanza,-0.16757575757575757,0.2204545454545457,0.8498484848484856,-2.3834848484848483,-3.725303030303031,0.5268181818181819,67.80909090909098,50,0,17.984848484848484,18.29999999999998
,,0,2025-11-23T00:08:00Z,2025-11-23T06:10:00Z,2025-11-23T05:54:06.768Z,corso_IoT,ESP_LEOPIZZI,Lecce,Stanza,-0.1657142857142857,0.22047619047619052,0.848095238095238,-2.3128571428571427,-3.7390476190476196,0.5361904761904761,67.80952380952378,50,0,28,18.300000000000004
,,0,2025-11-23T00:08:00Z,2025-11-23T06:10:00Z,2025-11-23T05:55:07.101Z,corso_IoT,ESP_LEOPIZZI,Lecce,Stanza,-0.14799999999999996,0.21233333333333343,0.8493333333333333,-3.267000000000001,-3.377333333333334,0.47066666666666673,67.80666666666664,48.333333333333336,0,22.233333333333334,18.343333333333327
,,0,2025-11-23T00:08:00Z,2025-11-23T06:10:00Z,2025-11-23T05:56:07.434Z,corso_IoT,ESP_LEOPIZZI,Lecce,Stanza,-0.1339473684210526,0.201842105263158,0.8626315789473681,-2.334736842105263,-3.6823684210526326,0.5413157894736842,67.80000000000001,50,0,25.07894736842105,18.328947368421048
,,0,2025-11-23T00:08:00Z,2025-11-23T06:10:00Z,2025-11-23T05:57:07.767Z,corso_IoT,ESP_LEOPIZZI,Lecce,Stanza,-0.13222222222222216,0.2011111111111112,0.8638888888888889,-2.3175000000000003,-3.7174999999999994,0.535,67.80000000000001,50,0,18.75,18.299999999999997
,,0,2025-11-23T00:08:00Z,2025-11-23T06:10:00Z,2025-11-23T05:58:08.1Z,corso_IoT,ESP_LEOPIZZI,Lecce,Stanza,-0.13323529411764706,0.20161764705882335,0.8642647058823523,-2.334558823529411,-3.6725000000000003,0.5314705882352941,67.80882352941182,50,0,18.264705882352942,18.29999999999998
,,0,2025-11-23T00:08:00Z,2025-11-23T06:10:00Z,2025-11-23T05:59:08.433Z,corso_IoT,ESP_LEOPIZZI,Lecce,Stanza,-0.13136363636363635,0.20151515151515137,0.8643939393939388,-2.3503030303030306,-3.6898484848484854,0.547121212121212,67.87272727272729,50,0,18.106060606060606,18.29999999999998
,,0,2025-11-23T00:08:00Z,2025-11-23T06:10:00Z,2025-11-23T06:00:08.766Z,corso_IoT,ESP_LEOPIZZI,Lecce,Stanza,-0.13159420289855076,0.20159420289855057,0.8637681159420284,-2.366086956521739,-3.6871014492753624,0.5536231884057972,67.81739130434791,50,0,19.217391304347824,18.315942028985486
,,0,2025-11-23T00:08:00Z,2025-11-23T06:10:00Z,2025-11-23T06:01:09.099Z,corso_IoT,ESP_LEOPIZZI,Lecce,Stanza,-0.13148648648648653,0.20121621621621602,0.863648648648648,-2.3256756756756753,-3.684324324324324,0.5674324324324326,67.8000000000001,50,0,18.324324324324323,18.304054054054028
,,0,2025-11-23T00:08:00Z,2025-11-23T06:10:00Z,2025-11-23T06:02:09.432Z,corso_IoT,ESP_LEOPIZZI,Lecce,Stanza,-0.1314084507042254,0.20169014084507034,0.8635211267605628,-2.332957746478873,-3.7038028169014097,0.521549295774648,67.8000000000001,50,0,23.985915492957748,18.361971830985926
,,0,2025-11-23T00:08:00Z,2025-11-23T06:10:00Z,2025-11-23T06:03:09.765Z,corso_IoT,ESP_LEOPIZZI,Lecce,Stanza,-0.13130434782608696,0.20144927536231869,0.8640579710144921,-2.307536231884058,-3.7042028985507245,0.5447826086956523,67.72173913043471,50,0,19.246376811594203,18.366666666666642
,,0,2025-11-23T00:08:00Z,2025-11-23T06:10:00Z,2025-11-23T06:04:10.098Z,corso_IoT,ESP_LEOPIZZI,Lecce,Stanza,-0.13159999999999997,0.20320000000000005,0.8623999999999999,-2.2728,-3.6852000000000005,0.5304,67.78399999999996,50,0,37.72,18.332000000000004
,,0,2025-11-23T00:08:00Z,2025-11-23T06:10:00Z,2025-11-23T06:05:10.431Z,corso_IoT,ESP_LEOPIZZI,Lecce,Stanza,-0.13108108108108102,0.20135135135135146,0.8637837837837837,-2.3462162162162166,-3.6451351351351344,0.5497297297297298,67.73783783783782,50,0,24.756756756756758,18.399999999999988
,,0,2025-11-23T00:08:00Z,2025-11-23T06:10:00Z,2025-11-23T06:06:10.764Z,corso_IoT,ESP_LEOPIZZI,Lecce,Stanza,-0.131639344262295,0.20163934426229502,0.863442622950819,-2.3304918032786883,-3.6860655737704917,0.5755737704918035,67.64098360655733,50,0,17.672131147540984,18.399999999999995
,,0,2025-11-23T00:08:00Z,2025-11-23T06:10:00Z,2025-11-23T06:07:11.097Z,corso_IoT,ESP_LEOPIZZI,Lecce,Stanza,-0.13105263157894728,0.20087719298245604,0.8629824561403502,-2.3501754385964913,-3.692280701754384,0.5535087719298246,67.59999999999994,50,0,18.36842105263158,18.387719298245596
,,0,2025-11-23T00:08:00Z,2025-11-23T06:10:00Z,2025-11-23T06:08:11.43Z,corso_IoT,ESP_LEOPIZZI,Lecce,Stanza,-0.13051282051282045,0.20051282051282063,0.8643589743589742,-2.3735897435897435,-3.6512820512820507,0.5553846153846155,67.69487179487179,50,0,22.153846153846153,18.39230769230768
,,0,2025-11-23T00:08:00Z,2025-11-23T06:10:00Z,2025-11-23T06:09:11.763Z,corso_IoT,ESP_LEOPIZZI,Lecce,Stanza,-0.13111111111111104,0.20148148148148157,0.8629629629629627,-2.346296296296297,-3.616296296296296,0.5222222222222221,67.65555555555555,50,0,21.74074074074074,18.39999999999999
,,0,2025-11-23T00:08:00Z,2025-11-23T06:10:00Z,2025-11-23T06:10:00Z,corso_IoT,ESP_LEOPIZZI,Lecce,Stanza,-0.13045454545454538,0.20204545454545464,0.8618181818181817,-2.3713636363636366,-3.666818181818181,0.5152272727272726,67.59999999999995,50,0,20.568181818181817,18.399999999999984

