#group,false,false,true,true,false,true,true,true,true,false,false,false,false,false,false,false,false,false,false,false
#datatype,string,long,dateTime:RFC3339,dateTime:RFC3339,dateTime:RFC3339,string,string,string,string,double,double,double,double,double,double,double,double,double,double,double
#default,mean,,,,,,,,,,,,,,,,,,,
,result,table,_start,_stop,_time,_measurement,host,location,room,accel_x,accel_y,accel_z,gyro_x,gyro_y,gyro_z,humidity,is_moving,light,mic,temperature
,,0,2025-11-12T00:10:00Z,2025-11-12T07:22:00Z,2025-11-12T00:10:48Z,corso_IoT,ESP_LEOPIZZI,Lecce,Stanza,-0.10411764705882352,0.00784313725490196,1.0054901960784315,-0.12431372549019615,-0.4933333333333331,-0.049999999999999996,66.88235294117642,4.901960784313726,0.8331372549019608,21.941176470588236,19.56470588235295
,,0,2025-11-12T00:10:00Z,2025-11-12T07:22:00Z,2025-11-12T00:12:00Z,corso_IoT,ESP_LEOPIZZI,Lecce,Stanza,0.013068181818181823,0.007840909090909095,1.0089772727272728,0.1967045454545454,-0.044090909090909076,-0.0035227272727272785,66.27727272727267,2.272727272727273,0,21.977272727272727,20.06136363636366
,,0,2025-11-12T00:10:00Z,2025-11-12T07:22:00Z,2025-11-12T00:13:12Z,corso_IoT,ESP_LEOPIZZI,Lecce,Stanza,-0.0017391304347826083,0.0008695652173913044,0.9989855072463767,0.025072463768115942,0.036376811594202904,0.018985507246376813,64.50000000000004,0,0,21.3768115942029,20.28985507246374
,,0,2025-11-12T00:10:00Z,2025-11-12T07:22:00Z,2025-11-12T00:14:24Z,corso_IoT,ESP_LEOPIZZI,Lecce,Stanza,0,0.0006349206349206349,0.9998412698412698,0.011269841269841275,-0.014761904761904768,0.02444444444444445,63.88730158730158,0,0,18.984126984126984,20.330158730158736
,,0,2025-11-12T00:10:00Z,2025-11-12T07:22:00Z,2025-11-12T00:15:36Z,corso_IoT,ESP_LEOPIZZI,Lecce,Stanza,-0.00025316455696202533,0.00012658227848101267,1,-0.013037974683544307,0.0001265822784810205,-0.0035443037974683548,63.54556962025315,0,0,17.89873417721519,20.400000000000023
,,0,2025-11-12T00:10:00Z,2025-11-12T07:22:00Z,2025-11-12T00:16:48Z,corso_IoT,ESP_LEOPIZZI,Lecce,Stanza,-0.0002,0.0002,0.9998,-0.031799999999999995,0.0016000000000000053,0.014199999999999999,63.36000000000006,0,0,21.58,20.399999999999984
,,0,2025-11-12T00:10:00Z,2025-11-12T07:22:00Z,2025-11-12T00:18:00Z,corso_IoT,ESP_LEOPIZZI,Lecce,Stanza,0,0,0.9997826086956522,-0.02086956521739132,-0.015652173913043476,0.00043478260869565046,63.27391304347826,0,0,15.108695652173912,20.399999999999984
,,0,2025-11-12T00:10:00Z,2025-11-12T07:22:00Z,2025-11-12T00:19:12Z,corso_IoT,ESP_LEOPIZZI,Lecce,Stanza,0.000425531914893617,0.0002127659574468085,1.0017021276595743,-0.004255319148936177,0.0006382978723404275,0.00574468085106383,62.92553191489367,0,0,15.829787234042554,20.49148936170213
,,0,2025-11-12T00:10:00Z,2025-11-12T07:22:00Z,2025-11-12T00:20:24Z,corso_IoT,ESP_LEOPIZZI,Lecce,Stanza,0.0006837606837606838,0.0002564102564102564,0.9996581196581195,0.009487179487179484,-0.01769230769230769,-0.03393162393162392,62.79743589743594,0,0,15.649572649572649,20.5
,,0,2025-11-12T00:10:00Z,2025-11-12T07:22:00Z,2025-11-12T00:21:36Z,corso_IoT,ESP_LEOPIZZI,Lecce,Stanza,0.001327433628318584,0.0005309734513274337,0.9992035398230087,0.036194690265486704,-0.01424778761061947,-0.016371681415929203,62.65840707964607,0,0,13.955752212389381,20.508849557522115
,,0,2025-11-12T00:10:00Z,2025-11-12T07:22:00Z,2025-11-12T00:22:48Z,corso_IoT,ESP_LEOPIZZI,Lecce,Stanza,0.0018181818181818184,0.00010101010101010101,0.9999999999999999,0.05090909090909091,-0.01969696969696968,0.012222222222222226,62.541414141414066,0,0,13.868686868686869,20.53434343434341
,,0,2025-11-12T00:10:00Z,2025-11-12T07:22:00Z,2025-11-12T00:24:00Z,corso_IoT,ESP_LEOPIZZI,Lecce,Stanza,0.0026086956521739137,0.0003260869565217391,0.9982608695652171,0.032717391304347816,-0.00652173913043478,-0.03869565217391305,62.31630434782619,0,0,14.858695652173912,20.59673913043475
,,0,2025-11-12T00:10:00Z,2025-11-12T07:22:00Z,2025-11-12T00:25:12Z,corso_IoT,ESP_LEOPIZZI,Lecce,Stanza,0.002500000000000001,0.0008333333333333334,0.9991666666666665,0.02499999999999999,-0.050833333333333335,-0.03468749999999999,62.232291666666534,0,0,12.8125,20.599999999999962
,,0,2025-11-12T00:10:00Z,2025-11-12T07:22:00Z,2025-11-12T00:26:24Z,corso_IoT,ESP_LEOPIZZI,Lecce,Stanza,0.0033673469387755115,0.0008163265306122449,0.9987755102040814,0.0176530612244898,-0.026020408163265295,-0.021122448979591837,62.114285714285785,0,0,13.979591836734693,20.62448979591836
,,0,2025-11-12T00:10:00Z,2025-11-12T07:22:00Z,2025-11-12T00:27:36Z,corso_IoT,ESP_LEOPIZZI,Lecce,Stanza,0.0026530612244897965,0.0006122448979591838,0.999591836734694,-0.027142857142857153,-0.05765306122448981,-0.04071428571428571,62.006122448979596,0,0,13.183673469387756,20.70000000000003
,,0,2025-11-12T00:10:00Z,2025-11-12T07:22:00Z,2025-11-12T00:28:48Z,corso_IoT,ESP_LEOPIZZI,Lecce,Stanza,0.0035106382978723418,0.00031914893617021275,0.999042553191489,0.03202127659574468,-0.04414893617021276,-0.025425531914893613,62,0,0,12.829787234042554,20.70000000000003
,,0,2025-11-12T00:10:00Z,2025-11-12T07:22:00Z,2025-11-12T00:30:00Z,corso_IoT,ESP_LEOPIZZI,Lecce,Stanza,0.00316326530612245,0.0008163265306122449,0.9991836734693875,0.021326530612244893,-0.07122448979591839,-0.025918367346938767,61.90714285714278,0,0,13.612244897959183,20.70000000000003
,,0,2025-11-12T00:10:00Z,2025-11-12T07:22:00Z,2025-11-12T00:31:12Z,corso_IoT,ESP_LEOPIZZI,Lecce,Stanza,0.0029166666666666677,0.0008333333333333334,0.9979166666666663,0.026458333333333323,-0.06927083333333332,-0.06031249999999999,61.85625000000011,0,0,13.708333333333334,20.70000000000003
,,0,2025-11-12T00:10:00Z,2025-11-12T07:22:00Z,2025-11-12T00:32:24Z,corso_IoT,ESP_LEOPIZZI,Lecce,Stanza,0.003195876288659795,0.0005154639175257732,0.9996907216494845,0.024432989690721645,-0.0420618556701031,-0.04515463917525774,61.800000000000104,0,0,13.938144329896907,20.70000000000003
,,0,2025-11-12T00:10:00Z,2025-11-12T07:22:00Z,2025-11-12T00:33:36Z,corso_IoT,ESP_LEOPIZZI,Lecce,Stanza,0.002828282828282829,0.00040404040404040404,0.9991919191919192,0.022121212121212114,-0.030404040404040406,-0.06070707070707069,61.74646464646456,0,0,14.646464646464647,20.753535353535337
,,0,2025-11-12T00:10:00Z,2025-11-12T07:22:00Z,2025-11-12T00:34:48Z,corso_IoT,ESP_LEOPIZZI,Lecce,Stanza,0.0031313131313131324,0.0009090909090909091,0.9989898989898989,0.02616161616161615,-0.06353535353535353,-0.03555555555555556,61.6686868686869,0,0,13.575757575757576,20.796969696969665
,,0,2025-11-12T00:10:00Z,2025-11-12T07:22:00Z,2025-11-12T00:36:00Z,corso_IoT,ESP_LEOPIZZI,Lecce,Stanza,0.002589285714285715,0.0010714285714285713,0.9991964285714285,0.02366071428571428,-0.05964285714285714,-0.054285714285714305,61.54374999999998,0,0,13.616071428571429,20.799999999999994
,,0,2025-11-12T00:10:00Z,2025-11-12T07:22:00Z,2025-11-12T00:37:12Z,corso_IoT,ESP_LEOPIZZI,Lecce,Stanza,0.0024545454545454553,0.0005454545454545455,0.999090909090909,-0.005636363636363637,-0.05763636363636366,-0.07118181818181818,61.4990909090909,0,0,15.672727272727272,20.79999999999999
,,0,2025-11-12T00:10:00Z,2025-11-12T07:22:00Z,2025-11-12T00:38:24Z,corso_IoT,ESP_LEOPIZZI,Lecce,Stanza,0.002500000000000001,0.000982142857142857,0.9994642857142856,0.02544642857142858,-0.07151785714285712,-0.09008928571428568,61.399999999999885,0,0,13.553571428571429,20.799999999999994
,,0,2025-11-12T00:10:00Z,2025-11-12T07:22:00Z,2025-11-12T00:39:36Z,corso_IoT,ESP_LEOPIZZI,Lecce,Stanza,0.0025000000000000005,0.0009259259259259259,0.9991666666666666,0.029999999999999995,-0.08185185185185186,-0.05796296296296296,61.35925925925936,0,0,13.787037037037036,20.87870370370374
,,0,2025-11-12T00:10:00Z,2025-11-12T07:22:00Z,2025-11-12T00:40:48Z,corso_IoT,ESP_LEOPIZZI,Lecce,Stanza,0.0021100917431192668,0.0014678899082568807,0.9994495412844037,0.029266055045871556,-0.1251376146788991,-0.06128440366972474,61.30000000000012,0,0,13.963302752293577,20.90000000000004
,,0,2025-11-12T00:10:00Z,2025-11-12T07:22:00Z,2025-11-12T00:42:00Z,corso_IoT,ESP_LEOPIZZI,Lecce,Stanza,0.0015887850467289721,0.0008411214953271028,0.9996261682242991,0.043551401869158866,-0.08598130841121496,-0.06233644859813083,61.287850467289786,0,0,14,20.90000000000004
,,0,2025-11-12T00:10:00Z,2025-11-12T07:22:00Z,2025-11-12T00:43:12Z,corso_IoT,ESP_LEOPIZZI,Lecce,Stanza,0.0016363636363636365,0.0018181818181818186,0.9994545454545456,0.01527272727272727,-0.09690909090909093,-0.07227272727272728,61.19999999999988,0,0,13.363636363636363,20.90000000000004
,,0,2025-11-12T00:10:00Z,2025-11-12T07:22:00Z,2025-11-12T00:44:24Z,corso_IoT,ESP_LEOPIZZI,Lecce,Stanza,0.001559633027522936,0.0011926605504587154,0.9998165137614682,0.04697247706422017,-0.12256880733944954,-0.08055045871559638,61.17889908256875,0,0,15.174311926605505,20.90000000000004
,,0,2025-11-12T00:10:00Z,2025-11-12T07:22:00Z,2025-11-12T00:45:36Z,corso_IoT,ESP_LEOPIZZI,Lecce,Stanza,0.0014678899082568807,0.0014678899082568807,0.9996330275229356,0.012568807339449544,-0.11550458715596326,-0.07834862385321105,61.12385321100929,0,0,15,20.90000000000004
,,0,2025-11-12T00:10:00Z,2025-11-12T07:22:00Z,2025-11-12T00:46:48Z,corso_IoT,ESP_LEOPIZZI,Lecce,Stanza,0.001171171171171171,0.0009009009009009008,0.9996396396396398,0.01315315315315315,-0.1136036036036036,-0.08738738738738736,61.1000000000001,0,0,14.108108108108109,20.90000000000004
,,0,2025-11-12T00:10:00Z,2025-11-12T07:22:00Z,2025-11-12T00:48:00Z,corso_IoT,ESP_LEOPIZZI,Lecce,Stanza,0.0009259259259259259,0.0012962962962962963,0.9999999999999999,0.027499999999999993,-0.13638888888888887,-0.1006481481481482,61.093518518518586,0,0,13.435185185185185,20.90000000000004
,,0,2025-11-12T00:10:00Z,2025-11-12T07:22:00Z,2025-11-12T00:49:12Z,corso_IoT,ESP_LEOPIZZI,Lecce,Stanza,0.0011607142857142855,0.0018750000000000004,1.0004464285714287,0.04294642857142857,-0.1795535714285714,-0.0944642857142857,61.08214285714293,0,0,13.223214285714286,20.90000000000004
,,0,2025-11-12T00:10:00Z,2025-11-12T07:22:00Z,2025-11-12T00:50:24Z,corso_IoT,ESP_LEOPIZZI,Lecce,Stanza,0.0008256880733944953,0.0023853211009174317,1.0001834862385321,0.055963302752293574,-0.11715596330275233,-0.11513761467889908,61.03394495412852,0,0,14.559633027522937,20.919266055045895
,,0,2025-11-12T00:10:00Z,2025-11-12T07:22:00Z,2025-11-12T00:51:36Z,corso_IoT,ESP_LEOPIZZI,Lecce,Stanza,0.0006306306306306307,0.0015315315315315317,0.999189189189189,0.03594594594594594,-0.14207207207207212,-0.12324324324324328,61,0,0,14.441441441441441,20.982882882882897
,,0,2025-11-12T00:10:00Z,2025-11-12T07:22:00Z,2025-11-12T00:52:48Z,corso_IoT,ESP_LEOPIZZI,Lecce,Stanza,0.0011009174311926604,0.0019266055045871564,1,0.0465137614678899,-0.17981651376146782,-0.09596330275229355,61,0,0,14.63302752293578,21
,,0,2025-11-12T00:10:00Z,2025-11-12T07:22:00Z,2025-11-12T00:54:00Z,corso_IoT,ESP_LEOPIZZI,Lecce,Stanza,0.00038095238095238096,0.0027619047619047627,0.9996190476190477,0.036285714285714275,-0.1875238095238094,-0.1000952380952381,61,0,0,12.314285714285715,21
,,0,2025-11-12T00:10:00Z,2025-11-12T07:22:00Z,2025-11-12T00:55:12Z,corso_IoT,ESP_LEOPIZZI,Lecce,Stanza,0.0006930693069306931,0.002277227722772278,0.9991089108910891,0.043663366336633654,-0.1857425742574258,-0.11782178217821784,60.931683168316745,0,0,13.138613861386139,21
,,0,2025-11-12T00:10:00Z,2025-11-12T07:22:00Z,2025-11-12T00:56:24Z,corso_IoT,ESP_LEOPIZZI,Lecce,Stanza,0.00039603960396039607,0.0017821782178217825,0.9999999999999999,0.014158415841584155,-0.1741584158415841,-0.12990099009900988,60.917821782178144,0,0,13.277227722772277,21
,,0,2025-11-12T00:10:00Z,2025-11-12T07:22:00Z,2025-11-12T00:57:36Z,corso_IoT,ESP_LEOPIZZI,Lecce,Stanza,0.0005660377358490566,0.0018867924528301891,0.9993396226415093,0.017358490566037738,-0.21433962264150946,-0.11999999999999995,60.94339622641504,0,0,13.358490566037736,21
,,0,2025-11-12T00:10:00Z,2025-11-12T07:22:00Z,2025-11-12T00:58:48Z,corso_IoT,ESP_LEOPIZZI,Lecce,Stanza,0.000967741935483871,0.0033333333333333344,0.9989247311827955,0.08784946236559142,-0.20193548387096782,-0.11268817204301075,60.90322580645155,0,0,15.763440860215054,21
,,0,2025-11-12T00:10:00Z,2025-11-12T07:22:00Z,2025-11-12T01:00:00Z,corso_IoT,ESP_LEOPIZZI,Lecce,Stanza,0.0015662650602409635,0.004457831325301207,0.9978313253012049,0.04867469879518072,-0.21180722891566264,-0.1271084337349398,60.899999999999984,0,0,14.228915662650602,21
,,0,2025-11-12T00:10:00Z,2025-11-12T07:22:00Z,2025-11-12T01:01:12Z,corso_IoT,ESP_LEOPIZZI,Lecce,Stanza,0.020721649484536094,0.003505154639175259,1.005051546391752,0.006185567010309274,-0.22742268041237115,-0.15206185567010308,60.849484536082585,3.0927835051546393,0,13.608247422680412,21
,,0,2025-11-12T00:10:00Z,2025-11-12T07:22:00Z,2025-11-12T01:02:24Z,corso_IoT,ESP_LEOPIZZI,Lecce,Stanza,0.02402597402597404,0.0014285714285714284,0.9941558441558439,0.03740259740259741,-0.24779220779220787,-0.1238961038961039,60.80909090909098,0,0,13.454545454545455,21
,,0,2025-11-12T00:10:00Z,2025-11-12T07:22:00Z,2025-11-12T01:03:36Z,corso_IoT,ESP_LEOPIZZI,Lecce,Stanza,0.0255421686746988,0.0015662650602409635,0.994457831325301,0.020240963855421682,-0.24120481927710838,-0.14746987951807228,60.8879518072289,0,0,15.493975903614459,21
,,0,2025-11-12T00:10:00Z,2025-11-12T07:22:00Z,2025-11-12T01:04:48Z,corso_IoT,ESP_LEOPIZZI,Lecce,Stanza,0.02504504504504503,0.0019819819819819817,0.9944144144144134,0.021261261261261256,-0.29108108108108116,-0.13126126126126125,60.8999999999999,0.45045045045045046,0,14.846846846846846,21
,,0,2025-11-12T00:10:00Z,2025-11-12T07:22:00Z,2025-11-12T01:06:00Z,corso_IoT,ESP_LEOPIZZI,Lecce,Stanza,0.11846153846153844,-0.12794871794871812,1.7217948717948741,1.0697435897435903,-2.3629487179487163,-0.5367948717948723,60.90000000000001,43.58974358974359,0,35.1025641025641,21
,,0,2025-11-12T00:10:00Z,2025-11-12T07:22:00Z,2025-11-12T01:07:12Z,corso_IoT,ESP_LEOPIZZI,Lecce,Stanza,0.14000000000000018,-0.15000000000000024,1.8400000000000027,1.150000000000002,-2.439999999999998,-0.7100000000000001,60.75050505050494,50,0,19.31313131313131,21.080808080808044
,,0,2025-11-12T00:10:00Z,2025-11-12T07:22:00Z,2025-11-12T01:08:24Z,corso_IoT,ESP_LEOPIZZI,Lecce,Stanza,0.1400000000000002,-0.15000000000000024,1.840000000000003,1.1500000000000021,-2.439999999999998,-0.7099999999999997,60.69999999999989,50,0,14.523809523809524,21.099999999999962
,,0,2025-11-12T00:10:00Z,2025-11-12T07:22:00Z,2025-11-12T01:09:36Z,corso_IoT,ESP_LEOPIZZI,Lecce,Stanza,0.14000000000000018,-0.15000000000000024,1.840000000000003,1.1500000000000021,-2.439999999999998,-0.7099999999999999,60.69611650485425,50,0,17.058252427184467,21.099999999999962
,,0,2025-11-12T00:10:00Z,2025-11-12T07:22:00Z,2025-11-12T01:10:48Z,corso_IoT,ESP_LEOPIZZI,Lecce,Stanza,0.1400000000000002,-0.15000000000000024,1.840000000000003,1.1500000000000021,-2.439999999999998,-0.7099999999999997,60.69999999999989,50,0,15.742857142857142,21.178095238095253
,,0,2025-11-12T00:10:00Z,2025-11-12T07:22:00Z,2025-11-12T01:12:00Z,corso_IoT,ESP_LEOPIZZI,Lecce,Stanza,0.1400000000000002,-0.15000000000000022,1.840000000000003,1.1500000000000024,-2.439999999999998,-0.7099999999999995,60.69999999999988,50,0,15.963302752293577,21.197247706422026
,,0,2025-11-12T00:10:00Z,2025-11-12T07:22:00Z,2025-11-12T01:13:12Z,corso_IoT,ESP_LEOPIZZI,Lecce,Stanza,0.1400000000000002,-0.15000000000000022,1.840000000000003,1.1500000000000024,-2.439999999999998,-0.7099999999999995,60.69999999999988,50,0,15.38888888888889,21.193518518518527
,,0,2025-11-12T00:10:00Z,2025-11-12T07:22:00Z,2025-11-12T01:14:24Z,corso_IoT,ESP_LEOPIZZI,Lecce,Stanza,0.1400000000000002,-0.15000000000000024,1.840000000000003,1.1500000000000021,-2.439999999999998,-0.7099999999999996,60.69999999999989,50,0,14.934579439252337,21.20000000000001
,,0,2025-11-12T00:10:00Z,2025-11-12T07:22:00Z,2025-11-12T01:15:36Z,corso_IoT,ESP_LEOPIZZI,Lecce,Stanza,0.1400000000000002,-0.1500000000000002,1.840000000000003,1.1500000000000024,-2.439999999999998,-0.7099999999999994,60.68108108108107,50,0,15.927927927927929,21.200000000000003
,,0,2025-11-12T00:10:00Z,2025-11-12T07:22:00Z,2025-11-12T01:16:48Z,corso_IoT,ESP_LEOPIZZI,Lecce,Stanza,0.14000000000000024,-0.15000000000000016,1.840000000000003,1.1500000000000024,-2.439999999999998,-0.7099999999999993,60.60000000000011,50,0,17.256637168141594,21.2
,,0,2025-11-12T00:10:00Z,2025-11-12T07:22:00Z,2025-11-12T01:18:00Z,corso_IoT,ESP_LEOPIZZI,Lecce,Stanza,0.1400000000000002,-0.1500000000000002,1.840000000000003,1.1500000000000024,-2.439999999999998,-0.7099999999999994,60.6000000000001,50,0,16.081818181818182,21.200000000000003
,,0,2025-11-12T00:10:00Z,2025-11-12T07:22:00Z,2025-11-12T01:19:12Z,corso_IoT,ESP_LEOPIZZI,Lecce,Stanza,0.1400000000000002,-0.15000000000000022,1.840000000000003,1.1500000000000024,-2.439999999999998,-0.7099999999999995,60.60648148148154,50,0,14.453703703703704,21.200000000000006
,,0,2025-11-12T00:10:00Z,2025-11-12T07:22:00Z,2025-11-12T01:20:24Z,corso_IoT,ESP_LEOPIZZI,Lecce,Stanza,0.1400000000000002,-0.15000000000000024,1.840000000000003,1.1500000000000021,-2.439999999999998,-0.7099999999999996,60.67663551401857,50,0,15.728971962616823,21.20000000000001
,,0,2025-11-12T00:10:00Z,2025-11-12T07:22:00Z,2025-11-12T01:21:36Z,corso_IoT,ESP_LEOPIZZI,Lecce,Stanza,0.1400000000000002,-0.15000000000000016,1.840000000000003,1.1500000000000024,-2.439999999999998,-0.7099999999999993,60.7357142857143,50,0,15.142857142857142,21.2
,,0,2025-11-12T00:10:00Z,2025-11-12T07:22:00Z,2025-11-12T01:22:48Z,corso_IoT,ESP_LEOPIZZI,Lecce,Stanza,0.1400000000000002,-0.15000000000000024,1.840000000000003,1.1500000000000021,-2.439999999999998,-0.7099999999999997,60.79238095238104,50,0,17.257142857142856,21.200000000000014
,,0,2025-11-12T00:10:00Z,2025-11-12T07:22:00Z,2025-11-12T01:24:00Z,corso_IoT,ESP_LEOPIZZI,Lecce,Stanza,0.14000000000000018,-0.15000000000000024,1.840000000000003,1.1500000000000021,-2.439999999999998,-0.7099999999999999,60.708737864077555,50,0,14.87378640776699,21.200000000000017
,,0,2025-11-12T00:10:00Z,2025-11-12T07:22:00Z,2025-11-12T01:25:12Z,corso_IoT,ESP_LEOPIZZI,Lecce,Stanza,0.1400000000000002,-0.15000000000000024,1.840000000000003,1.1500000000000021,-2.439999999999998,-0.7099999999999996,60.69999999999989,50,0,15,21.20000000000001
,,0,2025-11-12T00:10:00Z,2025-11-12T07:22:00Z,2025-11-12T01:26:24Z,corso_IoT,ESP_LEOPIZZI,Lecce,Stanza,0.12918918918918937,-0.14198198198198222,1.8027927927927956,1.108738738738741,-2.4302702702702685,-0.6451351351351351,60.718918918918874,48.1981981981982,0,14.837837837837839,21.200000000000003
,,0,2025-11-12T00:10:00Z,2025-11-12T07:22:00Z,2025-11-12T01:27:36Z,corso_IoT,ESP_LEOPIZZI,Lecce,Stanza,0.1400000000000002,-0.15000000000000016,1.840000000000003,1.1500000000000024,-2.439999999999998,-0.7099999999999993,60.80000000000012,50,0,16.232142857142858,21.2
,,0,2025-11-12T00:10:00Z,2025-11-12T07:22:00Z,2025-11-12T01:28:48Z,corso_IoT,ESP_LEOPIZZI,Lecce,Stanza,0.1400000000000002,-0.15000000000000022,1.840000000000003,1.1500000000000024,-2.439999999999998,-0.7099999999999995,60.803703703703796,50,0,14.398148148148149,21.200000000000006
,,0,2025-11-12T00:10:00Z,2025-11-12T07:22:00Z,2025-11-12T01:30:00Z,corso_IoT,ESP_LEOPIZZI,Lecce,Stanza,0.14000000000000018,-0.15000000000000024,1.840000000000003,1.1500000000000021,-2.439999999999998,-0.7099999999999999,60.886407766990196,50,0,15.883495145631068,21.200000000000017
,,0,2025-11-12T00:10:00Z,2025-11-12T07:22:00Z,2025-11-12T01:31:12Z,corso_IoT,ESP_LEOPIZZI,Lecce,Stanza,0.1400000000000002,-0.15000000000000022,1.840000000000003,1.1500000000000024,-2.439999999999998,-0.7099999999999995,60.899999999999906,50,0,15.944954128440367,21.200000000000006
,,0,2025-11-12T00:10:00Z,2025-11-12T07:22:00Z,2025-11-12T01:32:24Z,corso_IoT,ESP_LEOPIZZI,Lecce,Stanza,0.1400000000000002,-0.1500000000000002,1.840000000000003,1.1500000000000024,-2.439999999999998,-0.7099999999999994,60.8936363636363,50,0,15.881818181818181,21.190000000000005
,,0,2025-11-12T00:10:00Z,2025-11-12T07:22:00Z,2025-11-12T01:33:36Z,corso_IoT,ESP_LEOPIZZI,Lecce,Stanza,0.1400000000000002,-0.15000000000000016,1.840000000000003,1.1500000000000024,-2.439999999999998,-0.7099999999999993,60.803571428571544,50,0,15.526785714285714,21.2
,,0,2025-11-12T00:10:00Z,2025-11-12T07:22:00Z,2025-11-12T01:34:48Z,corso_IoT,ESP_LEOPIZZI,Lecce,Stanza,0.1400000000000002,-0.15000000000000016,1.840000000000003,1.1500000000000024,-2.439999999999998,-0.7099999999999993,60.80000000000012,50,0,14.714285714285714,21.2
,,0,2025-11-12T00:10:00Z,2025-11-12T07:22:00Z,2025-11-12T01:36:00Z,corso_IoT,ESP_LEOPIZZI,Lecce,Stanza,0.1400000000000002,-0.1500000000000002,1.840000000000003,1.1500000000000024,-2.439999999999998,-0.7099999999999994,60.80180180180191,50,0,15.855855855855856,21.196396396396395
,,0,2025-11-12T00:10:00Z,2025-11-12T07:22:00Z,2025-11-12T01:37:12Z,corso_IoT,ESP_LEOPIZZI,Lecce,Stanza,0.1400000000000002,-0.1500000000000002,1.840000000000003,1.1500000000000024,-2.439999999999998,-0.7099999999999994,60.8827272727272,50,0,16.581818181818182,21.19272727272728
,,0,2025-11-12T00:10:00Z,2025-11-12T07:22:00Z,2025-11-12T01:38:24Z,corso_IoT,ESP_LEOPIZZI,Lecce,Stanza,0.1400000000000002,-0.1500000000000002,1.840000000000003,1.1500000000000024,-2.439999999999998,-0.7099999999999994,60.839639639639614,50,0,17.333333333333332,21.200000000000003
,,0,2025-11-12T00:10:00Z,2025-11-12T07:22:00Z,2025-11-12T01:39:36Z,corso_IoT,ESP_LEOPIZZI,Lecce,Stanza,0.1400000000000002,-0.15000000000000022,1.840000000000003,1.1500000000000024,-2.439999999999998,-0.7099999999999995,60.80458715596342,50,0,16.256880733944953,21.200000000000006
,,0,2025-11-12T00:10:00Z,2025-11-12T07:22:00Z,2025-11-12T01:40:48Z,corso_IoT,ESP_LEOPIZZI,Lecce,Stanza,0.1400000000000002,-0.15000000000000024,1.840000000000003,1.1500000000000021,-2.439999999999998,-0.7099999999999996,60.873584905660266,50,0,16.42452830188679,21.20000000000001
,,0,2025-11-12T00:10:00Z,2025-11-12T07:22:00Z,2025-11-12T01:42:00Z,corso_IoT,ESP_LEOPIZZI,Lecce,Stanza,0.1400000000000002,-0.1500000000000002,1.840000000000003,1.1500000000000024,-2.439999999999998,-0.7099999999999994,60.8999999999999,50,0,14.745454545454546,21.200000000000003
,,0,2025-11-12T00:10:00Z,2025-11-12T07:22:00Z,2025-11-12T01:43:12Z,corso_IoT,ESP_LEOPIZZI,Lecce,Stanza,0.1400000000000002,-0.1500000000000002,1.840000000000003,1.1500000000000024,-2.439999999999998,-0.7099999999999994,60.8999999999999,50,0,14.981818181818182,21.108181818181773
,,0,2025-11-12T00:10:00Z,2025-11-12T07:22:00Z,2025-11-12T01:44:24Z,corso_IoT,ESP_LEOPIZZI,Lecce,Stanza,0.1400000000000002,-0.15000000000000016,1.840000000000003,1.1500000000000024,-2.439999999999998,-0.7099999999999993,60.90357142857134,50,0,15.785714285714286,21.10357142857139
,,0,2025-11-12T00:10:00Z,2025-11-12T07:22:00Z,2025-11-12T01:45:36Z,corso_IoT,ESP_LEOPIZZI,Lecce,Stanza,0.1400000000000002,-0.15000000000000024,1.840000000000003,1.1500000000000021,-2.439999999999998,-0.7099999999999997,60.98285714285714,50,0,15.2,21.10761904761901
,,0,2025-11-12T00:10:00Z,2025-11-12T07:22:00Z,2025-11-12T01:46:48Z,corso_IoT,ESP_LEOPIZZI,Lecce,Stanza,0.1402678571428573,-0.13517857142857168,1.7165178571428594,1.2941964285714302,-1.9780357142857128,-0.6766071428571424,60.9794642857143,45.535714285714285,0,16.482142857142858,21.102678571428527
,,0,2025-11-12T00:10:00Z,2025-11-12T07:22:00Z,2025-11-12T01:48:00Z,corso_IoT,ESP_LEOPIZZI,Lecce,Stanza,0.18574074074074076,-0.06185185185185174,0.9785185185185177,-0.0018518518518518571,-0.3493518518518518,-0.2970370370370368,61,0.46296296296296297,0,13.574074074074074,21.09999999999996
,,0,2025-11-12T00:10:00Z,2025-11-12T07:22:00Z,2025-11-12T01:49:12Z,corso_IoT,ESP_LEOPIZZI,Lecce,Stanza,0.1882857142857143,-0.061142857142857054,0.9711428571428564,0.0004761904761904737,-0.38152380952380965,-0.3122857142857143,61,0,0,13.352380952380953,21.099999999999962
,,0,2025-11-12T00:10:00Z,2025-11-12T07:22:00Z,2025-11-12T01:50:24Z,corso_IoT,ESP_LEOPIZZI,Lecce,Stanza,0.1833333333333333,-0.07252525252525255,1.0836363636363633,0.1681818181818182,-0.6010101010101007,-0.3372727272727275,61,6.565656565656566,0,12.757575757575758,21.099999999999966
,,0,2025-11-12T00:10:00Z,2025-11-12T07:22:00Z,2025-11-12T01:51:36Z,corso_IoT,ESP_LEOPIZZI,Lecce,Stanza,0.13624999999999984,-0.11044642857142888,1.4995535714285728,0.6427678571428573,-1.7251785714285715,-0.4675000000000003,61.1000000000001,32.142857142857146,0,14.160714285714286,21.09999999999996
,,0,2025-11-12T00:10:00Z,2025-11-12T07:22:00Z,2025-11-12T01:52:48Z,corso_IoT,ESP_LEOPIZZI,Lecce,Stanza,0.12190909090909069,-0.05036363636363627,0.9696363636363627,-0.03900000000000001,-0.34509090909090917,-0.30490909090909085,61.1236363636364,0,0,11.263636363636364,21.089999999999954
,,0,2025-11-12T00:10:00Z,2025-11-12T07:22:00Z,2025-11-12T01:54:00Z,corso_IoT,ESP_LEOPIZZI,Lecce,Stanza,0.12144144144144127,-0.05018018018018008,0.9695495495495484,-0.03324324324324326,-0.32954954954954974,-0.2934234234234234,61.1000000000001,0,0,12.864864864864865,21.09999999999996
,,0,2025-11-12T00:10:00Z,2025-11-12T07:22:00Z,2025-11-12T01:55:12Z,corso_IoT,ESP_LEOPIZZI,Lecce,Stanza,0.12146788990825667,-0.0499999999999999,0.9697247706422009,-0.03559633027522937,-0.386697247706422,-0.28522935779816516,61.100000000000094,0,0,12.715596330275229,21.09999999999996
,,0,2025-11-12T00:10:00Z,2025-11-12T07:22:00Z,2025-11-12T01:56:24Z,corso_IoT,ESP_LEOPIZZI,Lecce,Stanza,0.121261261261261,-0.049999999999999906,0.9691891891891881,-0.037027027027027024,-0.35477477477477487,-0.25387387387387383,61.1000000000001,0,0,13.432432432432432,21.09999999999996
,,0,2025-11-12T00:10:00Z,2025-11-12T07:22:00Z,2025-11-12T01:57:36Z,corso_IoT,ESP_LEOPIZZI,Lecce,Stanza,0.12103773584905649,-0.0499056603773584,0.9689622641509426,-0.05254716981132073,-0.2817924528301888,-0.3284905660377358,61.10000000000009,0,0,13.169811320754716,21.09999999999996
,,0,2025-11-12T00:10:00Z,2025-11-12T07:22:00Z,2025-11-12T01:58:48Z,corso_IoT,ESP_LEOPIZZI,Lecce,Stanza,0.12194174757281538,-0.04951456310679603,0.9688349514563096,-0.043786407766990304,-0.3469902912621359,-0.2920388349514564,61.10000000000008,0,0,12.932038834951456,21.099999999999962
,,0,2025-11-12T00:10:00Z,2025-11-12T07:22:00Z,2025-11-12T02:00:00Z,corso_IoT,ESP_LEOPIZZI,Lecce,Stanza,0.1232673267326732,-0.04950495049504942,0.9683168316831673,-0.06316831683168318,-0.37722772277227723,-0.29346534653465345,61.10891089108914,0,0,13.485148514851485,21.099999999999962
,,0,2025-11-12T00:10:00Z,2025-11-12T07:22:00Z,2025-11-12T02:01:12Z,corso_IoT,ESP_LEOPIZZI,Lecce,Stanza,0.1185106382978722,-0.031489361702127565,0.9804255319148931,0.22776595744680847,-0.6507446808510642,-0.34936170212765943,61.110638297872406,1.5957446808510638,0,18.22340425531915,21.099999999999966
,,0,2025-11-12T00:10:00Z,2025-11-12T07:22:00Z,2025-11-12T02:02:24Z,corso_IoT,ESP_LEOPIZZI,Lecce,Stanza,0.06552380952380937,0.005904761904761909,0.9795238095238099,-0.04314285714285714,-0.5211428571428571,-0.25590476190476186,61.10000000000009,1.4285714285714286,0,13.685714285714285,21.099999999999962
,,0,2025-11-12T00:10:00Z,2025-11-12T07:22:00Z,2025-11-12T02:03:36Z,corso_IoT,ESP_LEOPIZZI,Lecce,Stanza,0.0586666666666666,0.005333333333333337,0.9786666666666667,-0.05688888888888892,-0.33533333333333337,-0.29277777777777775,61.10000000000004,0,0,16.866666666666667,21.099999999999966
,,0,2025-11-12T00:10:00Z,2025-11-12T07:22:00Z,2025-11-12T02:04:48Z,corso_IoT,ESP_LEOPIZZI,Lecce,Stanza,0.05828828828828817,0.005045045045045047,0.9793693693693699,-0.06306306306306309,-0.33981981981982,-0.3121621621621622,61.1000000000001,0,0,13.927927927927929,21.09999999999996
,,0,2025-11-12T00:10:00Z,2025-11-12T07:22:00Z,2025-11-12T02:06:00Z,corso_IoT,ESP_LEOPIZZI,Lecce,Stanza,0.05779816513761457,0.005321100917431196,0.9789908256880739,-0.0479816513761468,-0.3311009174311927,-0.26605504587155954,61.100000000000094,0,0,12.440366972477063,21.09999999999996
,,0,2025-11-12T00:10:00Z,2025-11-12T07:22:00Z,2025-11-12T02:07:12Z,corso_IoT,ESP_LEOPIZZI,Lecce,Stanza,0.05734513274336271,0.005929203539823012,0.9785840707964607,-0.0861946902654867,-0.3284955752212389,-0.28504424778761067,61.08672566371689,0,0,13.31858407079646,21.09999999999996
,,0,2025-11-12T00:10:00Z,2025-11-12T07:22:00Z,2025-11-12T02:08:24Z,corso_IoT,ESP_LEOPIZZI,Lecce,Stanza,0.036160714285714254,0.027410714285714306,0.9835714285714288,-0.10267857142857142,-0.3591964285714285,-0.3528571428571431,61.08214285714295,4.464285714285714,0,12.642857142857142,21.09999999999996
,,0,2025-11-12T00:10:00Z,2025-11-12T07:22:00Z,2025-11-12T02:09:36Z,corso_IoT,ESP_LEOPIZZI,Lecce,Stanza,0.004622641509433965,0.10103773584905643,1.0054716981132086,-0.09518867924528306,-0.3189622641509435,-0.29641509433962254,61.081132075471736,0,0,12.18867924528302,21.09999999999996
,,0,2025-11-12T00:10:00Z,2025-11-12T07:22:00Z,2025-11-12T02:10:48Z,corso_IoT,ESP_LEOPIZZI,Lecce,Stanza,0.006330275229357802,0.10110091743119246,1.0066972477064233,-0.019999999999999997,-0.3711926605504585,-0.28981651376146783,61.00183486238532,0,0,13.504587155963304,21.09999999999996
,,0,2025-11-12T00:10:00Z,2025-11-12T07:22:00Z,2025-11-12T02:12:00Z,corso_IoT,ESP_LEOPIZZI,Lecce,Stanza,0.007714285714285719,0.10266666666666653,1.0058095238095248,-0.03752380952380953,-0.3505714285714286,-0.3057142857142857,61.010476190476176,0,0,14.933333333333334,21.099999999999962
,,0,2025-11-12T00:10:00Z,2025-11-12T07:22:00Z,2025-11-12T02:13:12Z,corso_IoT,ESP_LEOPIZZI,Lecce,Stanza,0.009819819819819827,0.1028828828828827,1.0053153153153167,-0.06918918918918923,-0.3610810810810811,-0.31054054054054064,61,0,0,12.657657657657658,21.09999999999996
,,0,2025-11-12T00:10:00Z,2025-11-12T07:22:00Z,2025-11-12T02:14:24Z,corso_IoT,ESP_LEOPIZZI,Lecce,Stanza,0.010000000000000007,0.10238532110091725,1.0057798165137624,-0.08293577981651377,-0.33633027522935777,-0.3061467889908258,61.00366972477065,0,0,12.311926605504587,21.09633027522932
,,0,2025-11-12T00:10:00Z,2025-11-12T07:22:00Z,2025-11-12T02:15:36Z,corso_IoT,ESP_LEOPIZZI,Lecce,Stanza,0.11135922330097091,0.08980582524271837,1.1173786407767,-0.0006796116504853879,-0.47281553398058246,-0.41417475728155345,61.092233009708785,10.194174757281553,0,13.689320388349515,21.01553398058253
,,0,2025-11-12T00:10:00Z,2025-11-12T07:22:00Z,2025-11-12T02:16:48Z,corso_IoT,ESP_LEOPIZZI,Lecce,Stanza,0.30788990825688034,0.16293577981651391,1.0377981651376156,0.02275229357798164,-0.36403669724770643,-0.3327522935779814,61.19999999999988,0.45871559633027525,0,12.761467889908257,21
,,0,2025-11-12T00:10:00Z,2025-11-12T07:22:00Z,2025-11-12T02:18:00Z,corso_IoT,ESP_LEOPIZZI,Lecce,Stanza,0.31053571428571397,0.16678571428571445,1.0310714285714295,-0.009375000000000007,-0.34714285714285714,-0.35964285714285704,61.19999999999988,0,0,14.116071428571429,21
,,0,2025-11-12T00:10:00Z,2025-11-12T07:22:00Z,2025-11-12T02:19:12Z,corso_IoT,ESP_LEOPIZZI,Lecce,Stanza,0.24333333333333326,0.1617543859649121,1.027368421052632,-0.10245614035087727,-0.7442105263157895,-0.3414912280701753,61.19999999999988,5.701754385964913,0,13.175438596491228,21
,,0,2025-11-12T00:10:00Z,2025-11-12T07:22:00Z,2025-11-12T02:20:24Z,corso_IoT,ESP_LEOPIZZI,Lecce,Stanza,0.02115044247787612,0.15000000000000016,1.0176106194690264,-0.041946902654867224,-0.35168141592920354,-0.28460176991150454,61.19999999999988,0,0,11.823008849557523,21
,,0,2025-11-12T00:10:00Z,2025-11-12T07:22:00Z,2025-11-12T02:21:36Z,corso_IoT,ESP_LEOPIZZI,Lecce,Stanza,0.020360360360360374,0.14990990990991007,1.0157657657657666,-0.060090090090090115,-0.3745045045045047,-0.2774774774774775,61.2864864864866,0,0,13.027027027027026,21
,,0,2025-11-12T00:10:00Z,2025-11-12T07:22:00Z,2025-11-12T02:22:48Z,corso_IoT,ESP_LEOPIZZI,Lecce,Stanza,0.019908256880733957,0.149633027522936,1.0166055045871565,-0.07651376146788991,-0.37871559633027535,-0.27963302752293584,61.30000000000012,0,0,12.614678899082568,21
,,0,2025-11-12T00:10:00Z,2025-11-12T07:22:00Z,2025-11-12T02:24:00Z,corso_IoT,ESP_LEOPIZZI,Lecce,Stanza,0.01990909090909092,0.14963636363636384,1.0160909090909096,-0.07227272727272727,-0.3498181818181819,-0.2859090909090909,61.30000000000012,0,0,13.654545454545454,21
,,0,2025-11-12T00:10:00Z,2025-11-12T07:22:00Z,2025-11-12T02:25:12Z,corso_IoT,ESP_LEOPIZZI,Lecce,Stanza,0.019279279279279287,0.1496396396396398,1.0161261261261265,-0.021711711711711715,-0.34864864864864875,-0.2754054054054054,61.30000000000012,0,0,12.297297297297296,21
,,0,2025-11-12T00:10:00Z,2025-11-12T07:22:00Z,2025-11-12T02:26:24Z,corso_IoT,ESP_LEOPIZZI,Lecce,Stanza,0.019454545454545464,0.14963636363636384,1.0163636363636366,-0.05172727272727271,-0.32818181818181824,-0.27136363636363614,61.30000000000012,0,0,13.9,21
,,0,2025-11-12T00:10:00Z,2025-11-12T07:22:00Z,2025-11-12T02:27:36Z,corso_IoT,ESP_LEOPIZZI,Lecce,Stanza,0.0192857142857143,0.15000000000000016,1.0162499999999999,-0.09491071428571429,-0.3798214285714285,-0.29901785714285695,61.30000000000012,0,0,13.080357142857142,21
,,0,2025-11-12T00:10:00Z,2025-11-12T07:22:00Z,2025-11-12T02:28:48Z,corso_IoT,ESP_LEOPIZZI,Lecce,Stanza,0.01890909090909092,0.15009090909090927,1.016727272727273,-0.06999999999999997,-0.34945454545454535,-0.2745454545454546,61.30000000000012,0,0,11.99090909090909,21
,,0,2025-11-12T00:10:00Z,2025-11-12T07:22:00Z,2025-11-12T02:30:00Z,corso_IoT,ESP_LEOPIZZI,Lecce,Stanza,0.019150943396226427,0.14981132075471723,1.015943396226415,-0.07283018867924532,-0.348867924528302,-0.29896226415094335,61.30000000000011,0,0,12.820754716981131,21
,,0,2025-11-12T00:10:00Z,2025-11-12T07:22:00Z,2025-11-12T02:31:12Z,corso_IoT,ESP_LEOPIZZI,Lecce,Stanza,0.19470588235294128,0.1710784313725491,1.0569607843137263,-0.3992156862745097,-0.39176470588235296,-0.06401960784313729,61.25980392156859,23.529411764705884,0,14.127450980392156,21.040196078431336
,,0,2025-11-12T00:10:00Z,2025-11-12T07:22:00Z,2025-11-12T02:32:24Z,corso_IoT,ESP_LEOPIZZI,Lecce,Stanza,0.5501818181818172,0.2589090909090915,1.1491818181818196,-0.06181818181818184,-0.34009090909090905,-0.33563636363636373,61.19999999999988,50,0,13.963636363636363,21.09999999999996
,,0,2025-11-12T00:10:00Z,2025-11-12T07:22:00Z,2025-11-12T02:33:36Z,corso_IoT,ESP_LEOPIZZI,Lecce,Stanza,0.5506481481481473,0.2588888888888894,1.1504629629629644,-0.07129629629629632,-0.2972222222222222,-0.33064814814814825,61.176851851851865,50,0,14.287037037037036,21.09999999999996
,,0,2025-11-12T00:10:00Z,2025-11-12T07:22:00Z,2025-11-12T02:34:48Z,corso_IoT,ESP_LEOPIZZI,Lecce,Stanza,0.5399999999999998,0.1602247191011235,1.103707865168538,-0.42943820224719126,0.018988764044943783,-0.18629213483146073,61.10000000000004,50,0,23.528089887640448,21.107865168539306
,,0,2025-11-12T00:10:00Z,2025-11-12T07:22:00Z,2025-11-12T02:36:00Z,corso_IoT,ESP_LEOPIZZI,Lecce,Stanza,0.5389423076923072,0.08990384615384607,1.0776923076923062,-0.11384615384615383,-0.32134615384615395,-0.2245192307692307,61.10000000000009,50,0,13.807692307692308,21.1971153846154
,,0,2025-11-12T00:10:00Z,2025-11-12T07:22:00Z,2025-11-12T02:37:12Z,corso_IoT,ESP_LEOPIZZI,Lecce,Stanza,0.5371153846153844,0.08999999999999989,1.077115384615383,-0.1118269230769231,-0.3482692307692308,-0.22932692307692312,61.090384615384664,50,0,14.653846153846153,21.200000000000014
,,0,2025-11-12T00:10:00Z,2025-11-12T07:22:00Z,2025-11-12T02:38:24Z,corso_IoT,ESP_LEOPIZZI,Lecce,Stanza,0.5367619047619047,0.09057142857142847,1.0773333333333317,-0.12333333333333335,-0.32561904761904753,-0.2620952380952382,61.00857142857142,50,0,13.876190476190477,21.200000000000014
,,0,2025-11-12T00:10:00Z,2025-11-12T07:22:00Z,2025-11-12T02:39:36Z,corso_IoT,ESP_LEOPIZZI,Lecce,Stanza,0.5346788990825689,0.0913761467889907,1.0773394495412827,-0.11642201834862383,-0.3423853211009176,-0.23091743119266053,61.01743119266062,50,0,14.963302752293577,21.200000000000006
,,0,2025-11-12T00:10:00Z,2025-11-12T07:22:00Z,2025-11-12T02:40:48Z,corso_IoT,ESP_LEOPIZZI,Lecce,Stanza,0.5351886792452831,0.09283018867924517,1.0764150943396207,-0.12169811320754714,-0.3135849056603775,-0.23933962264150938,61.10000000000009,50,0,15.320754716981131,21.20000000000001
,,0,2025-11-12T00:10:00Z,2025-11-12T07:22:00Z,2025-11-12T02:42:00Z,corso_IoT,ESP_LEOPIZZI,Lecce,Stanza,0.5352727272727273,0.09390909090909076,1.0766363636363614,-0.14763636363636368,-0.2949090909090909,-0.26509090909090904,61.153636363636245,50,0,14.418181818181818,21.200000000000003
,,0,2025-11-12T00:10:00Z,2025-11-12T07:22:00Z,2025-11-12T02:43:12Z,corso_IoT,ESP_LEOPIZZI,Lecce,Stanza,0.5334234234234237,0.09540540540540526,1.0763063063063045,-0.0854054054054054,-0.29630630630630633,-0.24522522522522533,61.1945945945945,50,0,14.063063063063064,21.200000000000003
,,0,2025-11-12T00:10:00Z,2025-11-12T07:22:00Z,2025-11-12T02:44:24Z,corso_IoT,ESP_LEOPIZZI,Lecce,Stanza,0.5329090909090912,0.09599999999999985,1.076545454545453,-0.10981818181818176,-0.2811818181818181,-0.23627272727272736,61.19999999999988,50,0,14.745454545454546,21.200000000000003
,,0,2025-11-12T00:10:00Z,2025-11-12T07:22:00Z,2025-11-12T02:45:36Z,corso_IoT,ESP_LEOPIZZI,Lecce,Stanza,0.5331132075471702,0.09641509433962248,1.076698113207545,-0.11905660377358497,-0.30462264150943397,-0.24726415094339627,61.19999999999989,50,0,16.80188679245283,21.20000000000001
,,0,2025-11-12T00:10:00Z,2025-11-12T07:22:00Z,2025-11-12T02:46:48Z,corso_IoT,ESP_LEOPIZZI,Lecce,Stanza,0.5326851851851856,0.09712962962962947,1.075277777777776,-0.13685185185185186,-0.2967592592592593,-0.22537037037037044,61.20555555555546,50,0,15.444444444444445,21.196296296296303
,,0,2025-11-12T00:10:00Z,2025-11-12T07:22:00Z,2025-11-12T02:48:00Z,corso_IoT,ESP_LEOPIZZI,Lecce,Stanza,0.5331481481481485,0.09712962962962945,1.0755555555555534,-0.14972222222222223,-0.2880555555555555,-0.24685185185185182,61.25740740740743,50,0,12.962962962962964,21.200000000000006
,,0,2025-11-12T00:10:00Z,2025-11-12T07:22:00Z,2025-11-12T02:49:12Z,corso_IoT,ESP_LEOPIZZI,Lecce,Stanza,0.5325688073394499,0.09807339449541266,1.0757798165137595,-0.11311926605504592,-0.26009174311926625,-0.2457798165137615,61.19999999999988,50,0,13.889908256880734,21.200000000000006
,,0,2025-11-12T00:10:00Z,2025-11-12T07:22:00Z,2025-11-12T02:50:24Z,corso_IoT,ESP_LEOPIZZI,Lecce,Stanza,0.5323423423423429,0.09792792792792775,1.0763063063063047,-0.10450450450450452,-0.29405405405405405,-0.25351351351351353,61.19999999999988,50,0,15.567567567567568,21.200000000000003
,,0,2025-11-12T00:10:00Z,2025-11-12T07:22:00Z,2025-11-12T02:51:36Z,corso_IoT,ESP_LEOPIZZI,Lecce,Stanza,0.531454545454546,0.09836363636363617,1.0762727272727253,-0.12563636363636363,-0.3270909090909092,-0.24163636363636365,61.19999999999988,50,0,13.836363636363636,21.197272727272733
,,0,2025-11-12T00:10:00Z,2025-11-12T07:22:00Z,2025-11-12T02:52:48Z,corso_IoT,ESP_LEOPIZZI,Lecce,Stanza,0.5317117117117123,0.09891891891891873,1.0762162162162145,-0.12720720720720724,-0.32009009009009004,-0.26333333333333325,61.19999999999988,50,0,14.657657657657658,21.200000000000003
,,0,2025-11-12T00:10:00Z,2025-11-12T07:22:00Z,2025-11-12T02:54:00Z,corso_IoT,ESP_LEOPIZZI,Lecce,Stanza,0.5314545454545461,0.09936363636363617,1.076181818181816,-0.11463636363636366,-0.30236363636363633,-0.25936363636363635,61.19999999999988,50,0,14.654545454545454,21.200000000000003
,,0,2025-11-12T00:10:00Z,2025-11-12T07:22:00Z,2025-11-12T02:55:12Z,corso_IoT,ESP_LEOPIZZI,Lecce,Stanza,0.5311009174311933,0.09935779816513741,1.07669724770642,-0.11137614678899081,-0.2703669724770642,-0.24724770642201824,61.19999999999988,50,0,15.98165137614679,21.200000000000006
,,0,2025-11-12T00:10:00Z,2025-11-12T07:22:00Z,2025-11-12T02:56:24Z,corso_IoT,ESP_LEOPIZZI,Lecce,Stanza,0.5313636363636369,0.09927272727272708,1.0767272727272708,-0.1022727272727273,-0.2849090909090909,-0.24309090909090914,61.19999999999988,50,0,16.227272727272727,21.197272727272733
,,0,2025-11-12T00:10:00Z,2025-11-12T07:22:00Z,2025-11-12T02:57:36Z,corso_IoT,ESP_LEOPIZZI,Lecce,Stanza,0.5311504424778767,0.09938053097345112,1.0753982300884934,-0.11893805309734506,-0.28079646017699106,-0.24690265486725674,61.24424778761066,50,0,14.982300884955752,21.2
,,0,2025-11-12T00:10:00Z,2025-11-12T07:22:00Z,2025-11-12T02:58:48Z,corso_IoT,ESP_LEOPIZZI,Lecce,Stanza,0.5304424778761069,0.0992920353982299,1.0761946902654846,-0.10690265486725664,-0.3112389380530972,-0.24353982300884952,61.24159292035389,50,0,15.938053097345133,21.2
,,0,2025-11-12T00:10:00Z,2025-11-12T07:22:00Z,2025-11-12T03:00:00Z,corso_IoT,ESP_LEOPIZZI,Lecce,Stanza,0.5304464285714292,0.09928571428571409,1.0758035714285696,-0.11473214285714287,-0.29562499999999997,-0.2750892857142858,61.19999999999988,50,0,16.285714285714285,21.2
,,0,2025-11-12T00:10:00Z,2025-11-12T07:22:00Z,2025-11-12T03:01:12Z,corso_IoT,ESP_LEOPIZZI,Lecce,Stanza,0.5304385964912287,0.09973684210526296,1.0764912280701735,-0.08350877192982456,-0.3187719298245614,-0.23307017543859668,61.19999999999988,50,0,15.842105263157896,21.2
,,0,2025-11-12T00:10:00Z,2025-11-12T07:22:00Z,2025-11-12T03:02:24Z,corso_IoT,ESP_LEOPIZZI,Lecce,Stanza,0.530272727272728,0.09981818181818163,1.0759090909090887,-0.09399999999999997,-0.28927272727272724,-0.2452727272727273,61.19999999999988,50,0,16.70909090909091,21.196363636363635
,,0,2025-11-12T00:10:00Z,2025-11-12T07:22:00Z,2025-11-12T03:03:36Z,corso_IoT,ESP_LEOPIZZI,Lecce,Stanza,0.5301769911504433,0.09964601769911484,1.075309734513272,-0.1328318584070797,-0.3195575221238937,-0.26601769911504414,61.19999999999988,50,0,14.752212389380531,21.2
,,0,2025-11-12T00:10:00Z,2025-11-12T07:22:00Z,2025-11-12T03:04:48Z,corso_IoT,ESP_LEOPIZZI,Lecce,Stanza,0.5301818181818189,0.09963636363636344,1.07581818181818,-0.12045454545454548,-0.2991818181818181,-0.2536363636363637,61.19999999999988,50,0,16.490909090909092,21.200000000000003
,,0,2025-11-12T00:10:00Z,2025-11-12T07:22:00Z,2025-11-12T03:06:00Z,corso_IoT,ESP_LEOPIZZI,Lecce,Stanza,0.5301834862385328,0.09990825688073374,1.076605504587154,-0.14440366972477067,-0.3133944954128439,-0.2707339449541283,61.19999999999988,50,0,15.146788990825687,21.200000000000006
,,0,2025-11-12T00:10:00Z,2025-11-12T07:22:00Z,2025-11-12T03:07:12Z,corso_IoT,ESP_LEOPIZZI,Lecce,Stanza,0.5299047619047627,0.0999047619047617,1.0755238095238073,-0.08685714285714285,-0.29571428571428576,-0.2713333333333334,61.19999999999989,50,0,13.914285714285715,21.200000000000014
,,0,2025-11-12T00:10:00Z,2025-11-12T07:22:00Z,2025-11-12T03:08:24Z,corso_IoT,ESP_LEOPIZZI,Lecce,Stanza,0.5298058252427191,0.09990291262135904,1.075631067961163,-0.11213592233009713,-0.3006796116504854,-0.2776699029126213,61.22427184466015,50,0,13.145631067961165,21.200000000000017
,,0,2025-11-12T00:10:00Z,2025-11-12T07:22:00Z,2025-11-12T03:09:36Z,corso_IoT,ESP_LEOPIZZI,Lecce,Stanza,0.5298113207547177,0.09990566037735829,1.0751886792452807,-0.12018867924528304,-0.29933962264150954,-0.2867924528301886,61.286792452830305,50,0,15.924528301886792,21.19622641509435
,,0,2025-11-12T00:10:00Z,2025-11-12T07:22:00Z,2025-11-12T03:10:48Z,corso_IoT,ESP_LEOPIZZI,Lecce,Stanza,0.5284545454545464,0.10099999999999984,1.0749999999999977,-0.09799999999999996,-0.37827272727272715,-0.1868181818181818,61.30000000000012,50,0,14.845454545454546,21.200000000000003
,,0,2025-11-12T00:10:00Z,2025-11-12T07:22:00Z,2025-11-12T03:12:00Z,corso_IoT,ESP_LEOPIZZI,Lecce,Stanza,0.40309090909090944,0.15727272727272734,1.052636363636365,-0.392818181818182,-0.20518181818181816,-0.3161818181818181,61.22181818181807,49.09090909090909,0,15.372727272727273,21.200000000000003
,,0,2025-11-12T00:10:00Z,2025-11-12T07:22:00Z,2025-11-12T03:13:12Z,corso_IoT,ESP_LEOPIZZI,Lecce,Stanza,0.42648148148148185,0.17074074074074092,1.0590740740740752,-0.07185185185185186,-0.31925925925925935,-0.31000000000000005,61.19999999999988,50,0,14.342592592592593,21.200000000000006
,,0,2025-11-12T00:10:00Z,2025-11-12T07:22:00Z,2025-11-12T03:14:24Z,corso_IoT,ESP_LEOPIZZI,Lecce,Stanza,0.4278846153846155,0.17028846153846164,1.0603846153846161,-0.10336538461538465,-0.3295192307692307,-0.2659615384615386,61.29423076923088,50,0,15.134615384615385,21.200000000000014
,,0,2025-11-12T00:10:00Z,2025-11-12T07:22:00Z,2025-11-12T03:15:36Z,corso_IoT,ESP_LEOPIZZI,Lecce,Stanza,0.42750000000000005,0.17089285714285735,1.0603571428571434,-0.09410714285714285,-0.35044642857142855,-0.29857142857142854,61.29642857142868,50,0,14.535714285714286,21.2
,,0,2025-11-12T00:10:00Z,2025-11-12T07:22:00Z,2025-11-12T03:16:48Z,corso_IoT,ESP_LEOPIZZI,Lecce,Stanza,0.42814159292035403,0.17115044247787625,1.0593805309734523,-0.08026548672566372,-0.372212389380531,-0.30097345132743347,61.30000000000012,50,0,14.424778761061948,21.2
,,0,2025-11-12T00:10:00Z,2025-11-12T07:22:00Z,2025-11-12T03:18:00Z,corso_IoT,ESP_LEOPIZZI,Lecce,Stanza,0.42774774774774776,0.17117117117117134,1.0597297297297306,-0.1197297297297297,-0.3444144144144144,-0.29729729729729726,61.3036036036037,50,0,14.855855855855856,21.200000000000003
,,0,2025-11-12T00:10:00Z,2025-11-12T07:22:00Z,2025-11-12T03:19:12Z,corso_IoT,ESP_LEOPIZZI,Lecce,Stanza,0.4284761904761905,0.1715238095238096,1.060095238095239,-0.09466666666666666,-0.33352380952380956,-0.31095238095238087,61.35523809523801,50,0,14.266666666666667,21.200000000000014
,,0,2025-11-12T00:10:00Z,2025-11-12T07:22:00Z,2025-11-12T03:20:24Z,corso_IoT,ESP_LEOPIZZI,Lecce,Stanza,0.46084905660377284,0.1766981132075473,1.072641509433961,-0.10811320754716983,-0.34245283018867934,-0.21000000000000002,61.317924528301994,50,0,16.00943396226415,21.20000000000001
,,0,2025-11-12T00:10:00Z,2025-11-12T07:22:00Z,2025-11-12T03:21:36Z,corso_IoT,ESP_LEOPIZZI,Lecce,Stanza,0.48293577981651303,0.1620183486238533,1.076788990825686,-0.09587155963302757,-0.35275229357798166,-0.26908256880733944,61.30000000000012,50,0,13.935779816513762,21.200000000000006
,,0,2025-11-12T00:10:00Z,2025-11-12T07:22:00Z,2025-11-12T03:22:48Z,corso_IoT,ESP_LEOPIZZI,Lecce,Stanza,0.48361111111111055,0.16009259259259268,1.0756481481481461,-0.10268518518518518,-0.35916666666666663,-0.27388888888888874,61.36574074074062,50,0,15.453703703703704,21.197222222222234
,,0,2025-11-12T00:10:00Z,2025-11-12T07:22:00Z,2025-11-12T03:24:00Z,corso_IoT,ESP_LEOPIZZI,Lecce,Stanza,0.45061855670103096,0.150618556701031,1.07061855670103,-1.3302061855670104,0.14711340206185555,-0.5209278350515464,61.39999999999993,49.48453608247423,0,15.381443298969073,21.16701030927835
,,0,2025-11-12T00:10:00Z,2025-11-12T07:22:00Z,2025-11-12T03:25:12Z,corso_IoT,ESP_LEOPIZZI,Lecce,Stanza,0.28965517241379307,0.1520689655172414,1.0451724137931038,-8.721379310344828,4.255862068965517,-7.486206896551723,61.4034482758621,27.586206896551722,0,45.58620689655172,21.131034482758626
,,0,2025-11-12T00:10:00Z,2025-11-12T07:22:00Z,2025-11-12T03:26:24Z,corso_IoT,ESP_LEOPIZZI,Lecce,Stanza,0.1545000000000001,0.15375000000000003,1.0065000000000002,-0.07624999999999998,-0.40449999999999997,-0.372,61.55999999999996,0,0,52.4,21.100000000000016
,,0,2025-11-12T00:10:00Z,2025-11-12T07:22:00Z,2025-11-12T03:27:36Z,corso_IoT,ESP_LEOPIZZI,Lecce,Stanza,0.1478571428571429,0.15857142857142867,1.0071428571428567,-0.07410714285714286,-0.30660714285714297,-0.3551785714285715,61.599999999999945,0,0,39.17857142857143,21.1
,,0,2025-11-12T00:10:00Z,2025-11-12T07:22:00Z,2025-11-12T03:28:48Z,corso_IoT,ESP_LEOPIZZI,Lecce,Stanza,0.14202127659574484,0.15936170212765968,1.0087234042553201,-0.09638297872340422,-0.3398936170212766,-0.36638297872340414,61.59680851063835,0,0,14.138297872340425,21.13510638297873
,,0,2025-11-12T00:10:00Z,2025-11-12T07:22:00Z,2025-11-12T03:30:00Z,corso_IoT,ESP_LEOPIZZI,Lecce,Stanza,0.13935779816513783,0.15954128440366983,1.009357798165139,-0.12834862385321097,-0.31596330275229345,-0.3601834862385321,61.5788990825689,0,0,13.082568807339449,21.187155963302754
,,0,2025-11-12T00:10:00Z,2025-11-12T07:22:00Z,2025-11-12T03:31:12Z,corso_IoT,ESP_LEOPIZZI,Lecce,Stanza,0.1345283018867927,0.1609433962264152,1.0090566037735862,-0.10377358490566033,-0.3360377358490566,-0.36075471698113204,61.57169811320762,0,0,13.075471698113208,21.20000000000001
,,0,2025-11-12T00:10:00Z,2025-11-12T07:22:00Z,2025-11-12T03:32:24Z,corso_IoT,ESP_LEOPIZZI,Lecce,Stanza,0.1313761467889911,0.1612844036697249,1.0096330275229373,-0.08733944954128438,-0.3198165137614681,-0.3536697247706421,61.52477064220182,0,0,11.559633027522937,21.200000000000006
,,0,2025-11-12T00:10:00Z,2025-11-12T07:22:00Z,2025-11-12T03:33:36Z,corso_IoT,ESP_LEOPIZZI,Lecce,Stanza,0.13018867924528327,0.16188679245283033,1.009716981132077,-0.09339622641509435,-0.3107547169811323,-0.34754716981132083,61.48584905660379,0,0,12.830188679245284,21.20000000000001
,,0,2025-11-12T00:10:00Z,2025-11-12T07:22:00Z,2025-11-12T03:34:48Z,corso_IoT,ESP_LEOPIZZI,Lecce,Stanza,0.07390000000000009,0.17809999999999981,1.016,-0.08929999999999999,-0.30740000000000006,-0.3769999999999999,61.47700000000002,0,0,12.55,21.200000000000024
,,0,2025-11-12T00:10:00Z,2025-11-12T07:22:00Z,2025-11-12T03:36:00Z,corso_IoT,ESP_LEOPIZZI,Lecce,Stanza,0.07037037037037044,0.17999999999999983,1.0183333333333333,-0.17703703703703702,-0.18518518518518512,-0.4094444444444443,61.437037037036916,0.9259259259259259,0,13.787037037037036,21.200000000000006
,,0,2025-11-12T00:10:00Z,2025-11-12T07:22:00Z,2025-11-12T03:37:12Z,corso_IoT,ESP_LEOPIZZI,Lecce,Stanza,0.08749999999999998,0.18750000000000014,1.0192857142857137,-0.21080357142857128,-0.2926785714285715,-0.37366071428571435,61.399999999999885,1.7857142857142858,0,12.973214285714286,21.2
,,0,2025-11-12T00:10:00Z,2025-11-12T07:22:00Z,2025-11-12T03:38:24Z,corso_IoT,ESP_LEOPIZZI,Lecce,Stanza,0.10009090909090913,-0.05909090909090906,1.1354545454545462,5.410818181818183,-7.428818181818182,0.7079090909090907,62.010909090909124,26.818181818181817,0,15.9,21.241818181818207
,,0,2025-11-12T00:10:00Z,2025-11-12T07:22:00Z,2025-11-12T03:39:36Z,corso_IoT,ESP_LEOPIZZI,Lecce,Stanza,0.24787610619469064,-0.029646017699115026,1.5033628318584082,-3.533362831858417,2.1860176991150455,6.114070796460163,62.01769911504426,41.5929203539823,0,14.168141592920353,21.346902654867268
,,0,2025-11-12T00:10:00Z,2025-11-12T07:22:00Z,2025-11-12T03:40:48Z,corso_IoT,ESP_LEOPIZZI,Lecce,Stanza,0.36369999999999975,0.04890000000000001,1.0825,-0.14940000000000006,-0.5499000000000003,-0.42500000000000004,61.51200000000001,12.5,0,15.11,21.299999999999976
,,0,2025-11-12T00:10:00Z,2025-11-12T07:22:00Z,2025-11-12T03:42:00Z,corso_IoT,ESP_LEOPIZZI,Lecce,Stanza,0.48407079646017737,-0.04752212389380534,1.0260176991150458,-0.3947787610619468,-0.36460176991150445,-0.3235398230088497,61.38761061946905,39.38053097345133,0,13.4070796460177,21.3
,,0,2025-11-12T00:10:00Z,2025-11-12T07:22:00Z,2025-11-12T03:43:12Z,corso_IoT,ESP_LEOPIZZI,Lecce,Stanza,0.5405555555555549,-0.08027777777777782,1.0415740740740753,-0.08379629629629629,-0.24472222222222226,-0.3194444444444446,61.012037037036876,50,0,13.444444444444445,21.208333333333343
,,0,2025-11-12T00:10:00Z,2025-11-12T07:22:00Z,2025-11-12T03:44:24Z,corso_IoT,ESP_LEOPIZZI,Lecce,Stanza,0.5405607476635507,-0.08037383177570098,1.0429906542056084,-0.10411214953271032,-0.25018691588785064,-0.3079439252336449,60.81869158878505,50,0,12.411214953271028,21.109345794392496
,,0,2025-11-12T00:10:00Z,2025-11-12T07:22:00Z,2025-11-12T03:45:36Z,corso_IoT,ESP_LEOPIZZI,Lecce,Stanza,0.5422018348623846,-0.08266055045871559,1.0431192660550468,-0.12825688073394498,-0.2460550458715596,-0.3077981651376147,60.83669724770655,50,0,13.146788990825687,21
,,0,2025-11-12T00:10:00Z,2025-11-12T07:22:00Z,2025-11-12T03:46:48Z,corso_IoT,ESP_LEOPIZZI,Lecce,Stanza,0.5418518518518509,-0.07898148148148151,1.0452777777777773,-0.0974074074074074,-0.2186111111111112,-0.3299074074074073,60.707407407407295,50,0,14.277777777777779,20.931481481481526
,,0,2025-11-12T00:10:00Z,2025-11-12T07:22:00Z,2025-11-12T03:48:00Z,corso_IoT,ESP_LEOPIZZI,Lecce,Stanza,0.5630000000000003,-0.07618181818181823,1.0527272727272725,-0.1830909090909091,-0.28509090909090923,-0.2923636363636363,60.6927272727272,50,0,12.818181818181818,20.90000000000004
,,0,2025-11-12T00:10:00Z,2025-11-12T07:22:00Z,2025-11-12T03:49:12Z,corso_IoT,ESP_LEOPIZZI,Lecce,Stanza,0.5688679245283021,-0.08084905660377362,1.0562264150943401,-0.10245283018867928,-0.2510377358490566,-0.3262264150943395,60.53584905660376,50,0,12.99056603773585,20.90000000000004
,,0,2025-11-12T00:10:00Z,2025-11-12T07:22:00Z,2025-11-12T03:50:24Z,corso_IoT,ESP_LEOPIZZI,Lecce,Stanza,0.5690740740740744,-0.08111111111111115,1.0553703703703707,-0.07824074074074075,-0.2551851851851851,-0.30805555555555547,60.43796296296285,50,0,14.518518518518519,20.87037037037039
,,0,2025-11-12T00:10:00Z,2025-11-12T07:22:00Z,2025-11-12T03:51:36Z,corso_IoT,ESP_LEOPIZZI,Lecce,Stanza,0.5684545454545458,-0.08081818181818186,1.056,-0.10609090909090904,-0.26136363636363635,-0.31745454545454554,60.39727272727263,50,0,12.463636363636363,20.88727272727276
,,0,2025-11-12T00:10:00Z,2025-11-12T07:22:00Z,2025-11-12T03:52:48Z,corso_IoT,ESP_LEOPIZZI,Lecce,Stanza,0.5652336448598138,-0.0709345794392524,1.0557009345794393,-0.1906542056074767,-0.30953271028037377,-0.3300934579439254,60.32149532710293,50,0,12.962616822429906,20.832710280373817
,,0,2025-11-12T00:10:00Z,2025-11-12T07:22:00Z,2025-11-12T03:54:00Z,corso_IoT,ESP_LEOPIZZI,Lecce,Stanza,0.564414414414415,-0.06639639639639643,1.0555855855855858,-0.11558558558558557,-0.2960360360360361,-0.32252252252252256,60.25585585585581,50,0,14.234234234234235,20.797297297297295
,,0,2025-11-12T00:10:00Z,2025-11-12T07:22:00Z,2025-11-12T03:55:12Z,corso_IoT,ESP_LEOPIZZI,Lecce,Stanza,0.5643750000000006,-0.06687500000000002,1.0556249999999998,-0.11196428571428572,-0.22214285714285711,-0.31446428571428564,60.28839285714298,50,0,12.428571428571429,20.71160714285715
,,0,2025-11-12T00:10:00Z,2025-11-12T07:22:00Z,2025-11-12T03:56:24Z,corso_IoT,ESP_LEOPIZZI,Lecce,Stanza,0.5657017543859654,-0.06692982456140352,1.0563157894736843,-0.12482456140350873,-0.2592105263157895,-0.33271929824561386,60.209649122806994,50,0,13.149122807017545,20.700000000000003
,,0,2025-11-12T00:10:00Z,2025-11-12T07:22:00Z,2025-11-12T03:57:36Z,corso_IoT,ESP_LEOPIZZI,Lecce,Stanza,0.5657657657657663,-0.06666666666666668,1.0561261261261263,-0.08990990990990995,-0.2677477477477478,-0.28315315315315315,60.10270270270279,50,0,11.54054054054054,20.693693693693707
,,0,2025-11-12T00:10:00Z,2025-11-12T07:22:00Z,2025-11-12T03:58:48Z,corso_IoT,ESP_LEOPIZZI,Lecce,Stanza,0.5652830188679252,-0.06669811320754718,1.0560377358490565,-0.1277358490566038,-0.25726415094339616,-0.31283018867924517,60.117924528301984,50,0,13.575471698113208,20.696226415094355
,,0,2025-11-12T00:10:00Z,2025-11-12T07:22:00Z,2025-11-12T04:00:00Z,corso_IoT,ESP_LEOPIZZI,Lecce,Stanza,0.5526605504587153,-0.05871559633027522,1.052293577981651,-0.5450458715596331,0.07623853211009167,-0.3077064220183487,60.100000000000094,49.54128440366973,0,11.862385321100918,20.68348623853211
,,0,2025-11-12T00:10:00Z,2025-11-12T07:22:00Z,2025-11-12T04:01:12Z,corso_IoT,ESP_LEOPIZZI,Lecce,Stanza,0.5606250000000007,-0.06839285714285719,1.0543749999999998,-0.11151785714285714,-0.22642857142857148,-0.3209821428571429,60.01517857142858,50,0,12.241071428571429,20.6116071428571
,,0,2025-11-12T00:10:00Z,2025-11-12T07:22:00Z,2025-11-12T04:02:24Z,corso_IoT,ESP_LEOPIZZI,Lecce,Stanza,0.5689908256880735,-0.06926605504587166,1.0587155963302761,-0.12055045871559639,-0.17366972477064216,-0.2721100917431193,60,50,0,13.385321100917432,20.59999999999996
,,0,2025-11-12T00:10:00Z,2025-11-12T07:22:00Z,2025-11-12T04:03:36Z,corso_IoT,ESP_LEOPIZZI,Lecce,Stanza,0.5724509803921568,-0.06735294117647063,1.0601960784313735,-0.0991176470588235,-0.20813725490196072,-0.3136274509803921,59.97843137254894,50,0,11.754901960784315,20.599999999999962
,,0,2025-11-12T00:10:00Z,2025-11-12T07:22:00Z,2025-11-12T04:04:48Z,corso_IoT,ESP_LEOPIZZI,Lecce,Stanza,0.574174757281553,-0.06786407766990293,1.060000000000001,-0.1189320388349514,-0.2363106796116506,-0.299126213592233,59.961165048543684,50,0,10.669902912621358,20.597087378640737
,,0,2025-11-12T00:10:00Z,2025-11-12T07:22:00Z,2025-11-12T04:06:00Z,corso_IoT,ESP_LEOPIZZI,Lecce,Stanza,0.5733944954128437,-0.06788990825688078,1.0605504587155974,-0.1134862385321101,-0.2677064220183487,-0.3327522935779815,59.899999999999906,50,0,12.100917431192661,20.59999999999996
,,0,2025-11-12T00:10:00Z,2025-11-12T07:22:00Z,2025-11-12T04:07:12Z,corso_IoT,ESP_LEOPIZZI,Lecce,Stanza,0.5728703703703701,-0.06805555555555562,1.0610185185185192,-0.13203703703703706,-0.23240740740740745,-0.30277777777777776,59.899999999999906,50,0,11,20.59999999999996
,,0,2025-11-12T00:10:00Z,2025-11-12T07:22:00Z,2025-11-12T04:08:24Z,corso_IoT,ESP_LEOPIZZI,Lecce,Stanza,0.5727272727272725,-0.06809090909090913,1.059909090909092,-0.09681818181818178,-0.23727272727272714,-0.3002727272727273,59.930909090909005,50,0,12.3,20.569090909090875
,,0,2025-11-12T00:10:00Z,2025-11-12T07:22:00Z,2025-11-12T04:09:36Z,corso_IoT,ESP_LEOPIZZI,Lecce,Stanza,0.5747706422018344,-0.06807339449541291,1.0606422018348634,-0.13954128440366972,-0.22954128440366986,-0.3107339449541285,59.83486238532119,50,0,11,20.59999999999996
,,0,2025-11-12T00:10:00Z,2025-11-12T07:22:00Z,2025-11-12T04:10:48Z,corso_IoT,ESP_LEOPIZZI,Lecce,Stanza,0.5747272727272722,-0.06809090909090913,1.0603636363636375,-0.09609090909090907,-0.24827272727272734,-0.31727272727272715,59.7072727272726,50,0,11.809090909090909,20.59272727272723
,,0,2025-11-12T00:10:00Z,2025-11-12T07:22:00Z,2025-11-12T04:12:00Z,corso_IoT,ESP_LEOPIZZI,Lecce,Stanza,0.5519090909090911,-0.06654545454545457,1.050545454545456,-0.13136363636363638,-0.26600000000000007,-0.2772727272727273,59.6890909090908,50,0,10.763636363636364,20.543636363636367
,,0,2025-11-12T00:10:00Z,2025-11-12T07:22:00Z,2025-11-12T04:13:12Z,corso_IoT,ESP_LEOPIZZI,Lecce,Stanza,0.5183636363636375,-0.06981818181818192,1.0337272727272744,-0.13172727272727275,-0.21154545454545465,-0.3002727272727273,59.69636363636352,50,0,10.8,20.50363636363636
,,0,2025-11-12T00:10:00Z,2025-11-12T07:22:00Z,2025-11-12T04:14:24Z,corso_IoT,ESP_LEOPIZZI,Lecce,Stanza,0.5182882882882894,-0.07027027027027037,1.0345045045045063,-0.12378378378378378,-0.22558558558558564,-0.31117117117117105,59.69999999999988,50,0,10.684684684684685,20.5
,,0,2025-11-12T00:10:00Z,2025-11-12T07:22:00Z,2025-11-12T04:15:36Z,corso_IoT,ESP_LEOPIZZI,Lecce,Stanza,0.5179279279279289,-0.07018018018018028,1.0343243243243259,-0.09414414414414417,-0.22828828828828837,-0.3003603603603603,59.68288288288286,50,0,10.675675675675675,20.5
,,0,2025-11-12T00:10:00Z,2025-11-12T07:22:00Z,2025-11-12T04:16:48Z,corso_IoT,ESP_LEOPIZZI,Lecce,Stanza,0.518148148148149,-0.07000000000000009,1.0347222222222234,-0.1014814814814815,-0.23564814814814813,-0.30824074074074087,59.62962962962973,50,0,11.212962962962964,20.5
,,0,2025-11-12T00:10:00Z,2025-11-12T07:22:00Z,2025-11-12T04:18:00Z,corso_IoT,ESP_LEOPIZZI,Lecce,Stanza,0.5183177570093466,-0.07018691588785057,1.034392523364488,-0.11570093457943931,-0.2433644859813085,-0.2979439252336448,59.5822429906543,50,0,10.373831775700934,20.5
,,0,2025-11-12T00:10:00Z,2025-11-12T07:22:00Z,2025-11-12T04:19:12Z,corso_IoT,ESP_LEOPIZZI,Lecce,Stanza,0.5186111111111119,-0.07037037037037047,1.0336111111111126,-0.1261111111111111,-0.2223148148148147,-0.2879629629629629,59.50925925925926,50,0,10.88888888888889,20.5
,,0,2025-11-12T00:10:00Z,2025-11-12T07:22:00Z,2025-11-12T04:20:24Z,corso_IoT,ESP_LEOPIZZI,Lecce,Stanza,0.5185849056603782,-0.06990566037735858,1.0344339622641525,-0.09877358490566035,-0.22311320754716985,-0.2713207547169812,59.44433962264141,50,0,11.018867924528301,20.5
,,0,2025-11-12T00:10:00Z,2025-11-12T07:22:00Z,2025-11-12T04:21:36Z,corso_IoT,ESP_LEOPIZZI,Lecce,Stanza,0.5204819277108439,-0.0790361445783133,1.0355421686747,-0.13530120481927713,-0.24855421686746987,-0.31987951807228915,59.41325301204819,50,0,11.36144578313253,20.5
,,0,2025-11-12T00:10:00Z,2025-11-12T07:22:00Z,2025-11-12T04:34:48Z,corso_IoT,ESP_LEOPIZZI,Lecce,Stanza,-0.0003448275862068966,0.0003448275862068966,1.0000000000000002,-0.03586206896551724,0.013103448275862071,-0.06482758620689655,62.45862068965516,0,0,11.413793103448276,19.26206896551723
,,0,2025-11-12T00:10:00Z,2025-11-12T07:22:00Z,2025-11-12T04:36:00Z,corso_IoT,ESP_LEOPIZZI,Lecce,Stanza,0,0.0006837606837606838,1.0010256410256408,-0.027179487179487184,-0.038119658119658124,-0.05350427350427349,62.26410256410262,0,0,12.196581196581196,19.50256410256408
,,0,2025-11-12T00:10:00Z,2025-11-12T07:22:00Z,2025-11-12T04:37:12Z,corso_IoT,ESP_LEOPIZZI,Lecce,Stanza,0.00035714285714285714,0.001785714285714286,1.0008035714285717,0.0005357142857142854,0.010892857142857124,-0.08116071428571428,61.79196428571438,0,0,12.276785714285714,19.676785714285753
,,0,2025-11-12T00:10:00Z,2025-11-12T07:22:00Z,2025-11-12T04:38:24Z,corso_IoT,ESP_LEOPIZZI,Lecce,Stanza,0.000505050505050505,0.0033333333333333344,1.0011111111111113,-0.017979797979797967,0.018080808080808065,-0.07353535353535352,61.41919191919192,0,0,11.636363636363637,19.79999999999997
,,0,2025-11-12T00:10:00Z,2025-11-12T07:22:00Z,2025-11-12T04:39:36Z,corso_IoT,ESP_LEOPIZZI,Lecce,Stanza,-0.00010101010101010101,0.005353535353535356,1.0017171717171718,-0.002727272727272733,-0.020404040404040414,-0.05545454545454542,61.16060606060614,0,0,11.080808080808081,19.849494949494982
,,0,2025-11-12T00:10:00Z,2025-11-12T07:22:00Z,2025-11-12T04:40:48Z,corso_IoT,ESP_LEOPIZZI,Lecce,Stanza,-0.11245283018867926,0.037169811320754725,0.957358490566038,0.3866981132075472,0.26660377358490567,-0.2033018867924528,61.07452830188681,8.018867924528301,0,10.471698113207546,19.90000000000004
,,0,2025-11-12T00:10:00Z,2025-11-12T07:22:00Z,2025-11-12T04:42:00Z,corso_IoT,ESP_LEOPIZZI,Lecce,Stanza,-0.26999999999999963,0.07233644859813088,0.8819626168224294,-0.03158878504672899,-0.12093457943925232,-0.06803738317757012,60.97383177570084,1.4018691588785046,0,11.813084112149532,19.929906542056088
,,0,2025-11-12T00:10:00Z,2025-11-12T07:22:00Z,2025-11-12T04:43:12Z,corso_IoT,ESP_LEOPIZZI,Lecce,Stanza,-0.29154545454545416,0.08245454545454547,0.8779090909090902,-0.06527272727272727,0.021818181818181813,-0.03436363636363636,60.846363636363755,0,0,10.436363636363636,20
,,0,2025-11-12T00:10:00Z,2025-11-12T07:22:00Z,2025-11-12T04:44:24Z,corso_IoT,ESP_LEOPIZZI,Lecce,Stanza,-0.2911607142857138,0.08491071428571427,0.8781249999999996,-0.04080357142857142,0.04973214285714283,-0.07973214285714288,60.71071428571436,0,0,10.776785714285714,20.03124999999997
,,0,2025-11-12T00:10:00Z,2025-11-12T07:22:00Z,2025-11-12T04:45:36Z,corso_IoT,ESP_LEOPIZZI,Lecce,Stanza,-0.29162162162162114,0.08684684684684679,0.8787387387387382,-0.06270270270270271,0.03711711711711712,-0.07819819819819825,60.53873873873872,0,0,10.243243243243244,20.096396396396354
,,0,2025-11-12T00:10:00Z,2025-11-12T07:22:00Z,2025-11-12T04:46:48Z,corso_IoT,ESP_LEOPIZZI,Lecce,Stanza,-0.29115044247787564,0.08725663716814154,0.8786725663716807,-0.03672566371681416,0.03566371681415927,-0.05389380530973449,60.43097345132731,0,0,10.150442477876107,20.09999999999996
,,0,2025-11-12T00:10:00Z,2025-11-12T07:22:00Z,2025-11-12T04:48:00Z,corso_IoT,ESP_LEOPIZZI,Lecce,Stanza,-0.2913513513513509,0.08747747747747742,0.8780180180180176,-0.04036036036036036,0.036216216216216214,-0.08396396396396394,60.36846846846854,0,0,10.27927927927928,20.09999999999996
,,0,2025-11-12T00:10:00Z,2025-11-12T07:22:00Z,2025-11-12T04:49:12Z,corso_IoT,ESP_LEOPIZZI,Lecce,Stanza,-0.29133928571428525,0.08848214285714277,0.8789285714285707,-0.06660714285714285,0.023482142857142858,-0.09116071428571434,60.30000000000012,0,0,10.160714285714286,20.156250000000004
,,0,2025-11-12T00:10:00Z,2025-11-12T07:22:00Z,2025-11-12T04:50:24Z,corso_IoT,ESP_LEOPIZZI,Lecce,Stanza,-0.2908108108108103,0.08900900900900892,0.8789189189189184,-0.029189189189189176,0.03765765765765766,-0.07396396396396393,60.30000000000012,0,0,10.045045045045045,20.200000000000014
,,0,2025-11-12T00:10:00Z,2025-11-12T07:22:00Z,2025-11-12T04:51:36Z,corso_IoT,ESP_LEOPIZZI,Lecce,Stanza,-0.29110091743119215,0.08908256880733936,0.8783486238532104,-0.0639449541284404,0.02174311926605505,-0.046880733944954164,60.245871559632945,0,0,10.853211009174313,20.200000000000017
,,0,2025-11-12T00:10:00Z,2025-11-12T07:22:00Z,2025-11-12T04:52:48Z,corso_IoT,ESP_LEOPIZZI,Lecce,Stanza,-0.2906363636363631,0.08927272727272718,0.8789999999999994,-0.04972727272727271,0.03863636363636364,-0.08418181818181818,60.19999999999988,0,0,10.272727272727273,20.200000000000017
,,0,2025-11-12T00:10:00Z,2025-11-12T07:22:00Z,2025-11-12T04:54:00Z,corso_IoT,ESP_LEOPIZZI,Lecce,Stanza,-0.291454545454545,0.08972727272727264,0.8789999999999997,-0.017090909090909077,0.06009090909090909,-0.08081818181818186,60.16090909090918,0,0,10.181818181818182,20.200000000000017
,,0,2025-11-12T00:10:00Z,2025-11-12T07:22:00Z,2025-11-12T04:55:12Z,corso_IoT,ESP_LEOPIZZI,Lecce,Stanza,-0.29091743119266006,0.09055045871559622,0.8794495412844028,0.0006422018348623879,0.023761467889908242,-0.07110091743119266,60.05688073394492,0,0,10.63302752293578,20.200000000000017
,,0,2025-11-12T00:10:00Z,2025-11-12T07:22:00Z,2025-11-12T04:56:24Z,corso_IoT,ESP_LEOPIZZI,Lecce,Stanza,-0.2914678899082564,0.09027522935779807,0.8797247706422013,0.005412844036697247,0.053577981651376144,-0.07211009174311928,59.992660550458616,0,0,10.44954128440367,20.22660550458718
,,0,2025-11-12T00:10:00Z,2025-11-12T07:22:00Z,2025-11-12T04:57:36Z,corso_IoT,ESP_LEOPIZZI,Lecce,Stanza,-0.2904587155963297,0.0910091743119265,0.8804587155963295,-0.020917431192660547,0.0522018348623853,-0.08550458715596329,59.882568807339446,0,0,9.63302752293578,20.299999999999986
,,0,2025-11-12T00:10:00Z,2025-11-12T07:22:00Z,2025-11-12T04:58:48Z,corso_IoT,ESP_LEOPIZZI,Lecce,Stanza,-0.2908928571428566,0.09053571428571418,0.8793749999999994,-0.05491071428571428,0.02866071428571429,-0.07946428571428572,59.80000000000012,0,0,11.035714285714286,20.29999999999999
,,0,2025-11-12T00:10:00Z,2025-11-12T07:22:00Z,2025-11-12T05:00:00Z,corso_IoT,ESP_LEOPIZZI,Lecce,Stanza,-0.29091743119266006,0.09073394495412833,0.8799082568807334,-0.03954128440366971,0.044587155963302774,-0.06403669724770646,59.80275229357809,0,0,10.715596330275229,20.297247706422006
,,0,2025-11-12T00:10:00Z,2025-11-12T07:22:00Z,2025-11-12T05:01:12Z,corso_IoT,ESP_LEOPIZZI,Lecce,Stanza,-0.29110091743119215,0.09119266055045862,0.879266055045871,-0.0420183486238532,0.024220183486238528,-0.08275229357798168,59.80000000000012,0,0,10.541284403669724,20.299999999999986
,,0,2025-11-12T00:10:00Z,2025-11-12T07:22:00Z,2025-11-12T05:02:24Z,corso_IoT,ESP_LEOPIZZI,Lecce,Stanza,-0.2910909090909086,0.09109090909090897,0.8806363636363629,-0.020545454545454526,0.043272727272727254,-0.06518181818181819,59.80000000000012,0,0,9.818181818181818,20.299999999999986
,,0,2025-11-12T00:10:00Z,2025-11-12T07:22:00Z,2025-11-12T05:03:36Z,corso_IoT,ESP_LEOPIZZI,Lecce,Stanza,-0.29090090090090037,0.09135135135135125,0.8806306306306301,-0.03090090090090089,0.05945945945945944,-0.06387387387387387,59.80000000000012,0,0,10.342342342342342,20.29999999999999
,,0,2025-11-12T00:10:00Z,2025-11-12T07:22:00Z,2025-11-12T05:04:48Z,corso_IoT,ESP_LEOPIZZI,Lecce,Stanza,-0.290825688073394,0.09155963302752282,0.881009174311926,-0.010825688073394495,0.0589908256880734,-0.0818348623853211,59.80000000000012,0,0,10.889908256880734,20.299999999999986
,,0,2025-11-12T00:10:00Z,2025-11-12T07:22:00Z,2025-11-12T05:06:00Z,corso_IoT,ESP_LEOPIZZI,Lecce,Stanza,-0.29106194690265436,0.0908849557522123,0.8799115044247784,-0.011327433628318583,0.006548672566371668,-0.086283185840708,59.80000000000012,0,0,11.150442477876107,20.299999999999994
,,0,2025-11-12T00:10:00Z,2025-11-12T07:22:00Z,2025-11-12T05:07:12Z,corso_IoT,ESP_LEOPIZZI,Lecce,Stanza,-0.2910810810810806,0.09144144144144131,0.88072072072072,-0.029729729729729704,0.06144144144144144,-0.08954954954954951,59.80000000000012,0,0,9.82882882882883,20.29999999999999
,,0,2025-11-12T00:10:00Z,2025-11-12T07:22:00Z,2025-11-12T05:08:24Z,corso_IoT,ESP_LEOPIZZI,Lecce,Stanza,-0.2910810810810806,0.0915315315315314,0.8803603603603597,-0.060990990990990986,0.031621621621621625,-0.09423423423423424,59.80000000000012,0,0,9.963963963963964,20.29999999999999
,,0,2025-11-12T00:10:00Z,2025-11-12T07:22:00Z,2025-11-12T05:09:36Z,corso_IoT,ESP_LEOPIZZI,Lecce,Stanza,-0.2910714285714281,0.09178571428571417,0.8799107142857133,0.014464285714285716,0.036517857142857144,-0.10178571428571433,59.80000000000012,0,0,10.714285714285714,20.29999999999999
,,0,2025-11-12T00:10:00Z,2025-11-12T07:22:00Z,2025-11-12T05:10:48Z,corso_IoT,ESP_LEOPIZZI,Lecce,Stanza,-0.291018518518518,0.0924074074074073,0.880555555555555,-0.055370370370370355,0.008240740740740736,-0.0642592592592593,59.80000000000012,0,0,10.75,20.299999999999983
,,0,2025-11-12T00:10:00Z,2025-11-12T07:22:00Z,2025-11-12T05:12:00Z,corso_IoT,ESP_LEOPIZZI,Lecce,Stanza,-0.29066666666666613,0.09247619047619036,0.8797142857142852,-0.007523809523809506,-0.001047619047619042,-0.06723809523809525,59.817142857142905,0,0,8.352380952380953,20.296190476190453
,,0,2025-11-12T00:10:00Z,2025-11-12T07:22:00Z,2025-11-12T05:13:12Z,corso_IoT,ESP_LEOPIZZI,Lecce,Stanza,-0.291018518518518,0.09203703703703693,0.880555555555555,0.002777777777777781,0.042407407407407414,-0.08425925925925923,59.804629629629744,0,0,10.472222222222221,20.299999999999983
,,0,2025-11-12T00:10:00Z,2025-11-12T07:22:00Z,2025-11-12T05:14:24Z,corso_IoT,ESP_LEOPIZZI,Lecce,Stanza,-0.29196261682242963,0.09271028037383164,0.880280373831775,-0.05803738317757007,-0.031588785046728976,-0.0669158878504673,59.80000000000011,0,0,9.682242990654206,20.299999999999983
,,0,2025-11-12T00:10:00Z,2025-11-12T07:22:00Z,2025-11-12T05:15:36Z,corso_IoT,ESP_LEOPIZZI,Lecce,Stanza,-0.27579439252336435,0.07551401869158872,0.8835514018691595,-0.00018691588785044657,-0.0076635514018691606,-0.11700934579439257,59.80000000000011,4.205607476635514,0,10.457943925233645,20.299999999999983
,,0,2025-11-12T00:10:00Z,2025-11-12T07:22:00Z,2025-11-12T05:16:48Z,corso_IoT,ESP_LEOPIZZI,Lecce,Stanza,-0.23207547169811343,0.04188679245283019,0.8894339622641512,-0.016320754716981127,-0.0056603773584905665,-0.10839622641509437,59.80000000000011,0,0,10.641509433962264,20.29999999999998
,,0,2025-11-12T00:10:00Z,2025-11-12T07:22:00Z,2025-11-12T05:18:00Z,corso_IoT,ESP_LEOPIZZI,Lecce,Stanza,-0.23225490196078447,0.04186274509803922,0.8904901960784318,0.005294117647058825,0.0003921568627451011,-0.1129411764705882,59.80000000000011,0,0,10.57843137254902,20.299999999999972
,,0,2025-11-12T00:10:00Z,2025-11-12T07:22:00Z,2025-11-12T05:19:12Z,corso_IoT,ESP_LEOPIZZI,Lecce,Stanza,-0.23361111111111116,0.041481481481481494,0.8898148148148153,-0.015925925925925923,0.014629629629629628,-0.12175925925925932,59.80000000000012,0,0,10.50925925925926,20.30462962962961
,,0,2025-11-12T00:10:00Z,2025-11-12T07:22:00Z,2025-11-12T05:20:24Z,corso_IoT,ESP_LEOPIZZI,Lecce,Stanza,-0.23243243243243267,0.04225225225225225,0.8906306306306313,0.0067567567567567545,0.02576576576576575,-0.09333333333333327,59.80000000000012,0,0,9.702702702702704,20.35315315315316
,,0,2025-11-12T00:10:00Z,2025-11-12T07:22:00Z,2025-11-12T05:21:36Z,corso_IoT,ESP_LEOPIZZI,Lecce,Stanza,-0.23305555555555563,0.04185185185185186,0.8901851851851854,-0.0017592592592592608,0.005555555555555548,-0.11129629629629628,59.80000000000012,0,0,11.38888888888889,20.299999999999983
,,0,2025-11-12T00:10:00Z,2025-11-12T07:22:00Z,2025-11-12T05:22:48Z,corso_IoT,ESP_LEOPIZZI,Lecce,Stanza,-0.2340178571428571,0.041964285714285725,0.890446428571429,-0.008571428571428579,0.021517857142857137,-0.11080357142857143,59.80000000000012,0,0,10.035714285714286,20.29999999999999
,,0,2025-11-12T00:10:00Z,2025-11-12T07:22:00Z,2025-11-12T05:24:00Z,corso_IoT,ESP_LEOPIZZI,Lecce,Stanza,-0.23345794392523372,0.041588785046728985,0.8900000000000001,-0.013738317757009344,0.013084112149532708,-0.1197196261682243,59.80000000000011,0,0,10.598130841121495,20.320560747663553
,,0,2025-11-12T00:10:00Z,2025-11-12T07:22:00Z,2025-11-12T05:25:12Z,corso_IoT,ESP_LEOPIZZI,Lecce,Stanza,-0.23456310679611647,0.04194174757281554,0.8895145631067966,0.027378640776699038,0.009514563106796103,-0.0858252427184466,59.80000000000011,0,0,10.54368932038835,20.303883495145605
,,0,2025-11-12T00:10:00Z,2025-11-12T07:22:00Z,2025-11-12T05:26:24Z,corso_IoT,ESP_LEOPIZZI,Lecce,Stanza,-0.23528301886792455,0.04254716981132075,0.8896226415094346,-0.0169811320754717,0.033773584905660375,-0.12009433962264147,59.80000000000011,0,0,10.349056603773585,20.333018867924533
,,0,2025-11-12T00:10:00Z,2025-11-12T07:22:00Z,2025-11-12T05:27:36Z,corso_IoT,ESP_LEOPIZZI,Lecce,Stanza,-0.2355357142857142,0.041964285714285725,0.8905357142857149,-0.002053571428571425,0.007946428571428577,-0.09482142857142863,59.80000000000012,0,0,10.223214285714286,20.396428571428608
,,0,2025-11-12T00:10:00Z,2025-11-12T07:22:00Z,2025-11-12T05:28:48Z,corso_IoT,ESP_LEOPIZZI,Lecce,Stanza,-0.23440366972477067,0.04486238532110089,0.8900917431192666,0.06504587155963303,0.0015596330275229244,-0.1126605504587156,59.78532110091752,1.3761467889908257,0,10.412844036697248,20.392660550458753
,,0,2025-11-12T00:10:00Z,2025-11-12T07:22:00Z,2025-11-12T05:30:00Z,corso_IoT,ESP_LEOPIZZI,Lecce,Stanza,-0.23045871559633058,0.05036697247706413,0.8920183486238539,-0.03954128440366971,0.012752293577981645,-0.08807339449541284,59.730275229357694,0,0,10.155963302752294,20.40000000000004
,,0,2025-11-12T00:10:00Z,2025-11-12T07:22:00Z,2025-11-12T05:31:12Z,corso_IoT,ESP_LEOPIZZI,Lecce,Stanza,-0.4143925233644861,0.2040186915887852,0.8892523364485985,-0.4786915887850468,-0.40102803738317727,-0.08514018691588784,59.721495327102765,4.672897196261682,0,10.551401869158878,20.38691588785049
,,0,2025-11-12T00:10:00Z,2025-11-12T07:22:00Z,2025-11-12T05:32:24Z,corso_IoT,ESP_LEOPIZZI,Lecce,Stanza,-0.4579090909090916,0.23327272727272738,0.8882727272727273,0.0006363636363636347,0.002454545454545451,-0.0723636363636364,59.791818181818265,0,0,10.554545454545455,20.396363636363677
,,0,2025-11-12T00:10:00Z,2025-11-12T07:22:00Z,2025-11-12T05:33:36Z,corso_IoT,ESP_LEOPIZZI,Lecce,Stanza,-0.4594545454545461,0.237090909090909,0.8882727272727279,-0.06481818181818177,-0.04918181818181818,-0.06654545454545456,59.69999999999988,0.45454545454545453,0,10.572727272727272,20.397272727272767
,,0,2025-11-12T00:10:00Z,2025-11-12T07:22:00Z,2025-11-12T05:34:48Z,corso_IoT,ESP_LEOPIZZI,Lecce,Stanza,-0.47357798165137666,0.23715596330275185,0.8890825688073396,0.03844036697247707,0.18605504587155963,-0.09403669724770644,59.69999999999988,5.963302752293578,0,10.477064220183486,20.37889908256883
,,0,2025-11-12T00:10:00Z,2025-11-12T07:22:00Z,2025-11-12T05:36:00Z,corso_IoT,ESP_LEOPIZZI,Lecce,Stanza,-0.49036697247706457,0.24229357798165105,0.888256880733945,-0.02073394495412844,-0.042293577981651384,-0.1038532110091743,59.69999999999988,0,0,9.155963302752294,20.324770642201823
,,0,2025-11-12T00:10:00Z,2025-11-12T07:22:00Z,2025-11-12T05:37:12Z,corso_IoT,ESP_LEOPIZZI,Lecce,Stanza,-0.4909259259259262,0.24546296296296277,0.8894444444444448,-0.05814814814814816,-0.16629629629629628,-0.06222222222222223,59.69999999999988,1.3888888888888888,0,10.944444444444445,20.396296296296335
,,0,2025-11-12T00:10:00Z,2025-11-12T07:22:00Z,2025-11-12T05:38:24Z,corso_IoT,ESP_LEOPIZZI,Lecce,Stanza,-0.49111111111111144,0.2503703703703704,0.8909259259259263,-0.025462962962962958,-0.06287037037037037,-0.12435185185185187,59.72592592592591,0,0,9.842592592592593,20.38981481481485
,,0,2025-11-12T00:10:00Z,2025-11-12T07:22:00Z,2025-11-12T05:39:36Z,corso_IoT,ESP_LEOPIZZI,Lecce,Stanza,-0.4913636363636368,0.2549090909090915,0.8909090909090915,-0.04581818181818182,0.018909090909090914,-0.1350909090909091,59.70636363636353,0,0.022636363636363635,9.227272727272727,20.40000000000004
,,0,2025-11-12T00:10:00Z,2025-11-12T07:22:00Z,2025-11-12T05:40:48Z,corso_IoT,ESP_LEOPIZZI,Lecce,Stanza,-0.395045045045044,0.20387387387387365,0.9024324324324337,-0.00432432432432434,0.10234234234234235,-0.2099099099099099,59.69999999999988,2.2522522522522523,0.3813513513513509,11.27027027027027,20.40000000000004
,,0,2025-11-12T00:10:00Z,2025-11-12T07:22:00Z,2025-11-12T05:42:00Z,corso_IoT,ESP_LEOPIZZI,Lecce,Stanza,-0.1533944954128442,0.052477064220183396,0.9244036697247722,0.014495412844036697,-0.022935779816513773,-0.10697247706422014,59.69999999999988,0,0.7690825688073383,9.81651376146789,20.386238532110127
,,0,2025-11-12T00:10:00Z,2025-11-12T07:22:00Z,2025-11-12T05:43:12Z,corso_IoT,ESP_LEOPIZZI,Lecce,Stanza,-0.1523214285714287,0.0499999999999999,0.924464285714288,0.007767857142857143,-0.01892857142857143,-0.10857142857142853,59.70357142857132,0,0.8299999999999986,9.446428571428571,20.32321428571429
,,0,2025-11-12T00:10:00Z,2025-11-12T07:22:00Z,2025-11-12T05:44:24Z,corso_IoT,ESP_LEOPIZZI,Lecce,Stanza,-0.1509090909090911,0.04981818181818172,0.9237272727272745,0.00018181818181817996,0.024636363636363644,-0.103,59.70363636363624,0,0.8299999999999986,10.245454545454546,20.396363636363677
,,0,2025-11-12T00:10:00Z,2025-11-12T07:22:00Z,2025-11-12T05:45:36Z,corso_IoT,ESP_LEOPIZZI,Lecce,Stanza,-0.15127272727272745,0.04945454545454536,0.9249090909090926,-0.004090909090909092,-0.04527272727272729,-0.11654545454545455,59.69999999999988,0,0.8299999999999986,9.627272727272727,20.40000000000004
,,0,2025-11-12T00:10:00Z,2025-11-12T07:22:00Z,2025-11-12T05:46:48Z,corso_IoT,ESP_LEOPIZZI,Lecce,Stanza,-0.1510091743119268,0.04935779816513752,0.9244954128440386,-0.016605504587155966,-0.03311926605504587,-0.13110091743119268,59.69999999999988,0,0.8299999999999987,9.55045871559633,20.40000000000004
,,0,2025-11-12T00:10:00Z,2025-11-12T07:22:00Z,2025-11-12T05:48:00Z,corso_IoT,ESP_LEOPIZZI,Lecce,Stanza,-0.15063636363636385,0.04472727272727271,0.9237272727272743,0.006999999999999999,-0.01427272727272728,-0.12127272727272725,59.69999999999988,0,1.4867272727272711,10.345454545454546,20.40000000000004
,,0,2025-11-12T00:10:00Z,2025-11-12T07:22:00Z,2025-11-12T05:49:12Z,corso_IoT,ESP_LEOPIZZI,Lecce,Stanza,-0.15045045045045063,0.04387387387387385,0.9238738738738755,0.02027027027027027,-0.027837837837837838,-0.09837837837837841,59.69999999999988,0,1.669999999999997,12.117117117117116,20.40000000000004
,,0,2025-11-12T00:10:00Z,2025-11-12T07:22:00Z,2025-11-12T05:50:24Z,corso_IoT,ESP_LEOPIZZI,Lecce,Stanza,-0.2104545454545455,0.059363636363636355,0.9631818181818188,-0.013090909090909151,-0.12427272727272724,-0.29227272727272713,59.69999999999988,9.545454545454545,1.669999999999997,10.463636363636363,20.40000000000004
,,0,2025-11-12T00:10:00Z,2025-11-12T07:22:00Z,2025-11-12T05:51:36Z,corso_IoT,ESP_LEOPIZZI,Lecce,Stanza,-0.5900000000000005,0.22009708737864045,1.0520388349514567,0.15728155339805822,-0.48388349514563095,-0.2337864077669902,59.719417475728115,49.51456310679612,1.5883495145631055,11.815533980582524,20.400000000000038
,,0,2025-11-12T00:10:00Z,2025-11-12T07:22:00Z,2025-11-12T05:52:48Z,corso_IoT,ESP_LEOPIZZI,Lecce,Stanza,-0.6079439252336447,0.2902803738317751,0.9053271028037378,0.007009345794392525,-0.02439252336448598,-0.09850467289719628,59.749532710280306,50,2.4534579439252333,11.91588785046729,20.40000000000004
,,0,2025-11-12T00:10:00Z,2025-11-12T07:22:00Z,2025-11-12T05:54:00Z,corso_IoT,ESP_LEOPIZZI,Lecce,Stanza,-0.6087387387387385,0.2916216216216212,0.9056756756756749,0.005045045045045047,-0.02792792792792792,-0.08810810810810815,59.69999999999988,50,3.015945945945947,12.162162162162161,20.40000000000004
,,0,2025-11-12T00:10:00Z,2025-11-12T07:22:00Z,2025-11-12T05:55:12Z,corso_IoT,ESP_LEOPIZZI,Lecce,Stanza,-0.6096190476190473,0.29219047619047583,0.9069523809523801,0.008666666666666665,-0.002666666666666668,-0.09733333333333329,59.69999999999989,50,3.8100000000000023,11.961904761904762,20.400000000000038
,,0,2025-11-12T00:10:00Z,2025-11-12T07:22:00Z,2025-11-12T05:56:24Z,corso_IoT,ESP_LEOPIZZI,Lecce,Stanza,-0.5956190476190484,0.30590476190476174,0.9140000000000008,-0.07285714285714287,0.05285714285714294,-0.1653333333333333,59.647619047619116,50,4.438761904761903,12.085714285714285,20.400000000000038
,,0,2025-11-12T00:10:00Z,2025-11-12T07:22:00Z,2025-11-12T05:57:36Z,corso_IoT,ESP_LEOPIZZI,Lecce,Stanza,-0.5910377358490582,0.34669811320754773,0.9295283018867944,0.0002830188679245317,-0.0059433962264151,-0.07179245283018869,59.689622641509324,50,5,11.90566037735849,20.40000000000004
,,0,2025-11-12T00:10:00Z,2025-11-12T07:22:00Z,2025-11-12T05:58:48Z,corso_IoT,ESP_LEOPIZZI,Lecce,Stanza,-0.5912000000000015,0.3488000000000006,0.9295000000000018,-0.011599999999999992,0.010799999999999999,-0.08339999999999997,59.69999999999989,50,5.556099999999998,11.81,20.400000000000038
,,0,2025-11-12T00:10:00Z,2025-11-12T07:22:00Z,2025-11-12T06:00:00Z,corso_IoT,ESP_LEOPIZZI,Lecce,Stanza,-0.606476190476191,0.33838095238095245,0.9259999999999996,0.04523809523809524,-0.22914285714285718,-0.06676190476190477,59.69999999999989,50,5.679904761904759,12.657142857142857,20.400000000000038
,,0,2025-11-12T00:10:00Z,2025-11-12T07:22:00Z,2025-11-12T06:01:12Z,corso_IoT,ESP_LEOPIZZI,Lecce,Stanza,-0.6461904761904759,0.3040000000000001,0.9127619047619037,-0.009999999999999998,-0.00838095238095238,-0.08019047619047612,59.697142857142744,50,6.621999999999993,12.39047619047619,20.400000000000038
,,0,2025-11-12T00:10:00Z,2025-11-12T07:22:00Z,2025-11-12T06:02:24Z,corso_IoT,ESP_LEOPIZZI,Lecce,Stanza,-0.613363636363636,0.29736363636363616,0.9170909090909097,0.257,0.0032727272727272596,-0.12954545454545457,59.69999999999988,50,7.0396363636363635,11.454545454545455,20.40000000000004
,,0,2025-11-12T00:10:00Z,2025-11-12T07:22:00Z,2025-11-12T06:03:36Z,corso_IoT,ESP_LEOPIZZI,Lecce,Stanza,-0.23472222222222208,0.21907407407407395,0.9325925925925943,-0.1224999999999999,0.024444444444444418,-0.15694444444444447,59.69351851851842,2.314814814814815,7.5,10.287037037037036,20.40000000000004
,,0,2025-11-12T00:10:00Z,2025-11-12T07:22:00Z,2025-11-12T06:04:48Z,corso_IoT,ESP_LEOPIZZI,Lecce,Stanza,-0.2351886792452829,0.22075471698113197,0.9322641509433977,0.003962264150943394,0.002547169811320753,-0.10971698113207551,59.697169811320656,0,8.079433962264162,10.518867924528301,20.40000000000004
,,0,2025-11-12T00:10:00Z,2025-11-12T07:22:00Z,2025-11-12T06:06:00Z,corso_IoT,ESP_LEOPIZZI,Lecce,Stanza,-0.3305882352941178,0.26372549019607877,0.9364705882352944,0.020588235294117626,0.228529411764706,-0.31588235294117634,59.650000000000084,19.607843137254903,7.743235294117642,10.754901960784315,20.41568627450983
,,0,2025-11-12T00:10:00Z,2025-11-12T07:22:00Z,2025-11-12T06:07:12Z,corso_IoT,ESP_LEOPIZZI,Lecce,Stanza,-0.4310101010101008,0.36979797979797974,0.9496969696969708,-0.005454545454545452,-0.022525252525252528,-0.17282828282828278,59.60000000000007,48.98989898989899,9.08525252525251,12.808080808080808,20.403030303030334
,,0,2025-11-12T00:10:00Z,2025-11-12T07:22:00Z,2025-11-12T06:08:24Z,corso_IoT,ESP_LEOPIZZI,Lecce,Stanza,-0.4302912621359221,0.370388349514563,0.9499029126213602,0.009708737864077673,-0.00281553398058253,-0.13844660194174768,59.61456310679612,48.54368932038835,9.234466019417463,11.25242718446602,20.400000000000038
,,0,2025-11-12T00:10:00Z,2025-11-12T07:22:00Z,2025-11-12T06:09:36Z,corso_IoT,ESP_LEOPIZZI,Lecce,Stanza,-0.42981308411214936,0.37018691588785024,0.9489719626168237,0.012616822429906539,0.01009345794392523,-0.15981308411214964,59.69999999999989,47.19626168224299,10,10.63551401869159,20.40000000000004
,,0,2025-11-12T00:10:00Z,2025-11-12T07:22:00Z,2025-11-12T06:10:48Z,corso_IoT,ESP_LEOPIZZI,Lecce,Stanza,-0.5409090909090902,0.2508181818181818,0.9017272727272729,0.6406363636363634,0.7675454545454546,0.3797272727272728,59.75000000000004,44.09090909090909,10.195727272727279,11.49090909090909,20.40000000000004
,,0,2025-11-12T00:10:00Z,2025-11-12T07:22:00Z,2025-11-12T06:12:00Z,corso_IoT,ESP_LEOPIZZI,Lecce,Stanza,-0.5760360360360369,-0.011081081081081114,1.498288288288288,0.996216216216215,-1.7745045045045071,-0.5572072072072076,59.80000000000012,49.549549549549546,10.837567567567573,11.936936936936936,20.40000000000004
,,0,2025-11-12T00:10:00Z,2025-11-12T07:22:00Z,2025-11-12T06:13:12Z,corso_IoT,ESP_LEOPIZZI,Lecce,Stanza,-0.5600000000000008,-0.08000000000000006,1.7100000000000006,1.1899999999999986,-2.3300000000000054,-0.7399999999999994,59.80000000000012,50,11.446513761467882,12.146788990825687,20.34587155963302
,,0,2025-11-12T00:10:00Z,2025-11-12T07:22:00Z,2025-11-12T06:14:24Z,corso_IoT,ESP_LEOPIZZI,Lecce,Stanza,-0.5600000000000008,-0.08000000000000006,1.7100000000000006,1.1899999999999986,-2.3300000000000054,-0.7399999999999994,59.80000000000012,50,11.60777777777778,11.175925925925926,20.377777777777812
,,0,2025-11-12T00:10:00Z,2025-11-12T07:22:00Z,2025-11-12T06:15:36Z,corso_IoT,ESP_LEOPIZZI,Lecce,Stanza,-0.5600000000000008,-0.08000000000000006,1.7100000000000006,1.1899999999999986,-2.3300000000000054,-0.7399999999999994,59.8537037037036,50,11.816018518518515,10.74074074074074,20.299999999999983
,,0,2025-11-12T00:10:00Z,2025-11-12T07:22:00Z,2025-11-12T06:16:48Z,corso_IoT,ESP_LEOPIZZI,Lecce,Stanza,-0.5600000000000007,-0.08000000000000006,1.7100000000000004,1.1899999999999984,-2.330000000000005,-0.7399999999999997,59.89999999999991,50,12.31644230769231,13.548076923076923,20.30288461538459
,,0,2025-11-12T00:10:00Z,2025-11-12T07:22:00Z,2025-11-12T06:18:00Z,corso_IoT,ESP_LEOPIZZI,Lecce,Stanza,-0.5600000000000008,-0.08000000000000006,1.7100000000000006,1.1899999999999984,-2.3300000000000054,-0.7399999999999994,59.90636363636355,50,12.71881818181817,10.836363636363636,20.299999999999986
,,0,2025-11-12T00:10:00Z,2025-11-12T07:22:00Z,2025-11-12T06:19:12Z,corso_IoT,ESP_LEOPIZZI,Lecce,Stanza,-0.5600000000000008,-0.08000000000000006,1.7100000000000006,1.1899999999999986,-2.3300000000000054,-0.7399999999999994,59.93486238532099,50,13.192935779816503,13.110091743119266,20.299999999999986
,,0,2025-11-12T00:10:00Z,2025-11-12T07:22:00Z,2025-11-12T06:20:24Z,corso_IoT,ESP_LEOPIZZI,Lecce,Stanza,-0.5600000000000008,-0.08000000000000006,1.7100000000000004,1.1899999999999984,-2.3300000000000054,-0.7399999999999995,59.90849056603766,50,13.900566037735864,11.037735849056604,20.29999999999998
,,0,2025-11-12T00:10:00Z,2025-11-12T07:22:00Z,2025-11-12T06:21:36Z,corso_IoT,ESP_LEOPIZZI,Lecce,Stanza,-0.5600000000000007,-0.08000000000000006,1.71,1.1899999999999984,-2.330000000000005,-0.7399999999999999,60.03000000000011,50,14.153200000000005,11.71,20.29999999999997
,,0,2025-11-12T00:10:00Z,2025-11-12T07:22:00Z,2025-11-12T06:22:48Z,corso_IoT,ESP_LEOPIZZI,Lecce,Stanza,-0.5531372549019615,-0.07303921568627457,1.686078431372549,0.6913725490196071,-2.1912745098039257,-0.765196078431372,60.03431372549023,50,14.560196078431368,12.313725490196079,20.299999999999972
,,0,2025-11-12T00:10:00Z,2025-11-12T07:22:00Z,2025-11-12T06:24:00Z,corso_IoT,ESP_LEOPIZZI,Lecce,Stanza,-0.5600000000000008,-0.08000000000000006,1.7100000000000006,1.1899999999999984,-2.3300000000000054,-0.7399999999999994,60.17909090909086,50,15.535727272727257,10.290909090909091,20.373636363636404
,,0,2025-11-12T00:10:00Z,2025-11-12T07:22:00Z,2025-11-12T06:25:12Z,corso_IoT,ESP_LEOPIZZI,Lecce,Stanza,-0.5600000000000008,-0.08000000000000006,1.7100000000000004,1.1899999999999984,-2.3300000000000054,-0.7399999999999995,60.09716981132083,50,15.917924528301896,11.80188679245283,20.397169811320786
,,0,2025-11-12T00:10:00Z,2025-11-12T07:22:00Z,2025-11-12T06:26:24Z,corso_IoT,ESP_LEOPIZZI,Lecce,Stanza,-0.5600000000000008,-0.08000000000000006,1.7100000000000006,1.1899999999999984,-2.3300000000000054,-0.7399999999999995,60.140186915887746,50,16.51299065420562,13.261682242990654,20.397196261682282
,,0,2025-11-12T00:10:00Z,2025-11-12T07:22:00Z,2025-11-12T06:27:36Z,corso_IoT,ESP_LEOPIZZI,Lecce,Stanza,-0.5600000000000008,-0.08000000000000006,1.7100000000000004,1.1899999999999984,-2.3300000000000054,-0.7399999999999995,60.3301886792452,50,16.6224528301887,11.179245283018869,20.40000000000004
,,0,2025-11-12T00:10:00Z,2025-11-12T07:22:00Z,2025-11-12T06:28:48Z,corso_IoT,ESP_LEOPIZZI,Lecce,Stanza,-0.5600000000000008,-0.08000000000000006,1.7100000000000004,1.1899999999999984,-2.3300000000000054,-0.7399999999999997,60.39999999999991,50,17.21542857142858,11.447619047619048,20.440952380952385
,,0,2025-11-12T00:10:00Z,2025-11-12T07:22:00Z,2025-11-12T06:30:00Z,corso_IoT,ESP_LEOPIZZI,Lecce,Stanza,-0.5600000000000008,-0.08000000000000006,1.7100000000000004,1.1899999999999984,-2.3300000000000054,-0.7399999999999995,60.28584905660384,50,17.453018867924527,10.50943396226415,20.5
,,0,2025-11-12T00:10:00Z,2025-11-12T07:22:00Z,2025-11-12T06:31:12Z,corso_IoT,ESP_LEOPIZZI,Lecce,Stanza,-0.5600000000000007,-0.08000000000000006,1.7100000000000002,1.1899999999999984,-2.330000000000005,-0.7399999999999998,60.19999999999989,50,18.094019607843116,10.882352941176471,20.5
,,0,2025-11-12T00:10:00Z,2025-11-12T07:22:00Z,2025-11-12T06:32:24Z,corso_IoT,ESP_LEOPIZZI,Lecce,Stanza,-0.5600000000000008,-0.08000000000000006,1.7100000000000004,1.1899999999999984,-2.3300000000000054,-0.7399999999999997,60.19999999999989,50,18.163999999999977,11.657142857142857,20.5
,,0,2025-11-12T00:10:00Z,2025-11-12T07:22:00Z,2025-11-12T06:33:36Z,corso_IoT,ESP_LEOPIZZI,Lecce,Stanza,-0.5600000000000008,-0.08000000000000006,1.7100000000000004,1.1899999999999984,-2.3300000000000054,-0.7399999999999995,60.16981132075477,50,18.425566037735845,11.566037735849056,20.5
,,0,2025-11-12T00:10:00Z,2025-11-12T07:22:00Z,2025-11-12T06:34:48Z,corso_IoT,ESP_LEOPIZZI,Lecce,Stanza,-0.5600000000000008,-0.08000000000000006,1.7100000000000004,1.1899999999999984,-2.3300000000000054,-0.7399999999999995,60.14150943396224,50,18.95603773584907,12.320754716981131,20.5
,,0,2025-11-12T00:10:00Z,2025-11-12T07:22:00Z,2025-11-12T06:36:00Z,corso_IoT,ESP_LEOPIZZI,Lecce,Stanza,-0.5600000000000008,-0.08000000000000006,1.7100000000000004,1.1899999999999984,-2.3300000000000054,-0.7399999999999995,60.10660377358496,50,19.263490566037753,11.971698113207546,20.496226415094345
,,0,2025-11-12T00:10:00Z,2025-11-12T07:22:00Z,2025-11-12T06:37:12Z,corso_IoT,ESP_LEOPIZZI,Lecce,Stanza,-0.5600000000000008,-0.08000000000000006,1.7100000000000006,1.1899999999999984,-2.3300000000000054,-0.7399999999999995,60.14205607476635,50,19.821588785046735,10.504672897196262,20.497196261682245
,,0,2025-11-12T00:10:00Z,2025-11-12T07:22:00Z,2025-11-12T06:38:24Z,corso_IoT,ESP_LEOPIZZI,Lecce,Stanza,-0.5600000000000008,-0.08000000000000006,1.7100000000000006,1.1899999999999984,-2.3300000000000054,-0.7399999999999995,60.10934579439262,50,20.015514018691587,10.598130841121495,20.496261682242995
,,0,2025-11-12T00:10:00Z,2025-11-12T07:22:00Z,2025-11-12T06:39:36Z,corso_IoT,ESP_LEOPIZZI,Lecce,Stanza,-0.5600000000000007,-0.08000000000000006,1.71,1.1899999999999984,-2.330000000000005,-0.7399999999999999,60.06599999999996,50,20.556099999999983,11.9,20.5
,,0,2025-11-12T00:10:00Z,2025-11-12T07:22:00Z,2025-11-12T06:40:48Z,corso_IoT,ESP_LEOPIZZI,Lecce,Stanza,-0.5600000000000006,-0.08000000000000006,1.7099999999999997,1.1899999999999984,-2.3300000000000045,-0.7400000000000001,60,50,20.63114583333331,11.364583333333334,20.472916666666688
,,0,2025-11-12T00:10:00Z,2025-11-12T07:22:00Z,2025-11-12T06:42:00Z,corso_IoT,ESP_LEOPIZZI,Lecce,Stanza,-0.5600000000000008,-0.08000000000000006,1.7100000000000004,1.1899999999999984,-2.3300000000000054,-0.7399999999999995,60,50,20.610754716981113,12.254716981132075,20.42452830188683
,,0,2025-11-12T00:10:00Z,2025-11-12T07:22:00Z,2025-11-12T06:43:12Z,corso_IoT,ESP_LEOPIZZI,Lecce,Stanza,-0.5600000000000008,-0.08000000000000006,1.7100000000000006,1.1899999999999986,-2.3300000000000054,-0.7399999999999994,59.956481481481354,50,20.630185185185155,10.814814814814815,20.411111111111147
,,0,2025-11-12T00:10:00Z,2025-11-12T07:22:00Z,2025-11-12T06:44:24Z,corso_IoT,ESP_LEOPIZZI,Lecce,Stanza,-0.5600000000000007,-0.08000000000000006,1.7100000000000004,1.1899999999999984,-2.330000000000005,-0.7399999999999997,59.83269230769243,50,20.590576923076906,10.038461538461538,20.400000000000038
,,0,2025-11-12T00:10:00Z,2025-11-12T07:22:00Z,2025-11-12T06:45:36Z,corso_IoT,ESP_LEOPIZZI,Lecce,Stanza,-0.5600000000000008,-0.08000000000000006,1.7100000000000004,1.1899999999999984,-2.3300000000000054,-0.7399999999999997,59.80000000000011,50,20.62447619047617,11.885714285714286,20.400000000000038
,,0,2025-11-12T00:10:00Z,2025-11-12T07:22:00Z,2025-11-12T06:46:48Z,corso_IoT,ESP_LEOPIZZI,Lecce,Stanza,-0.5600000000000007,-0.08000000000000006,1.7100000000000002,1.1899999999999984,-2.330000000000005,-0.7399999999999998,59.80000000000011,50,20.60811881188117,10.237623762376238,20.361386138613856
,,0,2025-11-12T00:10:00Z,2025-11-12T07:22:00Z,2025-11-12T06:48:00Z,corso_IoT,ESP_LEOPIZZI,Lecce,Stanza,-0.5600000000000007,-0.08000000000000006,1.7100000000000002,1.1899999999999984,-2.330000000000005,-0.7399999999999998,59.80000000000011,50,20.77303921568625,12.372549019607844,20.308823529411733
,,0,2025-11-12T00:10:00Z,2025-11-12T07:22:00Z,2025-11-12T06:49:12Z,corso_IoT,ESP_LEOPIZZI,Lecce,Stanza,-0.5600000000000007,-0.08000000000000006,1.7100000000000002,1.1899999999999984,-2.330000000000005,-0.7399999999999998,59.88118811881181,50,20.756039603960367,11.05940594059406,20.294059405940565
,,0,2025-11-12T00:10:00Z,2025-11-12T07:22:00Z,2025-11-12T06:50:24Z,corso_IoT,ESP_LEOPIZZI,Lecce,Stanza,-0.5600000000000007,-0.08000000000000006,1.7100000000000002,1.1899999999999984,-2.330000000000005,-0.7399999999999998,60.00490196078437,50,20.81401960784311,10.911764705882353,20.28137254901959
,,0,2025-11-12T00:10:00Z,2025-11-12T07:22:00Z,2025-11-12T06:51:36Z,corso_IoT,ESP_LEOPIZZI,Lecce,Stanza,-0.5600000000000007,-0.08000000000000006,1.7100000000000002,1.1899999999999984,-2.330000000000005,-0.7399999999999998,60.032673267326736,50,21.420495049504957,11.930693069306932,20.269306930693062
,,0,2025-11-12T00:10:00Z,2025-11-12T07:22:00Z,2025-11-12T06:52:48Z,corso_IoT,ESP_LEOPIZZI,Lecce,Stanza,-0.5600000000000008,-0.08000000000000006,1.7100000000000004,1.1899999999999984,-2.3300000000000054,-0.7399999999999997,60.15523809523799,50,21.6054285714286,11.142857142857142,20.232380952380968
,,0,2025-11-12T00:10:00Z,2025-11-12T07:22:00Z,2025-11-12T06:54:00Z,corso_IoT,ESP_LEOPIZZI,Lecce,Stanza,-0.5600000000000008,-0.08000000000000006,1.7100000000000006,1.1899999999999986,-2.3300000000000054,-0.7399999999999994,60.21018518518507,50,22.315555555555562,10.685185185185185,20.28055555555554
,,0,2025-11-12T00:10:00Z,2025-11-12T07:22:00Z,2025-11-12T06:55:12Z,corso_IoT,ESP_LEOPIZZI,Lecce,Stanza,-0.5600000000000006,-0.08000000000000006,1.7099999999999995,1.1899999999999984,-2.3300000000000045,-0.7400000000000001,60.199999999999896,50,22.421368421052634,11.91578947368421,20.336842105263177
,,0,2025-11-12T00:10:00Z,2025-11-12T07:22:00Z,2025-11-12T06:56:24Z,corso_IoT,ESP_LEOPIZZI,Lecce,Stanza,-0.5600000000000006,-0.08000000000000006,1.7099999999999995,1.1899999999999984,-2.3300000000000045,-0.7400000000000002,60.192553191489296,50,22.89734042553189,10.829787234042554,20.400000000000034
,,0,2025-11-12T00:10:00Z,2025-11-12T07:22:00Z,2025-11-12T06:57:36Z,corso_IoT,ESP_LEOPIZZI,Lecce,Stanza,-0.5600000000000008,-0.08000000000000006,1.7100000000000004,1.1899999999999984,-2.3300000000000054,-0.7399999999999995,60.10000000000009,50,23.10292452830186,10.858490566037736,20.40000000000004
,,0,2025-11-12T00:10:00Z,2025-11-12T07:22:00Z,2025-11-12T06:58:48Z,corso_IoT,ESP_LEOPIZZI,Lecce,Stanza,-0.5600000000000008,-0.08000000000000006,1.7100000000000006,1.1899999999999986,-2.3300000000000054,-0.7399999999999994,60.08611111111116,50,23.757777777777804,11.037037037037036,20.40000000000004
,,0,2025-11-12T00:10:00Z,2025-11-12T07:22:00Z,2025-11-12T07:00:00Z,corso_IoT,ESP_LEOPIZZI,Lecce,Stanza,-0.5600000000000008,-0.08000000000000006,1.7100000000000006,1.1899999999999986,-2.3300000000000054,-0.7399999999999994,60.05321100917443,50,24.077522935779854,11.779816513761467,20.40000000000004
,,0,2025-11-12T00:10:00Z,2025-11-12T07:22:00Z,2025-11-12T07:01:12Z,corso_IoT,ESP_LEOPIZZI,Lecce,Stanza,-0.4247663551401863,0.06831775700934586,1.0106542056074772,0.237196261682243,-0.3581308411214951,-0.19551401869158883,60.16448598130829,13.08411214953271,24.80607476635514,13.317757009345794,20.40000000000004
,,0,2025-11-12T00:10:00Z,2025-11-12T07:22:00Z,2025-11-12T07:02:24Z,corso_IoT,ESP_LEOPIZZI,Lecce,Stanza,-0.36980769230769217,0.11211538461538449,0.8634615384615387,-0.03086538461538461,-0.027500000000000004,-0.12865384615384617,60.10000000000009,0,25.462884615384574,10.875,20.400000000000038
,,0,2025-11-12T00:10:00Z,2025-11-12T07:22:00Z,2025-11-12T07:03:36Z,corso_IoT,ESP_LEOPIZZI,Lecce,Stanza,-0.44409523809523854,0.03942857142857145,1.1943809523809499,0.4526666666666665,-0.9039999999999995,-0.350190476190476,60.04761904761902,19.523809523809526,25.845999999999965,10.104761904761904,20.400000000000038
,,0,2025-11-12T00:10:00Z,2025-11-12T07:22:00Z,2025-11-12T07:04:48Z,corso_IoT,ESP_LEOPIZZI,Lecce,Stanza,-0.5600000000000007,-0.08000000000000006,1.71,1.1899999999999984,-2.330000000000005,-0.7399999999999999,60,50,26.443200000000015,11.07,20.400000000000038
,,0,2025-11-12T00:10:00Z,2025-11-12T07:22:00Z,2025-11-12T07:06:00Z,corso_IoT,ESP_LEOPIZZI,Lecce,Stanza,-0.5600000000000007,-0.08000000000000006,1.7100000000000002,1.1899999999999984,-2.330000000000005,-0.7399999999999998,60.01470588235299,50,26.823921568627476,12.029411764705882,20.377450980392165
,,0,2025-11-12T00:10:00Z,2025-11-12T07:22:00Z,2025-11-12T07:07:12Z,corso_IoT,ESP_LEOPIZZI,Lecce,Stanza,-0.5600000000000008,-0.08000000000000006,1.7100000000000006,1.1899999999999984,-2.3300000000000054,-0.7399999999999994,60,50,27.334000000000007,11.590909090909092,20.37000000000002
,,0,2025-11-12T00:10:00Z,2025-11-12T07:22:00Z,2025-11-12T07:08:24Z,corso_IoT,ESP_LEOPIZZI,Lecce,Stanza,-0.5600000000000008,-0.08000000000000006,1.7100000000000006,1.1899999999999986,-2.3300000000000054,-0.7399999999999994,60,50,27.338611111111117,11.63888888888889,20.299999999999983
,,0,2025-11-12T00:10:00Z,2025-11-12T07:22:00Z,2025-11-12T07:09:36Z,corso_IoT,ESP_LEOPIZZI,Lecce,Stanza,-0.5600000000000008,-0.08000000000000006,1.7100000000000004,1.1899999999999984,-2.3300000000000054,-0.7399999999999995,60.08018867924536,50,27.52349056603773,11.10377358490566,20.294339622641488
,,0,2025-11-12T00:10:00Z,2025-11-12T07:22:00Z,2025-11-12T07:10:48Z,corso_IoT,ESP_LEOPIZZI,Lecce,Stanza,-0.6036956521739126,0.03728260869565217,1.3966304347826073,0.7405434782608691,-1.5140217391304347,-0.5132608695652175,60.178260869565214,50,26.12065217391302,18.97826086956522,20.258695652173916
,,0,2025-11-12T00:10:00Z,2025-11-12T07:22:00Z,2025-11-12T07:12:00Z,corso_IoT,ESP_LEOPIZZI,Lecce,Stanza,-0.6911827956989245,0.2384946236559137,0.8918279569892481,-0.03548387096774193,0.029569892473118274,-0.11516129032258067,60.27096774193561,50,22.749892473118283,10.236559139784946,20.291397849462335
,,0,2025-11-12T00:10:00Z,2025-11-12T07:22:00Z,2025-11-12T07:13:12Z,corso_IoT,ESP_LEOPIZZI,Lecce,Stanza,-0.6986734693877561,0.24061224489795888,0.8932653061224495,-0.03918367346938773,0.09275510204081634,-0.11928571428571429,60.27244897959184,50,22.5,13.989795918367347,20.33673469387757
,,0,2025-11-12T00:10:00Z,2025-11-12T07:22:00Z,2025-11-12T07:14:24Z,corso_IoT,ESP_LEOPIZZI,Lecce,Stanza,-0.6997169811320768,0.24245283018867886,0.8951886792452841,0.011037735849056603,0.08943396226415097,-0.10632075471698113,60.180188679245276,50,22.38254716981132,10.283018867924529,20.40000000000004
,,0,2025-11-12T00:10:00Z,2025-11-12T07:22:00Z,2025-11-12T07:15:36Z,corso_IoT,ESP_LEOPIZZI,Lecce,Stanza,-0.7006481481481494,0.24629629629629607,0.8962962962962975,0.004629629629629629,0.0442592592592593,-0.13379629629629625,60.100000000000094,50,21.792962962962996,11.75925925925926,20.32870370370368
,,0,2025-11-12T00:10:00Z,2025-11-12T07:22:00Z,2025-11-12T07:16:48Z,corso_IoT,ESP_LEOPIZZI,Lecce,Stanza,-0.70138888888889,0.24740740740740724,0.8969444444444453,0.006851851851851853,0.0585185185185185,-0.11388888888888887,60.10092592592601,50,21.351111111111095,11.314814814814815,20.299999999999983
,,0,2025-11-12T00:10:00Z,2025-11-12T07:22:00Z,2025-11-12T07:18:00Z,corso_IoT,ESP_LEOPIZZI,Lecce,Stanza,-0.7028440366972484,0.24733944954128428,0.8967889908256891,0.007064220183486239,0.025688073394495404,-0.1275229357798165,60.19357798165126,50,20.586330275229347,9.394495412844037,20.299999999999986
,,0,2025-11-12T00:10:00Z,2025-11-12T07:22:00Z,2025-11-12T07:19:12Z,corso_IoT,ESP_LEOPIZZI,Lecce,Stanza,-0.6500943396226427,0.12471698113207555,1.2042452830188652,0.4335849056603772,-0.8681132075471694,-0.3525471698113206,60.19999999999989,50,19.718113207547194,11.320754716981131,20.302830188679227
,,0,2025-11-12T00:10:00Z,2025-11-12T07:22:00Z,2025-11-12T07:20:24Z,corso_IoT,ESP_LEOPIZZI,Lecce,Stanza,-0.5600000000000008,-0.08000000000000006,1.7100000000000004,1.1899999999999984,-2.3300000000000054,-0.7399999999999995,60.201886792452726,50,18.963962264150943,10.60377358490566,20.29999999999998
,,0,2025-11-12T00:10:00Z,2025-11-12T07:22:00Z,2025-11-12T07:21:36Z,corso_IoT,ESP_LEOPIZZI,Lecce,Stanza,-0.5600000000000008,-0.08000000000000006,1.7100000000000004,1.1899999999999984,-2.3300000000000054,-0.7399999999999995,60.21698113207537,50,18.315283018867902,10.20754716981132,20.29999999999998
,,0,2025-11-12T00:10:00Z,2025-11-12T07:22:00Z,2025-11-12T07:22:00Z,corso_IoT,ESP_LEOPIZZI,Lecce,Stanza,-0.56,-0.08000000000000003,1.7100000000000006,1.1899999999999997,-2.3299999999999987,-0.7399999999999994,60.217647058823545,50,18.281176470588235,12.029411764705882,20.299999999999994

